country_code,country_name,year,infant_mortality,life_expectancy,literacy_rate,school_enrollment,population,income_group,disbursements_constant_usd,Total ODA,Total Population,ODA per Capita,Literacy (Lag 1),Literacy (Lag 2),Literacy (Lag 3),Group Mean Enrollment,Group SD Enrollment,Z Enrollment,Group Mean IMR,Group SD IMR,Z IMR,Group Mean LifeExp,Group SD LifeExp,Z LifeExp,Group Mean Literacy,Group SD Literacy,Z Literacy,Mismatch Flag,Latest Year,Latest ODA,Latest Population,Latest Life Expectancy,Latest Infant Mortality,Latest Enrollment,Latest Literacy,Avg Enrollment,Avg Infant Mortality,Avg Life Expectancy,Avg Literacy
BGD,Bangladesh,2000,59.8,62.049,,48.71913147,134544304.0,Lower middle income,,,134544304.0,,,,,48.71913147,,,74.44999999999999,20.718228688765844,-0.707106781186547,61.976,0.1032375900532365,0.7071067811865475,,,,Normal,2023,,171466990.0,74.672,24.4,71.49470683,,58.7628162375,37.9375,68.41125,67.457950115
BGD,Bangladesh,2000,59.8,62.049,,48.71913147,134544304.0,Lower middle income,,,134544304.0,,,,,48.71913147,,,74.44999999999999,20.718228688765844,-0.707106781186547,61.976,0.1032375900532365,0.7071067811865475,,,,Normal,2023,,171466990.0,74.672,24.4,71.49470683,,58.7628162375,37.9375,68.41125,67.457950115
BGD,Bangladesh,2000,59.8,62.049,,48.71913147,134544304.0,Lower middle income,,,134544304.0,,,,,48.71913147,,,74.44999999999999,20.718228688765844,-0.707106781186547,61.976,0.1032375900532365,0.7071067811865475,,,,Normal,2023,,171466990.0,74.672,24.4,71.49470683,,58.7628162375,37.9375,68.41125,67.457950115
BGD,Bangladesh,2000,59.8,62.049,,48.71913147,134544304.0,Lower middle income,,,134544304.0,,,,,48.71913147,,,74.44999999999999,20.718228688765844,-0.707106781186547,61.976,0.1032375900532365,0.7071067811865475,,,,Normal,2023,,171466990.0,74.672,24.4,71.49470683,,58.7628162375,37.9375,68.41125,67.457950115
BGD,Bangladesh,2000,59.8,62.049,,48.71913147,134544304.0,Lower middle income,,,134544304.0,,,,,48.71913147,,,74.44999999999999,20.718228688765844,-0.707106781186547,61.976,0.1032375900532365,0.7071067811865475,,,,Normal,2023,,171466990.0,74.672,24.4,71.49470683,,58.7628162375,37.9375,68.41125,67.457950115
BGD,Bangladesh,2000,59.8,62.049,,48.71913147,134544304.0,Lower middle income,,,134544304.0,,,,,48.71913147,,,74.44999999999999,20.718228688765844,-0.707106781186547,61.976,0.1032375900532365,0.7071067811865475,,,,Normal,2023,,171466990.0,74.672,24.4,71.49470683,,58.7628162375,37.9375,68.41125,67.457950115
BGD,Bangladesh,2000,59.8,62.049,,48.71913147,134544304.0,Lower middle income,,,134544304.0,,,,,48.71913147,,,74.44999999999999,20.718228688765844,-0.707106781186547,61.976,0.1032375900532365,0.7071067811865475,,,,Normal,2023,,171466990.0,74.672,24.4,71.49470683,,58.7628162375,37.9375,68.41125,67.457950115
BGD,Bangladesh,2000,59.8,62.049,,48.71913147,134544304.0,Lower middle income,,,134544304.0,,,,,48.71913147,,,74.44999999999999,20.718228688765844,-0.707106781186547,61.976,0.1032375900532365,0.7071067811865475,,,,Normal,2023,,171466990.0,74.672,24.4,71.49470683,,58.7628162375,37.9375,68.41125,67.457950115
BGD,Bangladesh,2000,59.8,62.049,,48.71913147,134544304.0,Lower middle income,,,134544304.0,,,,,48.71913147,,,74.44999999999999,20.718228688765844,-0.707106781186547,61.976,0.1032375900532365,0.7071067811865475,,,,Normal,2023,,171466990.0,74.672,24.4,71.49470683,,58.7628162375,37.9375,68.41125,67.457950115
BGD,Bangladesh,2000,59.8,62.049,,48.71913147,134544304.0,Lower middle income,,,134544304.0,,,,,48.71913147,,,74.44999999999999,20.718228688765844,-0.707106781186547,61.976,0.1032375900532365,0.7071067811865475,,,,Normal,2023,,171466990.0,74.672,24.4,71.49470683,,58.7628162375,37.9375,68.41125,67.457950115
BGD,Bangladesh,2000,59.8,62.049,,48.71913147,134544304.0,Lower middle income,,,134544304.0,,,,,48.71913147,,,74.44999999999999,20.718228688765844,-0.707106781186547,61.976,0.1032375900532365,0.7071067811865475,,,,Normal,2023,,171466990.0,74.672,24.4,71.49470683,,58.7628162375,37.9375,68.41125,67.457950115
BGD,Bangladesh,2000,59.8,62.049,,48.71913147,134544304.0,Lower middle income,,,134544304.0,,,,,48.71913147,,,74.44999999999999,20.718228688765844,-0.707106781186547,61.976,0.1032375900532365,0.7071067811865475,,,,Normal,2023,,171466990.0,74.672,24.4,71.49470683,,58.7628162375,37.9375,68.41125,67.457950115
BGD,Bangladesh,2000,59.8,62.049,,48.71913147,134544304.0,Lower middle income,,,134544304.0,,,,,48.71913147,,,74.44999999999999,20.718228688765844,-0.707106781186547,61.976,0.1032375900532365,0.7071067811865475,,,,Normal,2023,,171466990.0,74.672,24.4,71.49470683,,58.7628162375,37.9375,68.41125,67.457950115
BGD,Bangladesh,2000,59.8,62.049,,48.71913147,134544304.0,Lower middle income,,,134544304.0,,,,,48.71913147,,,74.44999999999999,20.718228688765844,-0.707106781186547,61.976,0.1032375900532365,0.7071067811865475,,,,Normal,2023,,171466990.0,74.672,24.4,71.49470683,,58.7628162375,37.9375,68.41125,67.457950115
BGD,Bangladesh,2000,59.8,62.049,,48.71913147,134544304.0,Lower middle income,,,134544304.0,,,,,48.71913147,,,74.44999999999999,20.718228688765844,-0.707106781186547,61.976,0.1032375900532365,0.7071067811865475,,,,Normal,2023,,171466990.0,74.672,24.4,71.49470683,,58.7628162375,37.9375,68.41125,67.457950115
BGD,Bangladesh,2000,59.8,62.049,,48.71913147,134544304.0,Lower middle income,,,134544304.0,,,,,48.71913147,,,74.44999999999999,20.718228688765844,-0.707106781186547,61.976,0.1032375900532365,0.7071067811865475,,,,Normal,2023,,171466990.0,74.672,24.4,71.49470683,,58.7628162375,37.9375,68.41125,67.457950115
BGD,Bangladesh,2001,56.6,62.836,47.0,50.31414032,136805810.0,Lower middle income,,,136805810.0,,,,,50.31414032,,,71.8,21.496046148071045,-0.7071067811865474,62.5385,0.420728534805995,0.7071067811865475,47.0,,,Normal,2023,,171466990.0,74.672,24.4,71.49470683,,58.7628162375,37.9375,68.41125,67.457950115
BGD,Bangladesh,2001,56.6,62.836,47.0,50.31414032,136805810.0,Lower middle income,,,136805810.0,,,,,50.31414032,,,71.8,21.496046148071045,-0.7071067811865474,62.5385,0.420728534805995,0.7071067811865475,47.0,,,Normal,2023,,171466990.0,74.672,24.4,71.49470683,,58.7628162375,37.9375,68.41125,67.457950115
BGD,Bangladesh,2001,56.6,62.836,47.0,50.31414032,136805810.0,Lower middle income,,,136805810.0,,,,,50.31414032,,,71.8,21.496046148071045,-0.7071067811865474,62.5385,0.420728534805995,0.7071067811865475,47.0,,,Normal,2023,,171466990.0,74.672,24.4,71.49470683,,58.7628162375,37.9375,68.41125,67.457950115
BGD,Bangladesh,2001,56.6,62.836,47.0,50.31414032,136805810.0,Lower middle income,,,136805810.0,,,,,50.31414032,,,71.8,21.496046148071045,-0.7071067811865474,62.5385,0.420728534805995,0.7071067811865475,47.0,,,Normal,2023,,171466990.0,74.672,24.4,71.49470683,,58.7628162375,37.9375,68.41125,67.457950115
BGD,Bangladesh,2001,56.6,62.836,47.0,50.31414032,136805810.0,Lower middle income,,,136805810.0,,,,,50.31414032,,,71.8,21.496046148071045,-0.7071067811865474,62.5385,0.420728534805995,0.7071067811865475,47.0,,,Normal,2023,,171466990.0,74.672,24.4,71.49470683,,58.7628162375,37.9375,68.41125,67.457950115
BGD,Bangladesh,2001,56.6,62.836,47.0,50.31414032,136805810.0,Lower middle income,,,136805810.0,,,,,50.31414032,,,71.8,21.496046148071045,-0.7071067811865474,62.5385,0.420728534805995,0.7071067811865475,47.0,,,Normal,2023,,171466990.0,74.672,24.4,71.49470683,,58.7628162375,37.9375,68.41125,67.457950115
BGD,Bangladesh,2001,56.6,62.836,47.0,50.31414032,136805810.0,Lower middle income,,,136805810.0,,,,,50.31414032,,,71.8,21.496046148071045,-0.7071067811865474,62.5385,0.420728534805995,0.7071067811865475,47.0,,,Normal,2023,,171466990.0,74.672,24.4,71.49470683,,58.7628162375,37.9375,68.41125,67.457950115
BGD,Bangladesh,2001,56.6,62.836,47.0,50.31414032,136805810.0,Lower middle income,,,136805810.0,,,,,50.31414032,,,71.8,21.496046148071045,-0.7071067811865474,62.5385,0.420728534805995,0.7071067811865475,47.0,,,Normal,2023,,171466990.0,74.672,24.4,71.49470683,,58.7628162375,37.9375,68.41125,67.457950115
BGD,Bangladesh,2001,56.6,62.836,47.0,50.31414032,136805810.0,Lower middle income,,,136805810.0,,,,,50.31414032,,,71.8,21.496046148071045,-0.7071067811865474,62.5385,0.420728534805995,0.7071067811865475,47.0,,,Normal,2023,,171466990.0,74.672,24.4,71.49470683,,58.7628162375,37.9375,68.41125,67.457950115
BGD,Bangladesh,2001,56.6,62.836,47.0,50.31414032,136805810.0,Lower middle income,,,136805810.0,,,,,50.31414032,,,71.8,21.496046148071045,-0.7071067811865474,62.5385,0.420728534805995,0.7071067811865475,47.0,,,Normal,2023,,171466990.0,74.672,24.4,71.49470683,,58.7628162375,37.9375,68.41125,67.457950115
BGD,Bangladesh,2001,56.6,62.836,47.0,50.31414032,136805810.0,Lower middle income,,,136805810.0,,,,,50.31414032,,,71.8,21.496046148071045,-0.7071067811865474,62.5385,0.420728534805995,0.7071067811865475,47.0,,,Normal,2023,,171466990.0,74.672,24.4,71.49470683,,58.7628162375,37.9375,68.41125,67.457950115
BGD,Bangladesh,2001,56.6,62.836,47.0,50.31414032,136805810.0,Lower middle income,,,136805810.0,,,,,50.31414032,,,71.8,21.496046148071045,-0.7071067811865474,62.5385,0.420728534805995,0.7071067811865475,47.0,,,Normal,2023,,171466990.0,74.672,24.4,71.49470683,,58.7628162375,37.9375,68.41125,67.457950115
BGD,Bangladesh,2001,56.6,62.836,47.0,50.31414032,136805810.0,Lower middle income,,,136805810.0,,,,,50.31414032,,,71.8,21.496046148071045,-0.7071067811865474,62.5385,0.420728534805995,0.7071067811865475,47.0,,,Normal,2023,,171466990.0,74.672,24.4,71.49470683,,58.7628162375,37.9375,68.41125,67.457950115
BGD,Bangladesh,2001,56.6,62.836,47.0,50.31414032,136805810.0,Lower middle income,,,136805810.0,,,,,50.31414032,,,71.8,21.496046148071045,-0.7071067811865474,62.5385,0.420728534805995,0.7071067811865475,47.0,,,Normal,2023,,171466990.0,74.672,24.4,71.49470683,,58.7628162375,37.9375,68.41125,67.457950115
BGD,Bangladesh,2001,56.6,62.836,47.0,50.31414032,136805810.0,Lower middle income,,,136805810.0,,,,,50.31414032,,,71.8,21.496046148071045,-0.7071067811865474,62.5385,0.420728534805995,0.7071067811865475,47.0,,,Normal,2023,,171466990.0,74.672,24.4,71.49470683,,58.7628162375,37.9375,68.41125,67.457950115
BGD,Bangladesh,2001,56.6,62.836,47.0,50.31414032,136805810.0,Lower middle income,,,136805810.0,,,,,50.31414032,,,71.8,21.496046148071045,-0.7071067811865474,62.5385,0.420728534805995,0.7071067811865475,47.0,,,Normal,2023,,171466990.0,74.672,24.4,71.49470683,,58.7628162375,37.9375,68.41125,67.457950115
BGD,Bangladesh,2002,53.6,63.591,,51.41809845,138933658.0,Lower middle income,,,138933658.0,,47.0,,,51.41809845,,,69.3,22.203152929257595,-0.7071067811865472,63.073499999999996,0.7318555185280768,0.7071067811865548,,,,Normal,2023,,171466990.0,74.672,24.4,71.49470683,,58.7628162375,37.9375,68.41125,67.457950115
BGD,Bangladesh,2002,53.6,63.591,,51.41809845,138933658.0,Lower middle income,,,138933658.0,,47.0,,,51.41809845,,,69.3,22.203152929257595,-0.7071067811865472,63.073499999999996,0.7318555185280768,0.7071067811865548,,,,Normal,2023,,171466990.0,74.672,24.4,71.49470683,,58.7628162375,37.9375,68.41125,67.457950115
BGD,Bangladesh,2002,53.6,63.591,,51.41809845,138933658.0,Lower middle income,,,138933658.0,,47.0,,,51.41809845,,,69.3,22.203152929257595,-0.7071067811865472,63.073499999999996,0.7318555185280768,0.7071067811865548,,,,Normal,2023,,171466990.0,74.672,24.4,71.49470683,,58.7628162375,37.9375,68.41125,67.457950115
BGD,Bangladesh,2002,53.6,63.591,,51.41809845,138933658.0,Lower middle income,,,138933658.0,,47.0,,,51.41809845,,,69.3,22.203152929257595,-0.7071067811865472,63.073499999999996,0.7318555185280768,0.7071067811865548,,,,Normal,2023,,171466990.0,74.672,24.4,71.49470683,,58.7628162375,37.9375,68.41125,67.457950115
BGD,Bangladesh,2002,53.6,63.591,,51.41809845,138933658.0,Lower middle income,,,138933658.0,,47.0,,,51.41809845,,,69.3,22.203152929257595,-0.7071067811865472,63.073499999999996,0.7318555185280768,0.7071067811865548,,,,Normal,2023,,171466990.0,74.672,24.4,71.49470683,,58.7628162375,37.9375,68.41125,67.457950115
BGD,Bangladesh,2002,53.6,63.591,,51.41809845,138933658.0,Lower middle income,,,138933658.0,,47.0,,,51.41809845,,,69.3,22.203152929257595,-0.7071067811865472,63.073499999999996,0.7318555185280768,0.7071067811865548,,,,Normal,2023,,171466990.0,74.672,24.4,71.49470683,,58.7628162375,37.9375,68.41125,67.457950115
BGD,Bangladesh,2002,53.6,63.591,,51.41809845,138933658.0,Lower middle income,,,138933658.0,,47.0,,,51.41809845,,,69.3,22.203152929257595,-0.7071067811865472,63.073499999999996,0.7318555185280768,0.7071067811865548,,,,Normal,2023,,171466990.0,74.672,24.4,71.49470683,,58.7628162375,37.9375,68.41125,67.457950115
BGD,Bangladesh,2002,53.6,63.591,,51.41809845,138933658.0,Lower middle income,,,138933658.0,,47.0,,,51.41809845,,,69.3,22.203152929257595,-0.7071067811865472,63.073499999999996,0.7318555185280768,0.7071067811865548,,,,Normal,2023,,171466990.0,74.672,24.4,71.49470683,,58.7628162375,37.9375,68.41125,67.457950115
BGD,Bangladesh,2002,53.6,63.591,,51.41809845,138933658.0,Lower middle income,,,138933658.0,,47.0,,,51.41809845,,,69.3,22.203152929257595,-0.7071067811865472,63.073499999999996,0.7318555185280768,0.7071067811865548,,,,Normal,2023,,171466990.0,74.672,24.4,71.49470683,,58.7628162375,37.9375,68.41125,67.457950115
BGD,Bangladesh,2002,53.6,63.591,,51.41809845,138933658.0,Lower middle income,,,138933658.0,,47.0,,,51.41809845,,,69.3,22.203152929257595,-0.7071067811865472,63.073499999999996,0.7318555185280768,0.7071067811865548,,,,Normal,2023,,171466990.0,74.672,24.4,71.49470683,,58.7628162375,37.9375,68.41125,67.457950115
BGD,Bangladesh,2002,53.6,63.591,,51.41809845,138933658.0,Lower middle income,,,138933658.0,,47.0,,,51.41809845,,,69.3,22.203152929257595,-0.7071067811865472,63.073499999999996,0.7318555185280768,0.7071067811865548,,,,Normal,2023,,171466990.0,74.672,24.4,71.49470683,,58.7628162375,37.9375,68.41125,67.457950115
BGD,Bangladesh,2002,53.6,63.591,,51.41809845,138933658.0,Lower middle income,,,138933658.0,,47.0,,,51.41809845,,,69.3,22.203152929257595,-0.7071067811865472,63.073499999999996,0.7318555185280768,0.7071067811865548,,,,Normal,2023,,171466990.0,74.672,24.4,71.49470683,,58.7628162375,37.9375,68.41125,67.457950115
BGD,Bangladesh,2002,53.6,63.591,,51.41809845,138933658.0,Lower middle income,,,138933658.0,,47.0,,,51.41809845,,,69.3,22.203152929257595,-0.7071067811865472,63.073499999999996,0.7318555185280768,0.7071067811865548,,,,Normal,2023,,171466990.0,74.672,24.4,71.49470683,,58.7628162375,37.9375,68.41125,67.457950115
BGD,Bangladesh,2002,53.6,63.591,,51.41809845,138933658.0,Lower middle income,,,138933658.0,,47.0,,,51.41809845,,,69.3,22.203152929257595,-0.7071067811865472,63.073499999999996,0.7318555185280768,0.7071067811865548,,,,Normal,2023,,171466990.0,74.672,24.4,71.49470683,,58.7628162375,37.9375,68.41125,67.457950115
BGD,Bangladesh,2002,53.6,63.591,,51.41809845,138933658.0,Lower middle income,,,138933658.0,,47.0,,,51.41809845,,,69.3,22.203152929257595,-0.7071067811865472,63.073499999999996,0.7318555185280768,0.7071067811865548,,,,Normal,2023,,171466990.0,74.672,24.4,71.49470683,,58.7628162375,37.9375,68.41125,67.457950115
BGD,Bangladesh,2002,53.6,63.591,,51.41809845,138933658.0,Lower middle income,,,138933658.0,,47.0,,,51.41809845,,,69.3,22.203152929257595,-0.7071067811865472,63.073499999999996,0.7318555185280768,0.7071067811865548,,,,Normal,2023,,171466990.0,74.672,24.4,71.49470683,,58.7628162375,37.9375,68.41125,67.457950115
BGD,Bangladesh,2003,50.9,64.288,,51.25708008,140970351.0,Lower middle income,,,140970351.0,,,47.0,,35.58446026,22.16443150736138,0.7071067811865475,67.15,22.980970388562795,-0.7071067811865478,63.561,1.0281332598452355,0.7071067811865476,,,,Normal,2023,,171466990.0,74.672,24.4,71.49470683,,58.7628162375,37.9375,68.41125,67.457950115
BGD,Bangladesh,2003,50.9,64.288,,51.25708008,140970351.0,Lower middle income,,,140970351.0,,,47.0,,35.58446026,22.16443150736138,0.7071067811865475,67.15,22.980970388562795,-0.7071067811865478,63.561,1.0281332598452355,0.7071067811865476,,,,Normal,2023,,171466990.0,74.672,24.4,71.49470683,,58.7628162375,37.9375,68.41125,67.457950115
BGD,Bangladesh,2003,50.9,64.288,,51.25708008,140970351.0,Lower middle income,,,140970351.0,,,47.0,,35.58446026,22.16443150736138,0.7071067811865475,67.15,22.980970388562795,-0.7071067811865478,63.561,1.0281332598452355,0.7071067811865476,,,,Normal,2023,,171466990.0,74.672,24.4,71.49470683,,58.7628162375,37.9375,68.41125,67.457950115
BGD,Bangladesh,2003,50.9,64.288,,51.25708008,140970351.0,Lower middle income,,,140970351.0,,,47.0,,35.58446026,22.16443150736138,0.7071067811865475,67.15,22.980970388562795,-0.7071067811865478,63.561,1.0281332598452355,0.7071067811865476,,,,Normal,2023,,171466990.0,74.672,24.4,71.49470683,,58.7628162375,37.9375,68.41125,67.457950115
BGD,Bangladesh,2003,50.9,64.288,,51.25708008,140970351.0,Lower middle income,,,140970351.0,,,47.0,,35.58446026,22.16443150736138,0.7071067811865475,67.15,22.980970388562795,-0.7071067811865478,63.561,1.0281332598452355,0.7071067811865476,,,,Normal,2023,,171466990.0,74.672,24.4,71.49470683,,58.7628162375,37.9375,68.41125,67.457950115
BGD,Bangladesh,2003,50.9,64.288,,51.25708008,140970351.0,Lower middle income,,,140970351.0,,,47.0,,35.58446026,22.16443150736138,0.7071067811865475,67.15,22.980970388562795,-0.7071067811865478,63.561,1.0281332598452355,0.7071067811865476,,,,Normal,2023,,171466990.0,74.672,24.4,71.49470683,,58.7628162375,37.9375,68.41125,67.457950115
BGD,Bangladesh,2003,50.9,64.288,,51.25708008,140970351.0,Lower middle income,,,140970351.0,,,47.0,,35.58446026,22.16443150736138,0.7071067811865475,67.15,22.980970388562795,-0.7071067811865478,63.561,1.0281332598452355,0.7071067811865476,,,,Normal,2023,,171466990.0,74.672,24.4,71.49470683,,58.7628162375,37.9375,68.41125,67.457950115
BGD,Bangladesh,2003,50.9,64.288,,51.25708008,140970351.0,Lower middle income,,,140970351.0,,,47.0,,35.58446026,22.16443150736138,0.7071067811865475,67.15,22.980970388562795,-0.7071067811865478,63.561,1.0281332598452355,0.7071067811865476,,,,Normal,2023,,171466990.0,74.672,24.4,71.49470683,,58.7628162375,37.9375,68.41125,67.457950115
BGD,Bangladesh,2003,50.9,64.288,,51.25708008,140970351.0,Lower middle income,,,140970351.0,,,47.0,,35.58446026,22.16443150736138,0.7071067811865475,67.15,22.980970388562795,-0.7071067811865478,63.561,1.0281332598452355,0.7071067811865476,,,,Normal,2023,,171466990.0,74.672,24.4,71.49470683,,58.7628162375,37.9375,68.41125,67.457950115
BGD,Bangladesh,2003,50.9,64.288,,51.25708008,140970351.0,Lower middle income,,,140970351.0,,,47.0,,35.58446026,22.16443150736138,0.7071067811865475,67.15,22.980970388562795,-0.7071067811865478,63.561,1.0281332598452355,0.7071067811865476,,,,Normal,2023,,171466990.0,74.672,24.4,71.49470683,,58.7628162375,37.9375,68.41125,67.457950115
BGD,Bangladesh,2003,50.9,64.288,,51.25708008,140970351.0,Lower middle income,,,140970351.0,,,47.0,,35.58446026,22.16443150736138,0.7071067811865475,67.15,22.980970388562795,-0.7071067811865478,63.561,1.0281332598452355,0.7071067811865476,,,,Normal,2023,,171466990.0,74.672,24.4,71.49470683,,58.7628162375,37.9375,68.41125,67.457950115
BGD,Bangladesh,2003,50.9,64.288,,51.25708008,140970351.0,Lower middle income,,,140970351.0,,,47.0,,35.58446026,22.16443150736138,0.7071067811865475,67.15,22.980970388562795,-0.7071067811865478,63.561,1.0281332598452355,0.7071067811865476,,,,Normal,2023,,171466990.0,74.672,24.4,71.49470683,,58.7628162375,37.9375,68.41125,67.457950115
BGD,Bangladesh,2003,50.9,64.288,,51.25708008,140970351.0,Lower middle income,,,140970351.0,,,47.0,,35.58446026,22.16443150736138,0.7071067811865475,67.15,22.980970388562795,-0.7071067811865478,63.561,1.0281332598452355,0.7071067811865476,,,,Normal,2023,,171466990.0,74.672,24.4,71.49470683,,58.7628162375,37.9375,68.41125,67.457950115
BGD,Bangladesh,2003,50.9,64.288,,51.25708008,140970351.0,Lower middle income,,,140970351.0,,,47.0,,35.58446026,22.16443150736138,0.7071067811865475,67.15,22.980970388562795,-0.7071067811865478,63.561,1.0281332598452355,0.7071067811865476,,,,Normal,2023,,171466990.0,74.672,24.4,71.49470683,,58.7628162375,37.9375,68.41125,67.457950115
BGD,Bangladesh,2003,50.9,64.288,,51.25708008,140970351.0,Lower middle income,,,140970351.0,,,47.0,,35.58446026,22.16443150736138,0.7071067811865475,67.15,22.980970388562795,-0.7071067811865478,63.561,1.0281332598452355,0.7071067811865476,,,,Normal,2023,,171466990.0,74.672,24.4,71.49470683,,58.7628162375,37.9375,68.41125,67.457950115
BGD,Bangladesh,2003,50.9,64.288,,51.25708008,140970351.0,Lower middle income,,,140970351.0,,,47.0,,35.58446026,22.16443150736138,0.7071067811865475,67.15,22.980970388562795,-0.7071067811865478,63.561,1.0281332598452355,0.7071067811865476,,,,Normal,2023,,171466990.0,74.672,24.4,71.49470683,,58.7628162375,37.9375,68.41125,67.457950115
BGD,Bangladesh,2004,48.4,64.912,,47.86413956,142902856.0,Lower middle income,,,142902856.0,,,,47.0,34.88632965,18.353394784621955,0.7071067811865475,65.1,23.61736649163069,-0.7071067811865472,64.00450000000001,1.2833988078535896,0.7071067811865434,,,,Normal,2023,,171466990.0,74.672,24.4,71.49470683,,58.7628162375,37.9375,68.41125,67.457950115
BGD,Bangladesh,2004,48.4,64.912,,47.86413956,142902856.0,Lower middle income,,,142902856.0,,,,47.0,34.88632965,18.353394784621955,0.7071067811865475,65.1,23.61736649163069,-0.7071067811865472,64.00450000000001,1.2833988078535896,0.7071067811865434,,,,Normal,2023,,171466990.0,74.672,24.4,71.49470683,,58.7628162375,37.9375,68.41125,67.457950115
BGD,Bangladesh,2004,48.4,64.912,,47.86413956,142902856.0,Lower middle income,,,142902856.0,,,,47.0,34.88632965,18.353394784621955,0.7071067811865475,65.1,23.61736649163069,-0.7071067811865472,64.00450000000001,1.2833988078535896,0.7071067811865434,,,,Normal,2023,,171466990.0,74.672,24.4,71.49470683,,58.7628162375,37.9375,68.41125,67.457950115
BGD,Bangladesh,2004,48.4,64.912,,47.86413956,142902856.0,Lower middle income,,,142902856.0,,,,47.0,34.88632965,18.353394784621955,0.7071067811865475,65.1,23.61736649163069,-0.7071067811865472,64.00450000000001,1.2833988078535896,0.7071067811865434,,,,Normal,2023,,171466990.0,74.672,24.4,71.49470683,,58.7628162375,37.9375,68.41125,67.457950115
BGD,Bangladesh,2004,48.4,64.912,,47.86413956,142902856.0,Lower middle income,,,142902856.0,,,,47.0,34.88632965,18.353394784621955,0.7071067811865475,65.1,23.61736649163069,-0.7071067811865472,64.00450000000001,1.2833988078535896,0.7071067811865434,,,,Normal,2023,,171466990.0,74.672,24.4,71.49470683,,58.7628162375,37.9375,68.41125,67.457950115
BGD,Bangladesh,2004,48.4,64.912,,47.86413956,142902856.0,Lower middle income,,,142902856.0,,,,47.0,34.88632965,18.353394784621955,0.7071067811865475,65.1,23.61736649163069,-0.7071067811865472,64.00450000000001,1.2833988078535896,0.7071067811865434,,,,Normal,2023,,171466990.0,74.672,24.4,71.49470683,,58.7628162375,37.9375,68.41125,67.457950115
BGD,Bangladesh,2004,48.4,64.912,,47.86413956,142902856.0,Lower middle income,,,142902856.0,,,,47.0,34.88632965,18.353394784621955,0.7071067811865475,65.1,23.61736649163069,-0.7071067811865472,64.00450000000001,1.2833988078535896,0.7071067811865434,,,,Normal,2023,,171466990.0,74.672,24.4,71.49470683,,58.7628162375,37.9375,68.41125,67.457950115
BGD,Bangladesh,2004,48.4,64.912,,47.86413956,142902856.0,Lower middle income,,,142902856.0,,,,47.0,34.88632965,18.353394784621955,0.7071067811865475,65.1,23.61736649163069,-0.7071067811865472,64.00450000000001,1.2833988078535896,0.7071067811865434,,,,Normal,2023,,171466990.0,74.672,24.4,71.49470683,,58.7628162375,37.9375,68.41125,67.457950115
BGD,Bangladesh,2004,48.4,64.912,,47.86413956,142902856.0,Lower middle income,,,142902856.0,,,,47.0,34.88632965,18.353394784621955,0.7071067811865475,65.1,23.61736649163069,-0.7071067811865472,64.00450000000001,1.2833988078535896,0.7071067811865434,,,,Normal,2023,,171466990.0,74.672,24.4,71.49470683,,58.7628162375,37.9375,68.41125,67.457950115
BGD,Bangladesh,2004,48.4,64.912,,47.86413956,142902856.0,Lower middle income,,,142902856.0,,,,47.0,34.88632965,18.353394784621955,0.7071067811865475,65.1,23.61736649163069,-0.7071067811865472,64.00450000000001,1.2833988078535896,0.7071067811865434,,,,Normal,2023,,171466990.0,74.672,24.4,71.49470683,,58.7628162375,37.9375,68.41125,67.457950115
BGD,Bangladesh,2004,48.4,64.912,,47.86413956,142902856.0,Lower middle income,,,142902856.0,,,,47.0,34.88632965,18.353394784621955,0.7071067811865475,65.1,23.61736649163069,-0.7071067811865472,64.00450000000001,1.2833988078535896,0.7071067811865434,,,,Normal,2023,,171466990.0,74.672,24.4,71.49470683,,58.7628162375,37.9375,68.41125,67.457950115
BGD,Bangladesh,2004,48.4,64.912,,47.86413956,142902856.0,Lower middle income,,,142902856.0,,,,47.0,34.88632965,18.353394784621955,0.7071067811865475,65.1,23.61736649163069,-0.7071067811865472,64.00450000000001,1.2833988078535896,0.7071067811865434,,,,Normal,2023,,171466990.0,74.672,24.4,71.49470683,,58.7628162375,37.9375,68.41125,67.457950115
BGD,Bangladesh,2004,48.4,64.912,,47.86413956,142902856.0,Lower middle income,,,142902856.0,,,,47.0,34.88632965,18.353394784621955,0.7071067811865475,65.1,23.61736649163069,-0.7071067811865472,64.00450000000001,1.2833988078535896,0.7071067811865434,,,,Normal,2023,,171466990.0,74.672,24.4,71.49470683,,58.7628162375,37.9375,68.41125,67.457950115
BGD,Bangladesh,2004,48.4,64.912,,47.86413956,142902856.0,Lower middle income,,,142902856.0,,,,47.0,34.88632965,18.353394784621955,0.7071067811865475,65.1,23.61736649163069,-0.7071067811865472,64.00450000000001,1.2833988078535896,0.7071067811865434,,,,Normal,2023,,171466990.0,74.672,24.4,71.49470683,,58.7628162375,37.9375,68.41125,67.457950115
BGD,Bangladesh,2004,48.4,64.912,,47.86413956,142902856.0,Lower middle income,,,142902856.0,,,,47.0,34.88632965,18.353394784621955,0.7071067811865475,65.1,23.61736649163069,-0.7071067811865472,64.00450000000001,1.2833988078535896,0.7071067811865434,,,,Normal,2023,,171466990.0,74.672,24.4,71.49470683,,58.7628162375,37.9375,68.41125,67.457950115
BGD,Bangladesh,2004,48.4,64.912,,47.86413956,142902856.0,Lower middle income,,,142902856.0,,,,47.0,34.88632965,18.353394784621955,0.7071067811865475,65.1,23.61736649163069,-0.7071067811865472,64.00450000000001,1.2833988078535896,0.7071067811865434,,,,Normal,2023,,171466990.0,74.672,24.4,71.49470683,,58.7628162375,37.9375,68.41125,67.457950115
BGD,Bangladesh,2005,46.0,65.509,,46.60287857,144715786.0,Lower middle income,,,144715786.0,,,,,34.70757961,16.822493117714572,0.7071067811865475,63.2,24.32447327281724,-0.7071067811865475,63.9625,2.187081274209994,0.7071067811865476,50.0,,,Normal,2023,,171466990.0,74.672,24.4,71.49470683,,58.7628162375,37.9375,68.41125,67.457950115
BGD,Bangladesh,2005,46.0,65.509,,46.60287857,144715786.0,Lower middle income,,,144715786.0,,,,,34.70757961,16.822493117714572,0.7071067811865475,63.2,24.32447327281724,-0.7071067811865475,63.9625,2.187081274209994,0.7071067811865476,50.0,,,Normal,2023,,171466990.0,74.672,24.4,71.49470683,,58.7628162375,37.9375,68.41125,67.457950115
BGD,Bangladesh,2005,46.0,65.509,,46.60287857,144715786.0,Lower middle income,,,144715786.0,,,,,34.70757961,16.822493117714572,0.7071067811865475,63.2,24.32447327281724,-0.7071067811865475,63.9625,2.187081274209994,0.7071067811865476,50.0,,,Normal,2023,,171466990.0,74.672,24.4,71.49470683,,58.7628162375,37.9375,68.41125,67.457950115
BGD,Bangladesh,2005,46.0,65.509,,46.60287857,144715786.0,Lower middle income,,,144715786.0,,,,,34.70757961,16.822493117714572,0.7071067811865475,63.2,24.32447327281724,-0.7071067811865475,63.9625,2.187081274209994,0.7071067811865476,50.0,,,Normal,2023,,171466990.0,74.672,24.4,71.49470683,,58.7628162375,37.9375,68.41125,67.457950115
BGD,Bangladesh,2005,46.0,65.509,,46.60287857,144715786.0,Lower middle income,,,144715786.0,,,,,34.70757961,16.822493117714572,0.7071067811865475,63.2,24.32447327281724,-0.7071067811865475,63.9625,2.187081274209994,0.7071067811865476,50.0,,,Normal,2023,,171466990.0,74.672,24.4,71.49470683,,58.7628162375,37.9375,68.41125,67.457950115
BGD,Bangladesh,2005,46.0,65.509,,46.60287857,144715786.0,Lower middle income,,,144715786.0,,,,,34.70757961,16.822493117714572,0.7071067811865475,63.2,24.32447327281724,-0.7071067811865475,63.9625,2.187081274209994,0.7071067811865476,50.0,,,Normal,2023,,171466990.0,74.672,24.4,71.49470683,,58.7628162375,37.9375,68.41125,67.457950115
BGD,Bangladesh,2005,46.0,65.509,,46.60287857,144715786.0,Lower middle income,,,144715786.0,,,,,34.70757961,16.822493117714572,0.7071067811865475,63.2,24.32447327281724,-0.7071067811865475,63.9625,2.187081274209994,0.7071067811865476,50.0,,,Normal,2023,,171466990.0,74.672,24.4,71.49470683,,58.7628162375,37.9375,68.41125,67.457950115
BGD,Bangladesh,2005,46.0,65.509,,46.60287857,144715786.0,Lower middle income,,,144715786.0,,,,,34.70757961,16.822493117714572,0.7071067811865475,63.2,24.32447327281724,-0.7071067811865475,63.9625,2.187081274209994,0.7071067811865476,50.0,,,Normal,2023,,171466990.0,74.672,24.4,71.49470683,,58.7628162375,37.9375,68.41125,67.457950115
BGD,Bangladesh,2005,46.0,65.509,,46.60287857,144715786.0,Lower middle income,,,144715786.0,,,,,34.70757961,16.822493117714572,0.7071067811865475,63.2,24.32447327281724,-0.7071067811865475,63.9625,2.187081274209994,0.7071067811865476,50.0,,,Normal,2023,,171466990.0,74.672,24.4,71.49470683,,58.7628162375,37.9375,68.41125,67.457950115
BGD,Bangladesh,2005,46.0,65.509,,46.60287857,144715786.0,Lower middle income,,,144715786.0,,,,,34.70757961,16.822493117714572,0.7071067811865475,63.2,24.32447327281724,-0.7071067811865475,63.9625,2.187081274209994,0.7071067811865476,50.0,,,Normal,2023,,171466990.0,74.672,24.4,71.49470683,,58.7628162375,37.9375,68.41125,67.457950115
BGD,Bangladesh,2005,46.0,65.509,,46.60287857,144715786.0,Lower middle income,,,144715786.0,,,,,34.70757961,16.822493117714572,0.7071067811865475,63.2,24.32447327281724,-0.7071067811865475,63.9625,2.187081274209994,0.7071067811865476,50.0,,,Normal,2023,,171466990.0,74.672,24.4,71.49470683,,58.7628162375,37.9375,68.41125,67.457950115
BGD,Bangladesh,2005,46.0,65.509,,46.60287857,144715786.0,Lower middle income,,,144715786.0,,,,,34.70757961,16.822493117714572,0.7071067811865475,63.2,24.32447327281724,-0.7071067811865475,63.9625,2.187081274209994,0.7071067811865476,50.0,,,Normal,2023,,171466990.0,74.672,24.4,71.49470683,,58.7628162375,37.9375,68.41125,67.457950115
BGD,Bangladesh,2005,46.0,65.509,,46.60287857,144715786.0,Lower middle income,,,144715786.0,,,,,34.70757961,16.822493117714572,0.7071067811865475,63.2,24.32447327281724,-0.7071067811865475,63.9625,2.187081274209994,0.7071067811865476,50.0,,,Normal,2023,,171466990.0,74.672,24.4,71.49470683,,58.7628162375,37.9375,68.41125,67.457950115
BGD,Bangladesh,2005,46.0,65.509,,46.60287857,144715786.0,Lower middle income,,,144715786.0,,,,,34.70757961,16.822493117714572,0.7071067811865475,63.2,24.32447327281724,-0.7071067811865475,63.9625,2.187081274209994,0.7071067811865476,50.0,,,Normal,2023,,171466990.0,74.672,24.4,71.49470683,,58.7628162375,37.9375,68.41125,67.457950115
BGD,Bangladesh,2005,46.0,65.509,,46.60287857,144715786.0,Lower middle income,,,144715786.0,,,,,34.70757961,16.822493117714572,0.7071067811865475,63.2,24.32447327281724,-0.7071067811865475,63.9625,2.187081274209994,0.7071067811865476,50.0,,,Normal,2023,,171466990.0,74.672,24.4,71.49470683,,58.7628162375,37.9375,68.41125,67.457950115
BGD,Bangladesh,2005,46.0,65.509,,46.60287857,144715786.0,Lower middle income,,,144715786.0,,,,,34.70757961,16.822493117714572,0.7071067811865475,63.2,24.32447327281724,-0.7071067811865475,63.9625,2.187081274209994,0.7071067811865476,50.0,,,Normal,2023,,171466990.0,74.672,24.4,71.49470683,,58.7628162375,37.9375,68.41125,67.457950115
BGD,Bangladesh,2006,43.9,66.048,,47.08378983,146405973.0,Lower middle income,,,146405973.0,,,,,37.326734545,13.798559912871083,0.7071067811865476,61.45,24.819448019647815,-0.7071067811865478,64.836,1.7140268375961885,0.7071067811865506,54.0,,,Normal,2023,,171466990.0,74.672,24.4,71.49470683,,58.7628162375,37.9375,68.41125,67.457950115
BGD,Bangladesh,2006,43.9,66.048,,47.08378983,146405973.0,Lower middle income,,,146405973.0,,,,,37.326734545,13.798559912871083,0.7071067811865476,61.45,24.819448019647815,-0.7071067811865478,64.836,1.7140268375961885,0.7071067811865506,54.0,,,Normal,2023,,171466990.0,74.672,24.4,71.49470683,,58.7628162375,37.9375,68.41125,67.457950115
BGD,Bangladesh,2006,43.9,66.048,,47.08378983,146405973.0,Lower middle income,,,146405973.0,,,,,37.326734545,13.798559912871083,0.7071067811865476,61.45,24.819448019647815,-0.7071067811865478,64.836,1.7140268375961885,0.7071067811865506,54.0,,,Normal,2023,,171466990.0,74.672,24.4,71.49470683,,58.7628162375,37.9375,68.41125,67.457950115
BGD,Bangladesh,2006,43.9,66.048,,47.08378983,146405973.0,Lower middle income,,,146405973.0,,,,,37.326734545,13.798559912871083,0.7071067811865476,61.45,24.819448019647815,-0.7071067811865478,64.836,1.7140268375961885,0.7071067811865506,54.0,,,Normal,2023,,171466990.0,74.672,24.4,71.49470683,,58.7628162375,37.9375,68.41125,67.457950115
BGD,Bangladesh,2006,43.9,66.048,,47.08378983,146405973.0,Lower middle income,,,146405973.0,,,,,37.326734545,13.798559912871083,0.7071067811865476,61.45,24.819448019647815,-0.7071067811865478,64.836,1.7140268375961885,0.7071067811865506,54.0,,,Normal,2023,,171466990.0,74.672,24.4,71.49470683,,58.7628162375,37.9375,68.41125,67.457950115
BGD,Bangladesh,2006,43.9,66.048,,47.08378983,146405973.0,Lower middle income,,,146405973.0,,,,,37.326734545,13.798559912871083,0.7071067811865476,61.45,24.819448019647815,-0.7071067811865478,64.836,1.7140268375961885,0.7071067811865506,54.0,,,Normal,2023,,171466990.0,74.672,24.4,71.49470683,,58.7628162375,37.9375,68.41125,67.457950115
BGD,Bangladesh,2006,43.9,66.048,,47.08378983,146405973.0,Lower middle income,,,146405973.0,,,,,37.326734545,13.798559912871083,0.7071067811865476,61.45,24.819448019647815,-0.7071067811865478,64.836,1.7140268375961885,0.7071067811865506,54.0,,,Normal,2023,,171466990.0,74.672,24.4,71.49470683,,58.7628162375,37.9375,68.41125,67.457950115
BGD,Bangladesh,2006,43.9,66.048,,47.08378983,146405973.0,Lower middle income,,,146405973.0,,,,,37.326734545,13.798559912871083,0.7071067811865476,61.45,24.819448019647815,-0.7071067811865478,64.836,1.7140268375961885,0.7071067811865506,54.0,,,Normal,2023,,171466990.0,74.672,24.4,71.49470683,,58.7628162375,37.9375,68.41125,67.457950115
BGD,Bangladesh,2006,43.9,66.048,,47.08378983,146405973.0,Lower middle income,,,146405973.0,,,,,37.326734545,13.798559912871083,0.7071067811865476,61.45,24.819448019647815,-0.7071067811865478,64.836,1.7140268375961885,0.7071067811865506,54.0,,,Normal,2023,,171466990.0,74.672,24.4,71.49470683,,58.7628162375,37.9375,68.41125,67.457950115
BGD,Bangladesh,2006,43.9,66.048,,47.08378983,146405973.0,Lower middle income,,,146405973.0,,,,,37.326734545,13.798559912871083,0.7071067811865476,61.45,24.819448019647815,-0.7071067811865478,64.836,1.7140268375961885,0.7071067811865506,54.0,,,Normal,2023,,171466990.0,74.672,24.4,71.49470683,,58.7628162375,37.9375,68.41125,67.457950115
BGD,Bangladesh,2006,43.9,66.048,,47.08378983,146405973.0,Lower middle income,,,146405973.0,,,,,37.326734545,13.798559912871083,0.7071067811865476,61.45,24.819448019647815,-0.7071067811865478,64.836,1.7140268375961885,0.7071067811865506,54.0,,,Normal,2023,,171466990.0,74.672,24.4,71.49470683,,58.7628162375,37.9375,68.41125,67.457950115
BGD,Bangladesh,2006,43.9,66.048,,47.08378983,146405973.0,Lower middle income,,,146405973.0,,,,,37.326734545,13.798559912871083,0.7071067811865476,61.45,24.819448019647815,-0.7071067811865478,64.836,1.7140268375961885,0.7071067811865506,54.0,,,Normal,2023,,171466990.0,74.672,24.4,71.49470683,,58.7628162375,37.9375,68.41125,67.457950115
BGD,Bangladesh,2006,43.9,66.048,,47.08378983,146405973.0,Lower middle income,,,146405973.0,,,,,37.326734545,13.798559912871083,0.7071067811865476,61.45,24.819448019647815,-0.7071067811865478,64.836,1.7140268375961885,0.7071067811865506,54.0,,,Normal,2023,,171466990.0,74.672,24.4,71.49470683,,58.7628162375,37.9375,68.41125,67.457950115
BGD,Bangladesh,2006,43.9,66.048,,47.08378983,146405973.0,Lower middle income,,,146405973.0,,,,,37.326734545,13.798559912871083,0.7071067811865476,61.45,24.819448019647815,-0.7071067811865478,64.836,1.7140268375961885,0.7071067811865506,54.0,,,Normal,2023,,171466990.0,74.672,24.4,71.49470683,,58.7628162375,37.9375,68.41125,67.457950115
BGD,Bangladesh,2006,43.9,66.048,,47.08378983,146405973.0,Lower middle income,,,146405973.0,,,,,37.326734545,13.798559912871083,0.7071067811865476,61.45,24.819448019647815,-0.7071067811865478,64.836,1.7140268375961885,0.7071067811865506,54.0,,,Normal,2023,,171466990.0,74.672,24.4,71.49470683,,58.7628162375,37.9375,68.41125,67.457950115
BGD,Bangladesh,2006,43.9,66.048,,47.08378983,146405973.0,Lower middle income,,,146405973.0,,,,,37.326734545,13.798559912871083,0.7071067811865476,61.45,24.819448019647815,-0.7071067811865478,64.836,1.7140268375961885,0.7071067811865506,54.0,,,Normal,2023,,171466990.0,74.672,24.4,71.49470683,,58.7628162375,37.9375,68.41125,67.457950115
BGD,Bangladesh,2007,41.9,66.458,46.66360092,47.90071869,147989278.0,Lower middle income,,,147989278.0,,,,,38.689144135,13.027133666491906,0.7071067811865475,59.8,25.31442276647841,-0.7071067811865472,65.1325,1.8745400769255298,0.7071067811865532,49.33180046,3.773403976585656,-0.7071067811865461,Normal,2023,,171466990.0,74.672,24.4,71.49470683,,58.7628162375,37.9375,68.41125,67.457950115
BGD,Bangladesh,2007,41.9,66.458,46.66360092,47.90071869,147989278.0,Lower middle income,,,147989278.0,,,,,38.689144135,13.027133666491906,0.7071067811865475,59.8,25.31442276647841,-0.7071067811865472,65.1325,1.8745400769255298,0.7071067811865532,49.33180046,3.773403976585656,-0.7071067811865461,Normal,2023,,171466990.0,74.672,24.4,71.49470683,,58.7628162375,37.9375,68.41125,67.457950115
BGD,Bangladesh,2007,41.9,66.458,46.66360092,47.90071869,147989278.0,Lower middle income,,,147989278.0,,,,,38.689144135,13.027133666491906,0.7071067811865475,59.8,25.31442276647841,-0.7071067811865472,65.1325,1.8745400769255298,0.7071067811865532,49.33180046,3.773403976585656,-0.7071067811865461,Normal,2023,,171466990.0,74.672,24.4,71.49470683,,58.7628162375,37.9375,68.41125,67.457950115
BGD,Bangladesh,2007,41.9,66.458,46.66360092,47.90071869,147989278.0,Lower middle income,,,147989278.0,,,,,38.689144135,13.027133666491906,0.7071067811865475,59.8,25.31442276647841,-0.7071067811865472,65.1325,1.8745400769255298,0.7071067811865532,49.33180046,3.773403976585656,-0.7071067811865461,Normal,2023,,171466990.0,74.672,24.4,71.49470683,,58.7628162375,37.9375,68.41125,67.457950115
BGD,Bangladesh,2007,41.9,66.458,46.66360092,47.90071869,147989278.0,Lower middle income,,,147989278.0,,,,,38.689144135,13.027133666491906,0.7071067811865475,59.8,25.31442276647841,-0.7071067811865472,65.1325,1.8745400769255298,0.7071067811865532,49.33180046,3.773403976585656,-0.7071067811865461,Normal,2023,,171466990.0,74.672,24.4,71.49470683,,58.7628162375,37.9375,68.41125,67.457950115
BGD,Bangladesh,2007,41.9,66.458,46.66360092,47.90071869,147989278.0,Lower middle income,,,147989278.0,,,,,38.689144135,13.027133666491906,0.7071067811865475,59.8,25.31442276647841,-0.7071067811865472,65.1325,1.8745400769255298,0.7071067811865532,49.33180046,3.773403976585656,-0.7071067811865461,Normal,2023,,171466990.0,74.672,24.4,71.49470683,,58.7628162375,37.9375,68.41125,67.457950115
BGD,Bangladesh,2007,41.9,66.458,46.66360092,47.90071869,147989278.0,Lower middle income,,,147989278.0,,,,,38.689144135,13.027133666491906,0.7071067811865475,59.8,25.31442276647841,-0.7071067811865472,65.1325,1.8745400769255298,0.7071067811865532,49.33180046,3.773403976585656,-0.7071067811865461,Normal,2023,,171466990.0,74.672,24.4,71.49470683,,58.7628162375,37.9375,68.41125,67.457950115
BGD,Bangladesh,2007,41.9,66.458,46.66360092,47.90071869,147989278.0,Lower middle income,,,147989278.0,,,,,38.689144135,13.027133666491906,0.7071067811865475,59.8,25.31442276647841,-0.7071067811865472,65.1325,1.8745400769255298,0.7071067811865532,49.33180046,3.773403976585656,-0.7071067811865461,Normal,2023,,171466990.0,74.672,24.4,71.49470683,,58.7628162375,37.9375,68.41125,67.457950115
BGD,Bangladesh,2007,41.9,66.458,46.66360092,47.90071869,147989278.0,Lower middle income,,,147989278.0,,,,,38.689144135,13.027133666491906,0.7071067811865475,59.8,25.31442276647841,-0.7071067811865472,65.1325,1.8745400769255298,0.7071067811865532,49.33180046,3.773403976585656,-0.7071067811865461,Normal,2023,,171466990.0,74.672,24.4,71.49470683,,58.7628162375,37.9375,68.41125,67.457950115
BGD,Bangladesh,2007,41.9,66.458,46.66360092,47.90071869,147989278.0,Lower middle income,,,147989278.0,,,,,38.689144135,13.027133666491906,0.7071067811865475,59.8,25.31442276647841,-0.7071067811865472,65.1325,1.8745400769255298,0.7071067811865532,49.33180046,3.773403976585656,-0.7071067811865461,Normal,2023,,171466990.0,74.672,24.4,71.49470683,,58.7628162375,37.9375,68.41125,67.457950115
BGD,Bangladesh,2007,41.9,66.458,46.66360092,47.90071869,147989278.0,Lower middle income,,,147989278.0,,,,,38.689144135,13.027133666491906,0.7071067811865475,59.8,25.31442276647841,-0.7071067811865472,65.1325,1.8745400769255298,0.7071067811865532,49.33180046,3.773403976585656,-0.7071067811865461,Normal,2023,,171466990.0,74.672,24.4,71.49470683,,58.7628162375,37.9375,68.41125,67.457950115
BGD,Bangladesh,2007,41.9,66.458,46.66360092,47.90071869,147989278.0,Lower middle income,,,147989278.0,,,,,38.689144135,13.027133666491906,0.7071067811865475,59.8,25.31442276647841,-0.7071067811865472,65.1325,1.8745400769255298,0.7071067811865532,49.33180046,3.773403976585656,-0.7071067811865461,Normal,2023,,171466990.0,74.672,24.4,71.49470683,,58.7628162375,37.9375,68.41125,67.457950115
BGD,Bangladesh,2007,41.9,66.458,46.66360092,47.90071869,147989278.0,Lower middle income,,,147989278.0,,,,,38.689144135,13.027133666491906,0.7071067811865475,59.8,25.31442276647841,-0.7071067811865472,65.1325,1.8745400769255298,0.7071067811865532,49.33180046,3.773403976585656,-0.7071067811865461,Normal,2023,,171466990.0,74.672,24.4,71.49470683,,58.7628162375,37.9375,68.41125,67.457950115
BGD,Bangladesh,2007,41.9,66.458,46.66360092,47.90071869,147989278.0,Lower middle income,,,147989278.0,,,,,38.689144135,13.027133666491906,0.7071067811865475,59.8,25.31442276647841,-0.7071067811865472,65.1325,1.8745400769255298,0.7071067811865532,49.33180046,3.773403976585656,-0.7071067811865461,Normal,2023,,171466990.0,74.672,24.4,71.49470683,,58.7628162375,37.9375,68.41125,67.457950115
BGD,Bangladesh,2007,41.9,66.458,46.66360092,47.90071869,147989278.0,Lower middle income,,,147989278.0,,,,,38.689144135,13.027133666491906,0.7071067811865475,59.8,25.31442276647841,-0.7071067811865472,65.1325,1.8745400769255298,0.7071067811865532,49.33180046,3.773403976585656,-0.7071067811865461,Normal,2023,,171466990.0,74.672,24.4,71.49470683,,58.7628162375,37.9375,68.41125,67.457950115
BGD,Bangladesh,2007,41.9,66.458,46.66360092,47.90071869,147989278.0,Lower middle income,,,147989278.0,,,,,38.689144135,13.027133666491906,0.7071067811865475,59.8,25.31442276647841,-0.7071067811865472,65.1325,1.8745400769255298,0.7071067811865532,49.33180046,3.773403976585656,-0.7071067811865461,Normal,2023,,171466990.0,74.672,24.4,71.49470683,,58.7628162375,37.9375,68.41125,67.457950115
BGD,Bangladesh,2016,28.6,71.075,73.0,66.92324831,160811932.0,Lower middle income,,,160811932.0,,46.66360092,,,51.63830815,21.616169674333186,0.7071067811865477,45.400000000000006,23.758787847867996,-0.7071067811865477,68.509,3.6288720010493654,0.7071067811865476,73.0,,,Normal,2023,,171466990.0,74.672,24.4,71.49470683,,58.7628162375,37.9375,68.41125,67.457950115
BGD,Bangladesh,2016,28.6,71.075,73.0,66.92324831,160811932.0,Lower middle income,,,160811932.0,,46.66360092,,,51.63830815,21.616169674333186,0.7071067811865477,45.400000000000006,23.758787847867996,-0.7071067811865477,68.509,3.6288720010493654,0.7071067811865476,73.0,,,Normal,2023,,171466990.0,74.672,24.4,71.49470683,,58.7628162375,37.9375,68.41125,67.457950115
BGD,Bangladesh,2016,28.6,71.075,73.0,66.92324831,160811932.0,Lower middle income,,,160811932.0,,46.66360092,,,51.63830815,21.616169674333186,0.7071067811865477,45.400000000000006,23.758787847867996,-0.7071067811865477,68.509,3.6288720010493654,0.7071067811865476,73.0,,,Normal,2023,,171466990.0,74.672,24.4,71.49470683,,58.7628162375,37.9375,68.41125,67.457950115
BGD,Bangladesh,2016,28.6,71.075,73.0,66.92324831,160811932.0,Lower middle income,,,160811932.0,,46.66360092,,,51.63830815,21.616169674333186,0.7071067811865477,45.400000000000006,23.758787847867996,-0.7071067811865477,68.509,3.6288720010493654,0.7071067811865476,73.0,,,Normal,2023,,171466990.0,74.672,24.4,71.49470683,,58.7628162375,37.9375,68.41125,67.457950115
BGD,Bangladesh,2016,28.6,71.075,73.0,66.92324831,160811932.0,Lower middle income,,,160811932.0,,46.66360092,,,51.63830815,21.616169674333186,0.7071067811865477,45.400000000000006,23.758787847867996,-0.7071067811865477,68.509,3.6288720010493654,0.7071067811865476,73.0,,,Normal,2023,,171466990.0,74.672,24.4,71.49470683,,58.7628162375,37.9375,68.41125,67.457950115
BGD,Bangladesh,2016,28.6,71.075,73.0,66.92324831,160811932.0,Lower middle income,,,160811932.0,,46.66360092,,,51.63830815,21.616169674333186,0.7071067811865477,45.400000000000006,23.758787847867996,-0.7071067811865477,68.509,3.6288720010493654,0.7071067811865476,73.0,,,Normal,2023,,171466990.0,74.672,24.4,71.49470683,,58.7628162375,37.9375,68.41125,67.457950115
BGD,Bangladesh,2016,28.6,71.075,73.0,66.92324831,160811932.0,Lower middle income,,,160811932.0,,46.66360092,,,51.63830815,21.616169674333186,0.7071067811865477,45.400000000000006,23.758787847867996,-0.7071067811865477,68.509,3.6288720010493654,0.7071067811865476,73.0,,,Normal,2023,,171466990.0,74.672,24.4,71.49470683,,58.7628162375,37.9375,68.41125,67.457950115
BGD,Bangladesh,2016,28.6,71.075,73.0,66.92324831,160811932.0,Lower middle income,,,160811932.0,,46.66360092,,,51.63830815,21.616169674333186,0.7071067811865477,45.400000000000006,23.758787847867996,-0.7071067811865477,68.509,3.6288720010493654,0.7071067811865476,73.0,,,Normal,2023,,171466990.0,74.672,24.4,71.49470683,,58.7628162375,37.9375,68.41125,67.457950115
BGD,Bangladesh,2016,28.6,71.075,73.0,66.92324831,160811932.0,Lower middle income,,,160811932.0,,46.66360092,,,51.63830815,21.616169674333186,0.7071067811865477,45.400000000000006,23.758787847867996,-0.7071067811865477,68.509,3.6288720010493654,0.7071067811865476,73.0,,,Normal,2023,,171466990.0,74.672,24.4,71.49470683,,58.7628162375,37.9375,68.41125,67.457950115
BGD,Bangladesh,2016,28.6,71.075,73.0,66.92324831,160811932.0,Lower middle income,,,160811932.0,,46.66360092,,,51.63830815,21.616169674333186,0.7071067811865477,45.400000000000006,23.758787847867996,-0.7071067811865477,68.509,3.6288720010493654,0.7071067811865476,73.0,,,Normal,2023,,171466990.0,74.672,24.4,71.49470683,,58.7628162375,37.9375,68.41125,67.457950115
BGD,Bangladesh,2016,28.6,71.075,73.0,66.92324831,160811932.0,Lower middle income,,,160811932.0,,46.66360092,,,51.63830815,21.616169674333186,0.7071067811865477,45.400000000000006,23.758787847867996,-0.7071067811865477,68.509,3.6288720010493654,0.7071067811865476,73.0,,,Normal,2023,,171466990.0,74.672,24.4,71.49470683,,58.7628162375,37.9375,68.41125,67.457950115
BGD,Bangladesh,2016,28.6,71.075,73.0,66.92324831,160811932.0,Lower middle income,,,160811932.0,,46.66360092,,,51.63830815,21.616169674333186,0.7071067811865477,45.400000000000006,23.758787847867996,-0.7071067811865477,68.509,3.6288720010493654,0.7071067811865476,73.0,,,Normal,2023,,171466990.0,74.672,24.4,71.49470683,,58.7628162375,37.9375,68.41125,67.457950115
BGD,Bangladesh,2016,28.6,71.075,73.0,66.92324831,160811932.0,Lower middle income,,,160811932.0,,46.66360092,,,51.63830815,21.616169674333186,0.7071067811865477,45.400000000000006,23.758787847867996,-0.7071067811865477,68.509,3.6288720010493654,0.7071067811865476,73.0,,,Normal,2023,,171466990.0,74.672,24.4,71.49470683,,58.7628162375,37.9375,68.41125,67.457950115
BGD,Bangladesh,2016,28.6,71.075,73.0,66.92324831,160811932.0,Lower middle income,,,160811932.0,,46.66360092,,,51.63830815,21.616169674333186,0.7071067811865477,45.400000000000006,23.758787847867996,-0.7071067811865477,68.509,3.6288720010493654,0.7071067811865476,73.0,,,Normal,2023,,171466990.0,74.672,24.4,71.49470683,,58.7628162375,37.9375,68.41125,67.457950115
BGD,Bangladesh,2016,28.6,71.075,73.0,66.92324831,160811932.0,Lower middle income,,,160811932.0,,46.66360092,,,51.63830815,21.616169674333186,0.7071067811865477,45.400000000000006,23.758787847867996,-0.7071067811865477,68.509,3.6288720010493654,0.7071067811865476,73.0,,,Normal,2023,,171466990.0,74.672,24.4,71.49470683,,58.7628162375,37.9375,68.41125,67.457950115
BGD,Bangladesh,2016,28.6,71.075,73.0,66.92324831,160811932.0,Lower middle income,,,160811932.0,,46.66360092,,,51.63830815,21.616169674333186,0.7071067811865477,45.400000000000006,23.758787847867996,-0.7071067811865477,68.509,3.6288720010493654,0.7071067811865476,73.0,,,Normal,2023,,171466990.0,74.672,24.4,71.49470683,,58.7628162375,37.9375,68.41125,67.457950115
BGD,Bangladesh,2017,27.4,71.606,73.0,64.85595207,162186147.0,Lower middle income,,,162186147.0,,73.0,46.66360092,,50.354314125,20.5084130584433,0.7071067811865475,43.849999999999994,23.263813101037414,-0.7071067811865474,68.9145,3.8063558031271874,0.7071067811865447,66.0,9.899494936611665,0.7071067811865476,Normal,2023,,171466990.0,74.672,24.4,71.49470683,,58.7628162375,37.9375,68.41125,67.457950115
BGD,Bangladesh,2017,27.4,71.606,73.0,64.85595207,162186147.0,Lower middle income,,,162186147.0,,73.0,46.66360092,,50.354314125,20.5084130584433,0.7071067811865475,43.849999999999994,23.263813101037414,-0.7071067811865474,68.9145,3.8063558031271874,0.7071067811865447,66.0,9.899494936611665,0.7071067811865476,Normal,2023,,171466990.0,74.672,24.4,71.49470683,,58.7628162375,37.9375,68.41125,67.457950115
BGD,Bangladesh,2017,27.4,71.606,73.0,64.85595207,162186147.0,Lower middle income,,,162186147.0,,73.0,46.66360092,,50.354314125,20.5084130584433,0.7071067811865475,43.849999999999994,23.263813101037414,-0.7071067811865474,68.9145,3.8063558031271874,0.7071067811865447,66.0,9.899494936611665,0.7071067811865476,Normal,2023,,171466990.0,74.672,24.4,71.49470683,,58.7628162375,37.9375,68.41125,67.457950115
BGD,Bangladesh,2017,27.4,71.606,73.0,64.85595207,162186147.0,Lower middle income,,,162186147.0,,73.0,46.66360092,,50.354314125,20.5084130584433,0.7071067811865475,43.849999999999994,23.263813101037414,-0.7071067811865474,68.9145,3.8063558031271874,0.7071067811865447,66.0,9.899494936611665,0.7071067811865476,Normal,2023,,171466990.0,74.672,24.4,71.49470683,,58.7628162375,37.9375,68.41125,67.457950115
BGD,Bangladesh,2017,27.4,71.606,73.0,64.85595207,162186147.0,Lower middle income,,,162186147.0,,73.0,46.66360092,,50.354314125,20.5084130584433,0.7071067811865475,43.849999999999994,23.263813101037414,-0.7071067811865474,68.9145,3.8063558031271874,0.7071067811865447,66.0,9.899494936611665,0.7071067811865476,Normal,2023,,171466990.0,74.672,24.4,71.49470683,,58.7628162375,37.9375,68.41125,67.457950115
BGD,Bangladesh,2017,27.4,71.606,73.0,64.85595207,162186147.0,Lower middle income,,,162186147.0,,73.0,46.66360092,,50.354314125,20.5084130584433,0.7071067811865475,43.849999999999994,23.263813101037414,-0.7071067811865474,68.9145,3.8063558031271874,0.7071067811865447,66.0,9.899494936611665,0.7071067811865476,Normal,2023,,171466990.0,74.672,24.4,71.49470683,,58.7628162375,37.9375,68.41125,67.457950115
BGD,Bangladesh,2017,27.4,71.606,73.0,64.85595207,162186147.0,Lower middle income,,,162186147.0,,73.0,46.66360092,,50.354314125,20.5084130584433,0.7071067811865475,43.849999999999994,23.263813101037414,-0.7071067811865474,68.9145,3.8063558031271874,0.7071067811865447,66.0,9.899494936611665,0.7071067811865476,Normal,2023,,171466990.0,74.672,24.4,71.49470683,,58.7628162375,37.9375,68.41125,67.457950115
BGD,Bangladesh,2017,27.4,71.606,73.0,64.85595207,162186147.0,Lower middle income,,,162186147.0,,73.0,46.66360092,,50.354314125,20.5084130584433,0.7071067811865475,43.849999999999994,23.263813101037414,-0.7071067811865474,68.9145,3.8063558031271874,0.7071067811865447,66.0,9.899494936611665,0.7071067811865476,Normal,2023,,171466990.0,74.672,24.4,71.49470683,,58.7628162375,37.9375,68.41125,67.457950115
BGD,Bangladesh,2017,27.4,71.606,73.0,64.85595207,162186147.0,Lower middle income,,,162186147.0,,73.0,46.66360092,,50.354314125,20.5084130584433,0.7071067811865475,43.849999999999994,23.263813101037414,-0.7071067811865474,68.9145,3.8063558031271874,0.7071067811865447,66.0,9.899494936611665,0.7071067811865476,Normal,2023,,171466990.0,74.672,24.4,71.49470683,,58.7628162375,37.9375,68.41125,67.457950115
BGD,Bangladesh,2017,27.4,71.606,73.0,64.85595207,162186147.0,Lower middle income,,,162186147.0,,73.0,46.66360092,,50.354314125,20.5084130584433,0.7071067811865475,43.849999999999994,23.263813101037414,-0.7071067811865474,68.9145,3.8063558031271874,0.7071067811865447,66.0,9.899494936611665,0.7071067811865476,Normal,2023,,171466990.0,74.672,24.4,71.49470683,,58.7628162375,37.9375,68.41125,67.457950115
BGD,Bangladesh,2017,27.4,71.606,73.0,64.85595207,162186147.0,Lower middle income,,,162186147.0,,73.0,46.66360092,,50.354314125,20.5084130584433,0.7071067811865475,43.849999999999994,23.263813101037414,-0.7071067811865474,68.9145,3.8063558031271874,0.7071067811865447,66.0,9.899494936611665,0.7071067811865476,Normal,2023,,171466990.0,74.672,24.4,71.49470683,,58.7628162375,37.9375,68.41125,67.457950115
BGD,Bangladesh,2017,27.4,71.606,73.0,64.85595207,162186147.0,Lower middle income,,,162186147.0,,73.0,46.66360092,,50.354314125,20.5084130584433,0.7071067811865475,43.849999999999994,23.263813101037414,-0.7071067811865474,68.9145,3.8063558031271874,0.7071067811865447,66.0,9.899494936611665,0.7071067811865476,Normal,2023,,171466990.0,74.672,24.4,71.49470683,,58.7628162375,37.9375,68.41125,67.457950115
BGD,Bangladesh,2017,27.4,71.606,73.0,64.85595207,162186147.0,Lower middle income,,,162186147.0,,73.0,46.66360092,,50.354314125,20.5084130584433,0.7071067811865475,43.849999999999994,23.263813101037414,-0.7071067811865474,68.9145,3.8063558031271874,0.7071067811865447,66.0,9.899494936611665,0.7071067811865476,Normal,2023,,171466990.0,74.672,24.4,71.49470683,,58.7628162375,37.9375,68.41125,67.457950115
BGD,Bangladesh,2017,27.4,71.606,73.0,64.85595207,162186147.0,Lower middle income,,,162186147.0,,73.0,46.66360092,,50.354314125,20.5084130584433,0.7071067811865475,43.849999999999994,23.263813101037414,-0.7071067811865474,68.9145,3.8063558031271874,0.7071067811865447,66.0,9.899494936611665,0.7071067811865476,Normal,2023,,171466990.0,74.672,24.4,71.49470683,,58.7628162375,37.9375,68.41125,67.457950115
BGD,Bangladesh,2017,27.4,71.606,73.0,64.85595207,162186147.0,Lower middle income,,,162186147.0,,73.0,46.66360092,,50.354314125,20.5084130584433,0.7071067811865475,43.849999999999994,23.263813101037414,-0.7071067811865474,68.9145,3.8063558031271874,0.7071067811865447,66.0,9.899494936611665,0.7071067811865476,Normal,2023,,171466990.0,74.672,24.4,71.49470683,,58.7628162375,37.9375,68.41125,67.457950115
BGD,Bangladesh,2017,27.4,71.606,73.0,64.85595207,162186147.0,Lower middle income,,,162186147.0,,73.0,46.66360092,,50.354314125,20.5084130584433,0.7071067811865475,43.849999999999994,23.263813101037414,-0.7071067811865474,68.9145,3.8063558031271874,0.7071067811865447,66.0,9.899494936611665,0.7071067811865476,Normal,2023,,171466990.0,74.672,24.4,71.49470683,,58.7628162375,37.9375,68.41125,67.457950115
BGD,Bangladesh,2018,26.3,72.122,74.0,67.42136973,163523103.0,Lower middle income,,,163523103.0,,73.0,73.0,46.66360092,52.58544138,20.98117108296549,0.7071067811865476,42.4,22.768838354206828,-0.7071067811865475,69.3015,3.9887893526733236,0.7071067811865448,65.5,12.020815280171307,0.7071067811865476,Normal,2023,,171466990.0,74.672,24.4,71.49470683,,58.7628162375,37.9375,68.41125,67.457950115
BGD,Bangladesh,2018,26.3,72.122,74.0,67.42136973,163523103.0,Lower middle income,,,163523103.0,,73.0,73.0,46.66360092,52.58544138,20.98117108296549,0.7071067811865476,42.4,22.768838354206828,-0.7071067811865475,69.3015,3.9887893526733236,0.7071067811865448,65.5,12.020815280171307,0.7071067811865476,Normal,2023,,171466990.0,74.672,24.4,71.49470683,,58.7628162375,37.9375,68.41125,67.457950115
BGD,Bangladesh,2018,26.3,72.122,74.0,67.42136973,163523103.0,Lower middle income,,,163523103.0,,73.0,73.0,46.66360092,52.58544138,20.98117108296549,0.7071067811865476,42.4,22.768838354206828,-0.7071067811865475,69.3015,3.9887893526733236,0.7071067811865448,65.5,12.020815280171307,0.7071067811865476,Normal,2023,,171466990.0,74.672,24.4,71.49470683,,58.7628162375,37.9375,68.41125,67.457950115
BGD,Bangladesh,2018,26.3,72.122,74.0,67.42136973,163523103.0,Lower middle income,,,163523103.0,,73.0,73.0,46.66360092,52.58544138,20.98117108296549,0.7071067811865476,42.4,22.768838354206828,-0.7071067811865475,69.3015,3.9887893526733236,0.7071067811865448,65.5,12.020815280171307,0.7071067811865476,Normal,2023,,171466990.0,74.672,24.4,71.49470683,,58.7628162375,37.9375,68.41125,67.457950115
BGD,Bangladesh,2018,26.3,72.122,74.0,67.42136973,163523103.0,Lower middle income,,,163523103.0,,73.0,73.0,46.66360092,52.58544138,20.98117108296549,0.7071067811865476,42.4,22.768838354206828,-0.7071067811865475,69.3015,3.9887893526733236,0.7071067811865448,65.5,12.020815280171307,0.7071067811865476,Normal,2023,,171466990.0,74.672,24.4,71.49470683,,58.7628162375,37.9375,68.41125,67.457950115
BGD,Bangladesh,2018,26.3,72.122,74.0,67.42136973,163523103.0,Lower middle income,,,163523103.0,,73.0,73.0,46.66360092,52.58544138,20.98117108296549,0.7071067811865476,42.4,22.768838354206828,-0.7071067811865475,69.3015,3.9887893526733236,0.7071067811865448,65.5,12.020815280171307,0.7071067811865476,Normal,2023,,171466990.0,74.672,24.4,71.49470683,,58.7628162375,37.9375,68.41125,67.457950115
BGD,Bangladesh,2018,26.3,72.122,74.0,67.42136973,163523103.0,Lower middle income,,,163523103.0,,73.0,73.0,46.66360092,52.58544138,20.98117108296549,0.7071067811865476,42.4,22.768838354206828,-0.7071067811865475,69.3015,3.9887893526733236,0.7071067811865448,65.5,12.020815280171307,0.7071067811865476,Normal,2023,,171466990.0,74.672,24.4,71.49470683,,58.7628162375,37.9375,68.41125,67.457950115
BGD,Bangladesh,2018,26.3,72.122,74.0,67.42136973,163523103.0,Lower middle income,,,163523103.0,,73.0,73.0,46.66360092,52.58544138,20.98117108296549,0.7071067811865476,42.4,22.768838354206828,-0.7071067811865475,69.3015,3.9887893526733236,0.7071067811865448,65.5,12.020815280171307,0.7071067811865476,Normal,2023,,171466990.0,74.672,24.4,71.49470683,,58.7628162375,37.9375,68.41125,67.457950115
BGD,Bangladesh,2018,26.3,72.122,74.0,67.42136973,163523103.0,Lower middle income,,,163523103.0,,73.0,73.0,46.66360092,52.58544138,20.98117108296549,0.7071067811865476,42.4,22.768838354206828,-0.7071067811865475,69.3015,3.9887893526733236,0.7071067811865448,65.5,12.020815280171307,0.7071067811865476,Normal,2023,,171466990.0,74.672,24.4,71.49470683,,58.7628162375,37.9375,68.41125,67.457950115
BGD,Bangladesh,2018,26.3,72.122,74.0,67.42136973,163523103.0,Lower middle income,,,163523103.0,,73.0,73.0,46.66360092,52.58544138,20.98117108296549,0.7071067811865476,42.4,22.768838354206828,-0.7071067811865475,69.3015,3.9887893526733236,0.7071067811865448,65.5,12.020815280171307,0.7071067811865476,Normal,2023,,171466990.0,74.672,24.4,71.49470683,,58.7628162375,37.9375,68.41125,67.457950115
BGD,Bangladesh,2018,26.3,72.122,74.0,67.42136973,163523103.0,Lower middle income,,,163523103.0,,73.0,73.0,46.66360092,52.58544138,20.98117108296549,0.7071067811865476,42.4,22.768838354206828,-0.7071067811865475,69.3015,3.9887893526733236,0.7071067811865448,65.5,12.020815280171307,0.7071067811865476,Normal,2023,,171466990.0,74.672,24.4,71.49470683,,58.7628162375,37.9375,68.41125,67.457950115
BGD,Bangladesh,2018,26.3,72.122,74.0,67.42136973,163523103.0,Lower middle income,,,163523103.0,,73.0,73.0,46.66360092,52.58544138,20.98117108296549,0.7071067811865476,42.4,22.768838354206828,-0.7071067811865475,69.3015,3.9887893526733236,0.7071067811865448,65.5,12.020815280171307,0.7071067811865476,Normal,2023,,171466990.0,74.672,24.4,71.49470683,,58.7628162375,37.9375,68.41125,67.457950115
BGD,Bangladesh,2018,26.3,72.122,74.0,67.42136973,163523103.0,Lower middle income,,,163523103.0,,73.0,73.0,46.66360092,52.58544138,20.98117108296549,0.7071067811865476,42.4,22.768838354206828,-0.7071067811865475,69.3015,3.9887893526733236,0.7071067811865448,65.5,12.020815280171307,0.7071067811865476,Normal,2023,,171466990.0,74.672,24.4,71.49470683,,58.7628162375,37.9375,68.41125,67.457950115
BGD,Bangladesh,2018,26.3,72.122,74.0,67.42136973,163523103.0,Lower middle income,,,163523103.0,,73.0,73.0,46.66360092,52.58544138,20.98117108296549,0.7071067811865476,42.4,22.768838354206828,-0.7071067811865475,69.3015,3.9887893526733236,0.7071067811865448,65.5,12.020815280171307,0.7071067811865476,Normal,2023,,171466990.0,74.672,24.4,71.49470683,,58.7628162375,37.9375,68.41125,67.457950115
BGD,Bangladesh,2018,26.3,72.122,74.0,67.42136973,163523103.0,Lower middle income,,,163523103.0,,73.0,73.0,46.66360092,52.58544138,20.98117108296549,0.7071067811865476,42.4,22.768838354206828,-0.7071067811865475,69.3015,3.9887893526733236,0.7071067811865448,65.5,12.020815280171307,0.7071067811865476,Normal,2023,,171466990.0,74.672,24.4,71.49470683,,58.7628162375,37.9375,68.41125,67.457950115
BGD,Bangladesh,2018,26.3,72.122,74.0,67.42136973,163523103.0,Lower middle income,,,163523103.0,,73.0,73.0,46.66360092,52.58544138,20.98117108296549,0.7071067811865476,42.4,22.768838354206828,-0.7071067811865475,69.3015,3.9887893526733236,0.7071067811865448,65.5,12.020815280171307,0.7071067811865476,Normal,2023,,171466990.0,74.672,24.4,71.49470683,,58.7628162375,37.9375,68.41125,67.457950115
BGD,Bangladesh,2019,25.4,72.625,75.0,67.22091891,164913055.0,Lower middle income,,,164913055.0,,74.0,73.0,73.0,53.418786454999996,19.51916290753086,0.7071067811865476,41.099999999999994,22.203152929257595,-0.7071067811865472,69.67699999999999,4.169101581875879,0.7071067811865501,66.5,12.020815280171307,0.7071067811865476,Normal,2023,,171466990.0,74.672,24.4,71.49470683,,58.7628162375,37.9375,68.41125,67.457950115
BGD,Bangladesh,2019,25.4,72.625,75.0,67.22091891,164913055.0,Lower middle income,,,164913055.0,,74.0,73.0,73.0,53.418786454999996,19.51916290753086,0.7071067811865476,41.099999999999994,22.203152929257595,-0.7071067811865472,69.67699999999999,4.169101581875879,0.7071067811865501,66.5,12.020815280171307,0.7071067811865476,Normal,2023,,171466990.0,74.672,24.4,71.49470683,,58.7628162375,37.9375,68.41125,67.457950115
BGD,Bangladesh,2019,25.4,72.625,75.0,67.22091891,164913055.0,Lower middle income,,,164913055.0,,74.0,73.0,73.0,53.418786454999996,19.51916290753086,0.7071067811865476,41.099999999999994,22.203152929257595,-0.7071067811865472,69.67699999999999,4.169101581875879,0.7071067811865501,66.5,12.020815280171307,0.7071067811865476,Normal,2023,,171466990.0,74.672,24.4,71.49470683,,58.7628162375,37.9375,68.41125,67.457950115
BGD,Bangladesh,2019,25.4,72.625,75.0,67.22091891,164913055.0,Lower middle income,,,164913055.0,,74.0,73.0,73.0,53.418786454999996,19.51916290753086,0.7071067811865476,41.099999999999994,22.203152929257595,-0.7071067811865472,69.67699999999999,4.169101581875879,0.7071067811865501,66.5,12.020815280171307,0.7071067811865476,Normal,2023,,171466990.0,74.672,24.4,71.49470683,,58.7628162375,37.9375,68.41125,67.457950115
BGD,Bangladesh,2019,25.4,72.625,75.0,67.22091891,164913055.0,Lower middle income,,,164913055.0,,74.0,73.0,73.0,53.418786454999996,19.51916290753086,0.7071067811865476,41.099999999999994,22.203152929257595,-0.7071067811865472,69.67699999999999,4.169101581875879,0.7071067811865501,66.5,12.020815280171307,0.7071067811865476,Normal,2023,,171466990.0,74.672,24.4,71.49470683,,58.7628162375,37.9375,68.41125,67.457950115
BGD,Bangladesh,2019,25.4,72.625,75.0,67.22091891,164913055.0,Lower middle income,,,164913055.0,,74.0,73.0,73.0,53.418786454999996,19.51916290753086,0.7071067811865476,41.099999999999994,22.203152929257595,-0.7071067811865472,69.67699999999999,4.169101581875879,0.7071067811865501,66.5,12.020815280171307,0.7071067811865476,Normal,2023,,171466990.0,74.672,24.4,71.49470683,,58.7628162375,37.9375,68.41125,67.457950115
BGD,Bangladesh,2019,25.4,72.625,75.0,67.22091891,164913055.0,Lower middle income,,,164913055.0,,74.0,73.0,73.0,53.418786454999996,19.51916290753086,0.7071067811865476,41.099999999999994,22.203152929257595,-0.7071067811865472,69.67699999999999,4.169101581875879,0.7071067811865501,66.5,12.020815280171307,0.7071067811865476,Normal,2023,,171466990.0,74.672,24.4,71.49470683,,58.7628162375,37.9375,68.41125,67.457950115
BGD,Bangladesh,2019,25.4,72.625,75.0,67.22091891,164913055.0,Lower middle income,,,164913055.0,,74.0,73.0,73.0,53.418786454999996,19.51916290753086,0.7071067811865476,41.099999999999994,22.203152929257595,-0.7071067811865472,69.67699999999999,4.169101581875879,0.7071067811865501,66.5,12.020815280171307,0.7071067811865476,Normal,2023,,171466990.0,74.672,24.4,71.49470683,,58.7628162375,37.9375,68.41125,67.457950115
BGD,Bangladesh,2019,25.4,72.625,75.0,67.22091891,164913055.0,Lower middle income,,,164913055.0,,74.0,73.0,73.0,53.418786454999996,19.51916290753086,0.7071067811865476,41.099999999999994,22.203152929257595,-0.7071067811865472,69.67699999999999,4.169101581875879,0.7071067811865501,66.5,12.020815280171307,0.7071067811865476,Normal,2023,,171466990.0,74.672,24.4,71.49470683,,58.7628162375,37.9375,68.41125,67.457950115
BGD,Bangladesh,2019,25.4,72.625,75.0,67.22091891,164913055.0,Lower middle income,,,164913055.0,,74.0,73.0,73.0,53.418786454999996,19.51916290753086,0.7071067811865476,41.099999999999994,22.203152929257595,-0.7071067811865472,69.67699999999999,4.169101581875879,0.7071067811865501,66.5,12.020815280171307,0.7071067811865476,Normal,2023,,171466990.0,74.672,24.4,71.49470683,,58.7628162375,37.9375,68.41125,67.457950115
BGD,Bangladesh,2019,25.4,72.625,75.0,67.22091891,164913055.0,Lower middle income,,,164913055.0,,74.0,73.0,73.0,53.418786454999996,19.51916290753086,0.7071067811865476,41.099999999999994,22.203152929257595,-0.7071067811865472,69.67699999999999,4.169101581875879,0.7071067811865501,66.5,12.020815280171307,0.7071067811865476,Normal,2023,,171466990.0,74.672,24.4,71.49470683,,58.7628162375,37.9375,68.41125,67.457950115
BGD,Bangladesh,2019,25.4,72.625,75.0,67.22091891,164913055.0,Lower middle income,,,164913055.0,,74.0,73.0,73.0,53.418786454999996,19.51916290753086,0.7071067811865476,41.099999999999994,22.203152929257595,-0.7071067811865472,69.67699999999999,4.169101581875879,0.7071067811865501,66.5,12.020815280171307,0.7071067811865476,Normal,2023,,171466990.0,74.672,24.4,71.49470683,,58.7628162375,37.9375,68.41125,67.457950115
BGD,Bangladesh,2019,25.4,72.625,75.0,67.22091891,164913055.0,Lower middle income,,,164913055.0,,74.0,73.0,73.0,53.418786454999996,19.51916290753086,0.7071067811865476,41.099999999999994,22.203152929257595,-0.7071067811865472,69.67699999999999,4.169101581875879,0.7071067811865501,66.5,12.020815280171307,0.7071067811865476,Normal,2023,,171466990.0,74.672,24.4,71.49470683,,58.7628162375,37.9375,68.41125,67.457950115
BGD,Bangladesh,2019,25.4,72.625,75.0,67.22091891,164913055.0,Lower middle income,,,164913055.0,,74.0,73.0,73.0,53.418786454999996,19.51916290753086,0.7071067811865476,41.099999999999994,22.203152929257595,-0.7071067811865472,69.67699999999999,4.169101581875879,0.7071067811865501,66.5,12.020815280171307,0.7071067811865476,Normal,2023,,171466990.0,74.672,24.4,71.49470683,,58.7628162375,37.9375,68.41125,67.457950115
BGD,Bangladesh,2019,25.4,72.625,75.0,67.22091891,164913055.0,Lower middle income,,,164913055.0,,74.0,73.0,73.0,53.418786454999996,19.51916290753086,0.7071067811865476,41.099999999999994,22.203152929257595,-0.7071067811865472,69.67699999999999,4.169101581875879,0.7071067811865501,66.5,12.020815280171307,0.7071067811865476,Normal,2023,,171466990.0,74.672,24.4,71.49470683,,58.7628162375,37.9375,68.41125,67.457950115
BGD,Bangladesh,2019,25.4,72.625,75.0,67.22091891,164913055.0,Lower middle income,,,164913055.0,,74.0,73.0,73.0,53.418786454999996,19.51916290753086,0.7071067811865476,41.099999999999994,22.203152929257595,-0.7071067811865472,69.67699999999999,4.169101581875879,0.7071067811865501,66.5,12.020815280171307,0.7071067811865476,Normal,2023,,171466990.0,74.672,24.4,71.49470683,,58.7628162375,37.9375,68.41125,67.457950115
BGD,Bangladesh,2020,24.9,71.421,75.0,69.01357086,166298024.0,Lower middle income,,,166298024.0,,75.0,74.0,73.0,69.01357086,,,40.0,21.354624791833736,-0.7071067811865476,68.561,4.044650788387066,0.7071067811865449,75.0,,,Normal,2023,,171466990.0,74.672,24.4,71.49470683,,58.7628162375,37.9375,68.41125,67.457950115
BGD,Bangladesh,2020,24.9,71.421,75.0,69.01357086,166298024.0,Lower middle income,,,166298024.0,,75.0,74.0,73.0,69.01357086,,,40.0,21.354624791833736,-0.7071067811865476,68.561,4.044650788387066,0.7071067811865449,75.0,,,Normal,2023,,171466990.0,74.672,24.4,71.49470683,,58.7628162375,37.9375,68.41125,67.457950115
BGD,Bangladesh,2020,24.9,71.421,75.0,69.01357086,166298024.0,Lower middle income,,,166298024.0,,75.0,74.0,73.0,69.01357086,,,40.0,21.354624791833736,-0.7071067811865476,68.561,4.044650788387066,0.7071067811865449,75.0,,,Normal,2023,,171466990.0,74.672,24.4,71.49470683,,58.7628162375,37.9375,68.41125,67.457950115
BGD,Bangladesh,2020,24.9,71.421,75.0,69.01357086,166298024.0,Lower middle income,,,166298024.0,,75.0,74.0,73.0,69.01357086,,,40.0,21.354624791833736,-0.7071067811865476,68.561,4.044650788387066,0.7071067811865449,75.0,,,Normal,2023,,171466990.0,74.672,24.4,71.49470683,,58.7628162375,37.9375,68.41125,67.457950115
BGD,Bangladesh,2020,24.9,71.421,75.0,69.01357086,166298024.0,Lower middle income,,,166298024.0,,75.0,74.0,73.0,69.01357086,,,40.0,21.354624791833736,-0.7071067811865476,68.561,4.044650788387066,0.7071067811865449,75.0,,,Normal,2023,,171466990.0,74.672,24.4,71.49470683,,58.7628162375,37.9375,68.41125,67.457950115
BGD,Bangladesh,2020,24.9,71.421,75.0,69.01357086,166298024.0,Lower middle income,,,166298024.0,,75.0,74.0,73.0,69.01357086,,,40.0,21.354624791833736,-0.7071067811865476,68.561,4.044650788387066,0.7071067811865449,75.0,,,Normal,2023,,171466990.0,74.672,24.4,71.49470683,,58.7628162375,37.9375,68.41125,67.457950115
BGD,Bangladesh,2020,24.9,71.421,75.0,69.01357086,166298024.0,Lower middle income,,,166298024.0,,75.0,74.0,73.0,69.01357086,,,40.0,21.354624791833736,-0.7071067811865476,68.561,4.044650788387066,0.7071067811865449,75.0,,,Normal,2023,,171466990.0,74.672,24.4,71.49470683,,58.7628162375,37.9375,68.41125,67.457950115
BGD,Bangladesh,2020,24.9,71.421,75.0,69.01357086,166298024.0,Lower middle income,,,166298024.0,,75.0,74.0,73.0,69.01357086,,,40.0,21.354624791833736,-0.7071067811865476,68.561,4.044650788387066,0.7071067811865449,75.0,,,Normal,2023,,171466990.0,74.672,24.4,71.49470683,,58.7628162375,37.9375,68.41125,67.457950115
BGD,Bangladesh,2020,24.9,71.421,75.0,69.01357086,166298024.0,Lower middle income,,,166298024.0,,75.0,74.0,73.0,69.01357086,,,40.0,21.354624791833736,-0.7071067811865476,68.561,4.044650788387066,0.7071067811865449,75.0,,,Normal,2023,,171466990.0,74.672,24.4,71.49470683,,58.7628162375,37.9375,68.41125,67.457950115
BGD,Bangladesh,2020,24.9,71.421,75.0,69.01357086,166298024.0,Lower middle income,,,166298024.0,,75.0,74.0,73.0,69.01357086,,,40.0,21.354624791833736,-0.7071067811865476,68.561,4.044650788387066,0.7071067811865449,75.0,,,Normal,2023,,171466990.0,74.672,24.4,71.49470683,,58.7628162375,37.9375,68.41125,67.457950115
BGD,Bangladesh,2020,24.9,71.421,75.0,69.01357086,166298024.0,Lower middle income,,,166298024.0,,75.0,74.0,73.0,69.01357086,,,40.0,21.354624791833736,-0.7071067811865476,68.561,4.044650788387066,0.7071067811865449,75.0,,,Normal,2023,,171466990.0,74.672,24.4,71.49470683,,58.7628162375,37.9375,68.41125,67.457950115
BGD,Bangladesh,2020,24.9,71.421,75.0,69.01357086,166298024.0,Lower middle income,,,166298024.0,,75.0,74.0,73.0,69.01357086,,,40.0,21.354624791833736,-0.7071067811865476,68.561,4.044650788387066,0.7071067811865449,75.0,,,Normal,2023,,171466990.0,74.672,24.4,71.49470683,,58.7628162375,37.9375,68.41125,67.457950115
BGD,Bangladesh,2020,24.9,71.421,75.0,69.01357086,166298024.0,Lower middle income,,,166298024.0,,75.0,74.0,73.0,69.01357086,,,40.0,21.354624791833736,-0.7071067811865476,68.561,4.044650788387066,0.7071067811865449,75.0,,,Normal,2023,,171466990.0,74.672,24.4,71.49470683,,58.7628162375,37.9375,68.41125,67.457950115
BGD,Bangladesh,2020,24.9,71.421,75.0,69.01357086,166298024.0,Lower middle income,,,166298024.0,,75.0,74.0,73.0,69.01357086,,,40.0,21.354624791833736,-0.7071067811865476,68.561,4.044650788387066,0.7071067811865449,75.0,,,Normal,2023,,171466990.0,74.672,24.4,71.49470683,,58.7628162375,37.9375,68.41125,67.457950115
BGD,Bangladesh,2020,24.9,71.421,75.0,69.01357086,166298024.0,Lower middle income,,,166298024.0,,75.0,74.0,73.0,69.01357086,,,40.0,21.354624791833736,-0.7071067811865476,68.561,4.044650788387066,0.7071067811865449,75.0,,,Normal,2023,,171466990.0,74.672,24.4,71.49470683,,58.7628162375,37.9375,68.41125,67.457950115
BGD,Bangladesh,2020,24.9,71.421,75.0,69.01357086,166298024.0,Lower middle income,,,166298024.0,,75.0,74.0,73.0,69.01357086,,,40.0,21.354624791833736,-0.7071067811865476,68.561,4.044650788387066,0.7071067811865449,75.0,,,Normal,2023,,171466990.0,74.672,24.4,71.49470683,,58.7628162375,37.9375,68.41125,67.457950115
BGD,Bangladesh,2021,24.5,71.103,76.0,70.29333286,167658854.0,Lower middle income,,,167658854.0,,75.0,75.0,74.0,56.074283695000005,20.108772173192843,0.7071067811865472,38.95,20.43538597629122,-0.7071067811865478,68.43799999999999,3.768879143724292,0.7071067811865503,76.0,,,Normal,2023,,171466990.0,74.672,24.4,71.49470683,,58.7628162375,37.9375,68.41125,67.457950115
BGD,Bangladesh,2021,24.5,71.103,76.0,70.29333286,167658854.0,Lower middle income,,,167658854.0,,75.0,75.0,74.0,56.074283695000005,20.108772173192843,0.7071067811865472,38.95,20.43538597629122,-0.7071067811865478,68.43799999999999,3.768879143724292,0.7071067811865503,76.0,,,Normal,2023,,171466990.0,74.672,24.4,71.49470683,,58.7628162375,37.9375,68.41125,67.457950115
BGD,Bangladesh,2021,24.5,71.103,76.0,70.29333286,167658854.0,Lower middle income,,,167658854.0,,75.0,75.0,74.0,56.074283695000005,20.108772173192843,0.7071067811865472,38.95,20.43538597629122,-0.7071067811865478,68.43799999999999,3.768879143724292,0.7071067811865503,76.0,,,Normal,2023,,171466990.0,74.672,24.4,71.49470683,,58.7628162375,37.9375,68.41125,67.457950115
BGD,Bangladesh,2021,24.5,71.103,76.0,70.29333286,167658854.0,Lower middle income,,,167658854.0,,75.0,75.0,74.0,56.074283695000005,20.108772173192843,0.7071067811865472,38.95,20.43538597629122,-0.7071067811865478,68.43799999999999,3.768879143724292,0.7071067811865503,76.0,,,Normal,2023,,171466990.0,74.672,24.4,71.49470683,,58.7628162375,37.9375,68.41125,67.457950115
BGD,Bangladesh,2021,24.5,71.103,76.0,70.29333286,167658854.0,Lower middle income,,,167658854.0,,75.0,75.0,74.0,56.074283695000005,20.108772173192843,0.7071067811865472,38.95,20.43538597629122,-0.7071067811865478,68.43799999999999,3.768879143724292,0.7071067811865503,76.0,,,Normal,2023,,171466990.0,74.672,24.4,71.49470683,,58.7628162375,37.9375,68.41125,67.457950115
BGD,Bangladesh,2021,24.5,71.103,76.0,70.29333286,167658854.0,Lower middle income,,,167658854.0,,75.0,75.0,74.0,56.074283695000005,20.108772173192843,0.7071067811865472,38.95,20.43538597629122,-0.7071067811865478,68.43799999999999,3.768879143724292,0.7071067811865503,76.0,,,Normal,2023,,171466990.0,74.672,24.4,71.49470683,,58.7628162375,37.9375,68.41125,67.457950115
BGD,Bangladesh,2021,24.5,71.103,76.0,70.29333286,167658854.0,Lower middle income,,,167658854.0,,75.0,75.0,74.0,56.074283695000005,20.108772173192843,0.7071067811865472,38.95,20.43538597629122,-0.7071067811865478,68.43799999999999,3.768879143724292,0.7071067811865503,76.0,,,Normal,2023,,171466990.0,74.672,24.4,71.49470683,,58.7628162375,37.9375,68.41125,67.457950115
BGD,Bangladesh,2021,24.5,71.103,76.0,70.29333286,167658854.0,Lower middle income,,,167658854.0,,75.0,75.0,74.0,56.074283695000005,20.108772173192843,0.7071067811865472,38.95,20.43538597629122,-0.7071067811865478,68.43799999999999,3.768879143724292,0.7071067811865503,76.0,,,Normal,2023,,171466990.0,74.672,24.4,71.49470683,,58.7628162375,37.9375,68.41125,67.457950115
BGD,Bangladesh,2021,24.5,71.103,76.0,70.29333286,167658854.0,Lower middle income,,,167658854.0,,75.0,75.0,74.0,56.074283695000005,20.108772173192843,0.7071067811865472,38.95,20.43538597629122,-0.7071067811865478,68.43799999999999,3.768879143724292,0.7071067811865503,76.0,,,Normal,2023,,171466990.0,74.672,24.4,71.49470683,,58.7628162375,37.9375,68.41125,67.457950115
BGD,Bangladesh,2021,24.5,71.103,76.0,70.29333286,167658854.0,Lower middle income,,,167658854.0,,75.0,75.0,74.0,56.074283695000005,20.108772173192843,0.7071067811865472,38.95,20.43538597629122,-0.7071067811865478,68.43799999999999,3.768879143724292,0.7071067811865503,76.0,,,Normal,2023,,171466990.0,74.672,24.4,71.49470683,,58.7628162375,37.9375,68.41125,67.457950115
BGD,Bangladesh,2021,24.5,71.103,76.0,70.29333286,167658854.0,Lower middle income,,,167658854.0,,75.0,75.0,74.0,56.074283695000005,20.108772173192843,0.7071067811865472,38.95,20.43538597629122,-0.7071067811865478,68.43799999999999,3.768879143724292,0.7071067811865503,76.0,,,Normal,2023,,171466990.0,74.672,24.4,71.49470683,,58.7628162375,37.9375,68.41125,67.457950115
BGD,Bangladesh,2021,24.5,71.103,76.0,70.29333286,167658854.0,Lower middle income,,,167658854.0,,75.0,75.0,74.0,56.074283695000005,20.108772173192843,0.7071067811865472,38.95,20.43538597629122,-0.7071067811865478,68.43799999999999,3.768879143724292,0.7071067811865503,76.0,,,Normal,2023,,171466990.0,74.672,24.4,71.49470683,,58.7628162375,37.9375,68.41125,67.457950115
BGD,Bangladesh,2021,24.5,71.103,76.0,70.29333286,167658854.0,Lower middle income,,,167658854.0,,75.0,75.0,74.0,56.074283695000005,20.108772173192843,0.7071067811865472,38.95,20.43538597629122,-0.7071067811865478,68.43799999999999,3.768879143724292,0.7071067811865503,76.0,,,Normal,2023,,171466990.0,74.672,24.4,71.49470683,,58.7628162375,37.9375,68.41125,67.457950115
BGD,Bangladesh,2021,24.5,71.103,76.0,70.29333286,167658854.0,Lower middle income,,,167658854.0,,75.0,75.0,74.0,56.074283695000005,20.108772173192843,0.7071067811865472,38.95,20.43538597629122,-0.7071067811865478,68.43799999999999,3.768879143724292,0.7071067811865503,76.0,,,Normal,2023,,171466990.0,74.672,24.4,71.49470683,,58.7628162375,37.9375,68.41125,67.457950115
BGD,Bangladesh,2021,24.5,71.103,76.0,70.29333286,167658854.0,Lower middle income,,,167658854.0,,75.0,75.0,74.0,56.074283695000005,20.108772173192843,0.7071067811865472,38.95,20.43538597629122,-0.7071067811865478,68.43799999999999,3.768879143724292,0.7071067811865503,76.0,,,Normal,2023,,171466990.0,74.672,24.4,71.49470683,,58.7628162375,37.9375,68.41125,67.457950115
BGD,Bangladesh,2021,24.5,71.103,76.0,70.29333286,167658854.0,Lower middle income,,,167658854.0,,75.0,75.0,74.0,56.074283695000005,20.108772173192843,0.7071067811865472,38.95,20.43538597629122,-0.7071067811865478,68.43799999999999,3.768879143724292,0.7071067811865503,76.0,,,Normal,2023,,171466990.0,74.672,24.4,71.49470683,,58.7628162375,37.9375,68.41125,67.457950115
BGD,Bangladesh,2022,24.4,74.265,,71.82198326,169384897.0,Lower middle income,,,169384897.0,,76.0,75.0,75.0,57.09033429,20.833697769493636,0.7071067811865474,38.099999999999994,19.374725804511403,-0.7071067811865472,70.84100000000001,4.842267237565482,0.7071067811865454,,,,Normal,2023,,171466990.0,74.672,24.4,71.49470683,,58.7628162375,37.9375,68.41125,67.457950115
BGD,Bangladesh,2022,24.4,74.265,,71.82198326,169384897.0,Lower middle income,,,169384897.0,,76.0,75.0,75.0,57.09033429,20.833697769493636,0.7071067811865474,38.099999999999994,19.374725804511403,-0.7071067811865472,70.84100000000001,4.842267237565482,0.7071067811865454,,,,Normal,2023,,171466990.0,74.672,24.4,71.49470683,,58.7628162375,37.9375,68.41125,67.457950115
BGD,Bangladesh,2022,24.4,74.265,,71.82198326,169384897.0,Lower middle income,,,169384897.0,,76.0,75.0,75.0,57.09033429,20.833697769493636,0.7071067811865474,38.099999999999994,19.374725804511403,-0.7071067811865472,70.84100000000001,4.842267237565482,0.7071067811865454,,,,Normal,2023,,171466990.0,74.672,24.4,71.49470683,,58.7628162375,37.9375,68.41125,67.457950115
BGD,Bangladesh,2022,24.4,74.265,,71.82198326,169384897.0,Lower middle income,,,169384897.0,,76.0,75.0,75.0,57.09033429,20.833697769493636,0.7071067811865474,38.099999999999994,19.374725804511403,-0.7071067811865472,70.84100000000001,4.842267237565482,0.7071067811865454,,,,Normal,2023,,171466990.0,74.672,24.4,71.49470683,,58.7628162375,37.9375,68.41125,67.457950115
BGD,Bangladesh,2022,24.4,74.265,,71.82198326,169384897.0,Lower middle income,,,169384897.0,,76.0,75.0,75.0,57.09033429,20.833697769493636,0.7071067811865474,38.099999999999994,19.374725804511403,-0.7071067811865472,70.84100000000001,4.842267237565482,0.7071067811865454,,,,Normal,2023,,171466990.0,74.672,24.4,71.49470683,,58.7628162375,37.9375,68.41125,67.457950115
BGD,Bangladesh,2022,24.4,74.265,,71.82198326,169384897.0,Lower middle income,,,169384897.0,,76.0,75.0,75.0,57.09033429,20.833697769493636,0.7071067811865474,38.099999999999994,19.374725804511403,-0.7071067811865472,70.84100000000001,4.842267237565482,0.7071067811865454,,,,Normal,2023,,171466990.0,74.672,24.4,71.49470683,,58.7628162375,37.9375,68.41125,67.457950115
BGD,Bangladesh,2022,24.4,74.265,,71.82198326,169384897.0,Lower middle income,,,169384897.0,,76.0,75.0,75.0,57.09033429,20.833697769493636,0.7071067811865474,38.099999999999994,19.374725804511403,-0.7071067811865472,70.84100000000001,4.842267237565482,0.7071067811865454,,,,Normal,2023,,171466990.0,74.672,24.4,71.49470683,,58.7628162375,37.9375,68.41125,67.457950115
BGD,Bangladesh,2022,24.4,74.265,,71.82198326,169384897.0,Lower middle income,,,169384897.0,,76.0,75.0,75.0,57.09033429,20.833697769493636,0.7071067811865474,38.099999999999994,19.374725804511403,-0.7071067811865472,70.84100000000001,4.842267237565482,0.7071067811865454,,,,Normal,2023,,171466990.0,74.672,24.4,71.49470683,,58.7628162375,37.9375,68.41125,67.457950115
BGD,Bangladesh,2022,24.4,74.265,,71.82198326,169384897.0,Lower middle income,,,169384897.0,,76.0,75.0,75.0,57.09033429,20.833697769493636,0.7071067811865474,38.099999999999994,19.374725804511403,-0.7071067811865472,70.84100000000001,4.842267237565482,0.7071067811865454,,,,Normal,2023,,171466990.0,74.672,24.4,71.49470683,,58.7628162375,37.9375,68.41125,67.457950115
BGD,Bangladesh,2022,24.4,74.265,,71.82198326,169384897.0,Lower middle income,,,169384897.0,,76.0,75.0,75.0,57.09033429,20.833697769493636,0.7071067811865474,38.099999999999994,19.374725804511403,-0.7071067811865472,70.84100000000001,4.842267237565482,0.7071067811865454,,,,Normal,2023,,171466990.0,74.672,24.4,71.49470683,,58.7628162375,37.9375,68.41125,67.457950115
BGD,Bangladesh,2022,24.4,74.265,,71.82198326,169384897.0,Lower middle income,,,169384897.0,,76.0,75.0,75.0,57.09033429,20.833697769493636,0.7071067811865474,38.099999999999994,19.374725804511403,-0.7071067811865472,70.84100000000001,4.842267237565482,0.7071067811865454,,,,Normal,2023,,171466990.0,74.672,24.4,71.49470683,,58.7628162375,37.9375,68.41125,67.457950115
BGD,Bangladesh,2022,24.4,74.265,,71.82198326,169384897.0,Lower middle income,,,169384897.0,,76.0,75.0,75.0,57.09033429,20.833697769493636,0.7071067811865474,38.099999999999994,19.374725804511403,-0.7071067811865472,70.84100000000001,4.842267237565482,0.7071067811865454,,,,Normal,2023,,171466990.0,74.672,24.4,71.49470683,,58.7628162375,37.9375,68.41125,67.457950115
BGD,Bangladesh,2022,24.4,74.265,,71.82198326,169384897.0,Lower middle income,,,169384897.0,,76.0,75.0,75.0,57.09033429,20.833697769493636,0.7071067811865474,38.099999999999994,19.374725804511403,-0.7071067811865472,70.84100000000001,4.842267237565482,0.7071067811865454,,,,Normal,2023,,171466990.0,74.672,24.4,71.49470683,,58.7628162375,37.9375,68.41125,67.457950115
BGD,Bangladesh,2022,24.4,74.265,,71.82198326,169384897.0,Lower middle income,,,169384897.0,,76.0,75.0,75.0,57.09033429,20.833697769493636,0.7071067811865474,38.099999999999994,19.374725804511403,-0.7071067811865472,70.84100000000001,4.842267237565482,0.7071067811865454,,,,Normal,2023,,171466990.0,74.672,24.4,71.49470683,,58.7628162375,37.9375,68.41125,67.457950115
BGD,Bangladesh,2022,24.4,74.265,,71.82198326,169384897.0,Lower middle income,,,169384897.0,,76.0,75.0,75.0,57.09033429,20.833697769493636,0.7071067811865474,38.099999999999994,19.374725804511403,-0.7071067811865472,70.84100000000001,4.842267237565482,0.7071067811865454,,,,Normal,2023,,171466990.0,74.672,24.4,71.49470683,,58.7628162375,37.9375,68.41125,67.457950115
BGD,Bangladesh,2022,24.4,74.265,,71.82198326,169384897.0,Lower middle income,,,169384897.0,,76.0,75.0,75.0,57.09033429,20.833697769493636,0.7071067811865474,38.099999999999994,19.374725804511403,-0.7071067811865472,70.84100000000001,4.842267237565482,0.7071067811865454,,,,Normal,2023,,171466990.0,74.672,24.4,71.49470683,,58.7628162375,37.9375,68.41125,67.457950115
BGD,Bangladesh,2023,24.4,74.672,,71.49470683,171466990.0,Lower middle income,,,171466990.0,,,76.0,75.0,71.49470683,,,37.25,18.172644276494275,-0.7071067811865475,71.1605,4.966010924273121,0.7071067811865475,,,,Normal,2023,,171466990.0,74.672,24.4,71.49470683,,58.7628162375,37.9375,68.41125,67.457950115
BGD,Bangladesh,2023,24.4,74.672,,71.49470683,171466990.0,Lower middle income,,,171466990.0,,,76.0,75.0,71.49470683,,,37.25,18.172644276494275,-0.7071067811865475,71.1605,4.966010924273121,0.7071067811865475,,,,Normal,2023,,171466990.0,74.672,24.4,71.49470683,,58.7628162375,37.9375,68.41125,67.457950115
BGD,Bangladesh,2023,24.4,74.672,,71.49470683,171466990.0,Lower middle income,,,171466990.0,,,76.0,75.0,71.49470683,,,37.25,18.172644276494275,-0.7071067811865475,71.1605,4.966010924273121,0.7071067811865475,,,,Normal,2023,,171466990.0,74.672,24.4,71.49470683,,58.7628162375,37.9375,68.41125,67.457950115
BGD,Bangladesh,2023,24.4,74.672,,71.49470683,171466990.0,Lower middle income,,,171466990.0,,,76.0,75.0,71.49470683,,,37.25,18.172644276494275,-0.7071067811865475,71.1605,4.966010924273121,0.7071067811865475,,,,Normal,2023,,171466990.0,74.672,24.4,71.49470683,,58.7628162375,37.9375,68.41125,67.457950115
BGD,Bangladesh,2023,24.4,74.672,,71.49470683,171466990.0,Lower middle income,,,171466990.0,,,76.0,75.0,71.49470683,,,37.25,18.172644276494275,-0.7071067811865475,71.1605,4.966010924273121,0.7071067811865475,,,,Normal,2023,,171466990.0,74.672,24.4,71.49470683,,58.7628162375,37.9375,68.41125,67.457950115
BGD,Bangladesh,2023,24.4,74.672,,71.49470683,171466990.0,Lower middle income,,,171466990.0,,,76.0,75.0,71.49470683,,,37.25,18.172644276494275,-0.7071067811865475,71.1605,4.966010924273121,0.7071067811865475,,,,Normal,2023,,171466990.0,74.672,24.4,71.49470683,,58.7628162375,37.9375,68.41125,67.457950115
BGD,Bangladesh,2023,24.4,74.672,,71.49470683,171466990.0,Lower middle income,,,171466990.0,,,76.0,75.0,71.49470683,,,37.25,18.172644276494275,-0.7071067811865475,71.1605,4.966010924273121,0.7071067811865475,,,,Normal,2023,,171466990.0,74.672,24.4,71.49470683,,58.7628162375,37.9375,68.41125,67.457950115
BGD,Bangladesh,2023,24.4,74.672,,71.49470683,171466990.0,Lower middle income,,,171466990.0,,,76.0,75.0,71.49470683,,,37.25,18.172644276494275,-0.7071067811865475,71.1605,4.966010924273121,0.7071067811865475,,,,Normal,2023,,171466990.0,74.672,24.4,71.49470683,,58.7628162375,37.9375,68.41125,67.457950115
BGD,Bangladesh,2023,24.4,74.672,,71.49470683,171466990.0,Lower middle income,,,171466990.0,,,76.0,75.0,71.49470683,,,37.25,18.172644276494275,-0.7071067811865475,71.1605,4.966010924273121,0.7071067811865475,,,,Normal,2023,,171466990.0,74.672,24.4,71.49470683,,58.7628162375,37.9375,68.41125,67.457950115
BGD,Bangladesh,2023,24.4,74.672,,71.49470683,171466990.0,Lower middle income,,,171466990.0,,,76.0,75.0,71.49470683,,,37.25,18.172644276494275,-0.7071067811865475,71.1605,4.966010924273121,0.7071067811865475,,,,Normal,2023,,171466990.0,74.672,24.4,71.49470683,,58.7628162375,37.9375,68.41125,67.457950115
BGD,Bangladesh,2023,24.4,74.672,,71.49470683,171466990.0,Lower middle income,,,171466990.0,,,76.0,75.0,71.49470683,,,37.25,18.172644276494275,-0.7071067811865475,71.1605,4.966010924273121,0.7071067811865475,,,,Normal,2023,,171466990.0,74.672,24.4,71.49470683,,58.7628162375,37.9375,68.41125,67.457950115
BGD,Bangladesh,2023,24.4,74.672,,71.49470683,171466990.0,Lower middle income,,,171466990.0,,,76.0,75.0,71.49470683,,,37.25,18.172644276494275,-0.7071067811865475,71.1605,4.966010924273121,0.7071067811865475,,,,Normal,2023,,171466990.0,74.672,24.4,71.49470683,,58.7628162375,37.9375,68.41125,67.457950115
BGD,Bangladesh,2023,24.4,74.672,,71.49470683,171466990.0,Lower middle income,,,171466990.0,,,76.0,75.0,71.49470683,,,37.25,18.172644276494275,-0.7071067811865475,71.1605,4.966010924273121,0.7071067811865475,,,,Normal,2023,,171466990.0,74.672,24.4,71.49470683,,58.7628162375,37.9375,68.41125,67.457950115
BGD,Bangladesh,2023,24.4,74.672,,71.49470683,171466990.0,Lower middle income,,,171466990.0,,,76.0,75.0,71.49470683,,,37.25,18.172644276494275,-0.7071067811865475,71.1605,4.966010924273121,0.7071067811865475,,,,Normal,2023,,171466990.0,74.672,24.4,71.49470683,,58.7628162375,37.9375,68.41125,67.457950115
BGD,Bangladesh,2023,24.4,74.672,,71.49470683,171466990.0,Lower middle income,,,171466990.0,,,76.0,75.0,71.49470683,,,37.25,18.172644276494275,-0.7071067811865475,71.1605,4.966010924273121,0.7071067811865475,,,,Normal,2023,,171466990.0,74.672,24.4,71.49470683,,58.7628162375,37.9375,68.41125,67.457950115
BGD,Bangladesh,2023,24.4,74.672,,71.49470683,171466990.0,Lower middle income,,,171466990.0,,,76.0,75.0,71.49470683,,,37.25,18.172644276494275,-0.7071067811865475,71.1605,4.966010924273121,0.7071067811865475,,,,Normal,2023,,171466990.0,74.672,24.4,71.49470683,,58.7628162375,37.9375,68.41125,67.457950115
ETH,Ethiopia,2000,92.2,50.88,,13.98243046,67411494.0,Low income,,,67411494.0,,,,,13.98243046,,,84.26666666666667,11.724049357339528,0.6766717787968783,53.15533333333334,5.053045154491826,-0.4502895311178278,61.0,,,Normal,2023,,128691692.0,67.315,35.7,,,21.29883420625,60.175000000000004,59.548375,40.796621704
ETH,Ethiopia,2000,92.2,50.88,,13.98243046,67411494.0,Low income,,,67411494.0,,,,,13.98243046,,,84.26666666666667,11.724049357339528,0.6766717787968783,53.15533333333334,5.053045154491826,-0.4502895311178278,61.0,,,Normal,2023,,128691692.0,67.315,35.7,,,21.29883420625,60.175000000000004,59.548375,40.796621704
ETH,Ethiopia,2000,92.2,50.88,,13.98243046,67411494.0,Low income,,,67411494.0,,,,,13.98243046,,,84.26666666666667,11.724049357339528,0.6766717787968783,53.15533333333334,5.053045154491826,-0.4502895311178278,61.0,,,Normal,2023,,128691692.0,67.315,35.7,,,21.29883420625,60.175000000000004,59.548375,40.796621704
ETH,Ethiopia,2000,92.2,50.88,,13.98243046,67411494.0,Low income,,,67411494.0,,,,,13.98243046,,,84.26666666666667,11.724049357339528,0.6766717787968783,53.15533333333334,5.053045154491826,-0.4502895311178278,61.0,,,Normal,2023,,128691692.0,67.315,35.7,,,21.29883420625,60.175000000000004,59.548375,40.796621704
ETH,Ethiopia,2000,92.2,50.88,,13.98243046,67411494.0,Low income,,,67411494.0,,,,,13.98243046,,,84.26666666666667,11.724049357339528,0.6766717787968783,53.15533333333334,5.053045154491826,-0.4502895311178278,61.0,,,Normal,2023,,128691692.0,67.315,35.7,,,21.29883420625,60.175000000000004,59.548375,40.796621704
ETH,Ethiopia,2000,92.2,50.88,,13.98243046,67411494.0,Low income,,,67411494.0,,,,,13.98243046,,,84.26666666666667,11.724049357339528,0.6766717787968783,53.15533333333334,5.053045154491826,-0.4502895311178278,61.0,,,Normal,2023,,128691692.0,67.315,35.7,,,21.29883420625,60.175000000000004,59.548375,40.796621704
ETH,Ethiopia,2000,92.2,50.88,,13.98243046,67411494.0,Low income,,,67411494.0,,,,,13.98243046,,,84.26666666666667,11.724049357339528,0.6766717787968783,53.15533333333334,5.053045154491826,-0.4502895311178278,61.0,,,Normal,2023,,128691692.0,67.315,35.7,,,21.29883420625,60.175000000000004,59.548375,40.796621704
ETH,Ethiopia,2000,92.2,50.88,,13.98243046,67411494.0,Low income,,,67411494.0,,,,,13.98243046,,,84.26666666666667,11.724049357339528,0.6766717787968783,53.15533333333334,5.053045154491826,-0.4502895311178278,61.0,,,Normal,2023,,128691692.0,67.315,35.7,,,21.29883420625,60.175000000000004,59.548375,40.796621704
ETH,Ethiopia,2000,92.2,50.88,,13.98243046,67411494.0,Low income,,,67411494.0,,,,,13.98243046,,,84.26666666666667,11.724049357339528,0.6766717787968783,53.15533333333334,5.053045154491826,-0.4502895311178278,61.0,,,Normal,2023,,128691692.0,67.315,35.7,,,21.29883420625,60.175000000000004,59.548375,40.796621704
ETH,Ethiopia,2000,92.2,50.88,,13.98243046,67411494.0,Low income,,,67411494.0,,,,,13.98243046,,,84.26666666666667,11.724049357339528,0.6766717787968783,53.15533333333334,5.053045154491826,-0.4502895311178278,61.0,,,Normal,2023,,128691692.0,67.315,35.7,,,21.29883420625,60.175000000000004,59.548375,40.796621704
ETH,Ethiopia,2000,92.2,50.88,,13.98243046,67411494.0,Low income,,,67411494.0,,,,,13.98243046,,,84.26666666666667,11.724049357339528,0.6766717787968783,53.15533333333334,5.053045154491826,-0.4502895311178278,61.0,,,Normal,2023,,128691692.0,67.315,35.7,,,21.29883420625,60.175000000000004,59.548375,40.796621704
ETH,Ethiopia,2000,92.2,50.88,,13.98243046,67411494.0,Low income,,,67411494.0,,,,,13.98243046,,,84.26666666666667,11.724049357339528,0.6766717787968783,53.15533333333334,5.053045154491826,-0.4502895311178278,61.0,,,Normal,2023,,128691692.0,67.315,35.7,,,21.29883420625,60.175000000000004,59.548375,40.796621704
ETH,Ethiopia,2000,92.2,50.88,,13.98243046,67411494.0,Low income,,,67411494.0,,,,,13.98243046,,,84.26666666666667,11.724049357339528,0.6766717787968783,53.15533333333334,5.053045154491826,-0.4502895311178278,61.0,,,Normal,2023,,128691692.0,67.315,35.7,,,21.29883420625,60.175000000000004,59.548375,40.796621704
ETH,Ethiopia,2000,92.2,50.88,,13.98243046,67411494.0,Low income,,,67411494.0,,,,,13.98243046,,,84.26666666666667,11.724049357339528,0.6766717787968783,53.15533333333334,5.053045154491826,-0.4502895311178278,61.0,,,Normal,2023,,128691692.0,67.315,35.7,,,21.29883420625,60.175000000000004,59.548375,40.796621704
ETH,Ethiopia,2000,92.2,50.88,,13.98243046,67411494.0,Low income,,,67411494.0,,,,,13.98243046,,,84.26666666666667,11.724049357339528,0.6766717787968783,53.15533333333334,5.053045154491826,-0.4502895311178278,61.0,,,Normal,2023,,128691692.0,67.315,35.7,,,21.29883420625,60.175000000000004,59.548375,40.796621704
ETH,Ethiopia,2000,92.2,50.88,,13.98243046,67411494.0,Low income,,,67411494.0,,,,,13.98243046,,,84.26666666666667,11.724049357339528,0.6766717787968783,53.15533333333334,5.053045154491826,-0.4502895311178278,61.0,,,Normal,2023,,128691692.0,67.315,35.7,,,21.29883420625,60.175000000000004,59.548375,40.796621704
ETH,Ethiopia,2001,88.7,51.428,,16.76921082,69487762.0,Low income,,,69487762.0,,,,,24.01600552,10.248515348473463,-0.7071067811865476,81.16666666666667,10.715098381878413,0.7030577848985367,53.756,4.789052515894977,-0.4861086806363715,,,,Normal,2023,,128691692.0,67.315,35.7,,,21.29883420625,60.175000000000004,59.548375,40.796621704
ETH,Ethiopia,2001,88.7,51.428,,16.76921082,69487762.0,Low income,,,69487762.0,,,,,24.01600552,10.248515348473463,-0.7071067811865476,81.16666666666667,10.715098381878413,0.7030577848985367,53.756,4.789052515894977,-0.4861086806363715,,,,Normal,2023,,128691692.0,67.315,35.7,,,21.29883420625,60.175000000000004,59.548375,40.796621704
ETH,Ethiopia,2001,88.7,51.428,,16.76921082,69487762.0,Low income,,,69487762.0,,,,,24.01600552,10.248515348473463,-0.7071067811865476,81.16666666666667,10.715098381878413,0.7030577848985367,53.756,4.789052515894977,-0.4861086806363715,,,,Normal,2023,,128691692.0,67.315,35.7,,,21.29883420625,60.175000000000004,59.548375,40.796621704
ETH,Ethiopia,2001,88.7,51.428,,16.76921082,69487762.0,Low income,,,69487762.0,,,,,24.01600552,10.248515348473463,-0.7071067811865476,81.16666666666667,10.715098381878413,0.7030577848985367,53.756,4.789052515894977,-0.4861086806363715,,,,Normal,2023,,128691692.0,67.315,35.7,,,21.29883420625,60.175000000000004,59.548375,40.796621704
ETH,Ethiopia,2001,88.7,51.428,,16.76921082,69487762.0,Low income,,,69487762.0,,,,,24.01600552,10.248515348473463,-0.7071067811865476,81.16666666666667,10.715098381878413,0.7030577848985367,53.756,4.789052515894977,-0.4861086806363715,,,,Normal,2023,,128691692.0,67.315,35.7,,,21.29883420625,60.175000000000004,59.548375,40.796621704
ETH,Ethiopia,2001,88.7,51.428,,16.76921082,69487762.0,Low income,,,69487762.0,,,,,24.01600552,10.248515348473463,-0.7071067811865476,81.16666666666667,10.715098381878413,0.7030577848985367,53.756,4.789052515894977,-0.4861086806363715,,,,Normal,2023,,128691692.0,67.315,35.7,,,21.29883420625,60.175000000000004,59.548375,40.796621704
ETH,Ethiopia,2001,88.7,51.428,,16.76921082,69487762.0,Low income,,,69487762.0,,,,,24.01600552,10.248515348473463,-0.7071067811865476,81.16666666666667,10.715098381878413,0.7030577848985367,53.756,4.789052515894977,-0.4861086806363715,,,,Normal,2023,,128691692.0,67.315,35.7,,,21.29883420625,60.175000000000004,59.548375,40.796621704
ETH,Ethiopia,2001,88.7,51.428,,16.76921082,69487762.0,Low income,,,69487762.0,,,,,24.01600552,10.248515348473463,-0.7071067811865476,81.16666666666667,10.715098381878413,0.7030577848985367,53.756,4.789052515894977,-0.4861086806363715,,,,Normal,2023,,128691692.0,67.315,35.7,,,21.29883420625,60.175000000000004,59.548375,40.796621704
ETH,Ethiopia,2001,88.7,51.428,,16.76921082,69487762.0,Low income,,,69487762.0,,,,,24.01600552,10.248515348473463,-0.7071067811865476,81.16666666666667,10.715098381878413,0.7030577848985367,53.756,4.789052515894977,-0.4861086806363715,,,,Normal,2023,,128691692.0,67.315,35.7,,,21.29883420625,60.175000000000004,59.548375,40.796621704
ETH,Ethiopia,2001,88.7,51.428,,16.76921082,69487762.0,Low income,,,69487762.0,,,,,24.01600552,10.248515348473463,-0.7071067811865476,81.16666666666667,10.715098381878413,0.7030577848985367,53.756,4.789052515894977,-0.4861086806363715,,,,Normal,2023,,128691692.0,67.315,35.7,,,21.29883420625,60.175000000000004,59.548375,40.796621704
ETH,Ethiopia,2001,88.7,51.428,,16.76921082,69487762.0,Low income,,,69487762.0,,,,,24.01600552,10.248515348473463,-0.7071067811865476,81.16666666666667,10.715098381878413,0.7030577848985367,53.756,4.789052515894977,-0.4861086806363715,,,,Normal,2023,,128691692.0,67.315,35.7,,,21.29883420625,60.175000000000004,59.548375,40.796621704
ETH,Ethiopia,2001,88.7,51.428,,16.76921082,69487762.0,Low income,,,69487762.0,,,,,24.01600552,10.248515348473463,-0.7071067811865476,81.16666666666667,10.715098381878413,0.7030577848985367,53.756,4.789052515894977,-0.4861086806363715,,,,Normal,2023,,128691692.0,67.315,35.7,,,21.29883420625,60.175000000000004,59.548375,40.796621704
ETH,Ethiopia,2001,88.7,51.428,,16.76921082,69487762.0,Low income,,,69487762.0,,,,,24.01600552,10.248515348473463,-0.7071067811865476,81.16666666666667,10.715098381878413,0.7030577848985367,53.756,4.789052515894977,-0.4861086806363715,,,,Normal,2023,,128691692.0,67.315,35.7,,,21.29883420625,60.175000000000004,59.548375,40.796621704
ETH,Ethiopia,2001,88.7,51.428,,16.76921082,69487762.0,Low income,,,69487762.0,,,,,24.01600552,10.248515348473463,-0.7071067811865476,81.16666666666667,10.715098381878413,0.7030577848985367,53.756,4.789052515894977,-0.4861086806363715,,,,Normal,2023,,128691692.0,67.315,35.7,,,21.29883420625,60.175000000000004,59.548375,40.796621704
ETH,Ethiopia,2001,88.7,51.428,,16.76921082,69487762.0,Low income,,,69487762.0,,,,,24.01600552,10.248515348473463,-0.7071067811865476,81.16666666666667,10.715098381878413,0.7030577848985367,53.756,4.789052515894977,-0.4861086806363715,,,,Normal,2023,,128691692.0,67.315,35.7,,,21.29883420625,60.175000000000004,59.548375,40.796621704
ETH,Ethiopia,2001,88.7,51.428,,16.76921082,69487762.0,Low income,,,69487762.0,,,,,24.01600552,10.248515348473463,-0.7071067811865476,81.16666666666667,10.715098381878413,0.7030577848985367,53.756,4.789052515894977,-0.4861086806363715,,,,Normal,2023,,128691692.0,67.315,35.7,,,21.29883420625,60.175000000000004,59.548375,40.796621704
ETH,Ethiopia,2002,85.1,52.085,,18.58958054,71635517.0,Low income,,,71635517.0,,,,,24.957495690000002,9.0055919691711,-0.7071067811865479,77.8,9.619251530134761,0.7588948035230063,54.27866666666667,4.3673431664266245,-0.5022885958516372,68.0,,,Normal,2023,,128691692.0,67.315,35.7,,,21.29883420625,60.175000000000004,59.548375,40.796621704
ETH,Ethiopia,2002,85.1,52.085,,18.58958054,71635517.0,Low income,,,71635517.0,,,,,24.957495690000002,9.0055919691711,-0.7071067811865479,77.8,9.619251530134761,0.7588948035230063,54.27866666666667,4.3673431664266245,-0.5022885958516372,68.0,,,Normal,2023,,128691692.0,67.315,35.7,,,21.29883420625,60.175000000000004,59.548375,40.796621704
ETH,Ethiopia,2002,85.1,52.085,,18.58958054,71635517.0,Low income,,,71635517.0,,,,,24.957495690000002,9.0055919691711,-0.7071067811865479,77.8,9.619251530134761,0.7588948035230063,54.27866666666667,4.3673431664266245,-0.5022885958516372,68.0,,,Normal,2023,,128691692.0,67.315,35.7,,,21.29883420625,60.175000000000004,59.548375,40.796621704
ETH,Ethiopia,2002,85.1,52.085,,18.58958054,71635517.0,Low income,,,71635517.0,,,,,24.957495690000002,9.0055919691711,-0.7071067811865479,77.8,9.619251530134761,0.7588948035230063,54.27866666666667,4.3673431664266245,-0.5022885958516372,68.0,,,Normal,2023,,128691692.0,67.315,35.7,,,21.29883420625,60.175000000000004,59.548375,40.796621704
ETH,Ethiopia,2002,85.1,52.085,,18.58958054,71635517.0,Low income,,,71635517.0,,,,,24.957495690000002,9.0055919691711,-0.7071067811865479,77.8,9.619251530134761,0.7588948035230063,54.27866666666667,4.3673431664266245,-0.5022885958516372,68.0,,,Normal,2023,,128691692.0,67.315,35.7,,,21.29883420625,60.175000000000004,59.548375,40.796621704
ETH,Ethiopia,2002,85.1,52.085,,18.58958054,71635517.0,Low income,,,71635517.0,,,,,24.957495690000002,9.0055919691711,-0.7071067811865479,77.8,9.619251530134761,0.7588948035230063,54.27866666666667,4.3673431664266245,-0.5022885958516372,68.0,,,Normal,2023,,128691692.0,67.315,35.7,,,21.29883420625,60.175000000000004,59.548375,40.796621704
ETH,Ethiopia,2002,85.1,52.085,,18.58958054,71635517.0,Low income,,,71635517.0,,,,,24.957495690000002,9.0055919691711,-0.7071067811865479,77.8,9.619251530134761,0.7588948035230063,54.27866666666667,4.3673431664266245,-0.5022885958516372,68.0,,,Normal,2023,,128691692.0,67.315,35.7,,,21.29883420625,60.175000000000004,59.548375,40.796621704
ETH,Ethiopia,2002,85.1,52.085,,18.58958054,71635517.0,Low income,,,71635517.0,,,,,24.957495690000002,9.0055919691711,-0.7071067811865479,77.8,9.619251530134761,0.7588948035230063,54.27866666666667,4.3673431664266245,-0.5022885958516372,68.0,,,Normal,2023,,128691692.0,67.315,35.7,,,21.29883420625,60.175000000000004,59.548375,40.796621704
ETH,Ethiopia,2002,85.1,52.085,,18.58958054,71635517.0,Low income,,,71635517.0,,,,,24.957495690000002,9.0055919691711,-0.7071067811865479,77.8,9.619251530134761,0.7588948035230063,54.27866666666667,4.3673431664266245,-0.5022885958516372,68.0,,,Normal,2023,,128691692.0,67.315,35.7,,,21.29883420625,60.175000000000004,59.548375,40.796621704
ETH,Ethiopia,2002,85.1,52.085,,18.58958054,71635517.0,Low income,,,71635517.0,,,,,24.957495690000002,9.0055919691711,-0.7071067811865479,77.8,9.619251530134761,0.7588948035230063,54.27866666666667,4.3673431664266245,-0.5022885958516372,68.0,,,Normal,2023,,128691692.0,67.315,35.7,,,21.29883420625,60.175000000000004,59.548375,40.796621704
ETH,Ethiopia,2002,85.1,52.085,,18.58958054,71635517.0,Low income,,,71635517.0,,,,,24.957495690000002,9.0055919691711,-0.7071067811865479,77.8,9.619251530134761,0.7588948035230063,54.27866666666667,4.3673431664266245,-0.5022885958516372,68.0,,,Normal,2023,,128691692.0,67.315,35.7,,,21.29883420625,60.175000000000004,59.548375,40.796621704
ETH,Ethiopia,2002,85.1,52.085,,18.58958054,71635517.0,Low income,,,71635517.0,,,,,24.957495690000002,9.0055919691711,-0.7071067811865479,77.8,9.619251530134761,0.7588948035230063,54.27866666666667,4.3673431664266245,-0.5022885958516372,68.0,,,Normal,2023,,128691692.0,67.315,35.7,,,21.29883420625,60.175000000000004,59.548375,40.796621704
ETH,Ethiopia,2002,85.1,52.085,,18.58958054,71635517.0,Low income,,,71635517.0,,,,,24.957495690000002,9.0055919691711,-0.7071067811865479,77.8,9.619251530134761,0.7588948035230063,54.27866666666667,4.3673431664266245,-0.5022885958516372,68.0,,,Normal,2023,,128691692.0,67.315,35.7,,,21.29883420625,60.175000000000004,59.548375,40.796621704
ETH,Ethiopia,2002,85.1,52.085,,18.58958054,71635517.0,Low income,,,71635517.0,,,,,24.957495690000002,9.0055919691711,-0.7071067811865479,77.8,9.619251530134761,0.7588948035230063,54.27866666666667,4.3673431664266245,-0.5022885958516372,68.0,,,Normal,2023,,128691692.0,67.315,35.7,,,21.29883420625,60.175000000000004,59.548375,40.796621704
ETH,Ethiopia,2002,85.1,52.085,,18.58958054,71635517.0,Low income,,,71635517.0,,,,,24.957495690000002,9.0055919691711,-0.7071067811865479,77.8,9.619251530134761,0.7588948035230063,54.27866666666667,4.3673431664266245,-0.5022885958516372,68.0,,,Normal,2023,,128691692.0,67.315,35.7,,,21.29883420625,60.175000000000004,59.548375,40.796621704
ETH,Ethiopia,2002,85.1,52.085,,18.58958054,71635517.0,Low income,,,71635517.0,,,,,24.957495690000002,9.0055919691711,-0.7071067811865479,77.8,9.619251530134761,0.7588948035230063,54.27866666666667,4.3673431664266245,-0.5022885958516372,68.0,,,Normal,2023,,128691692.0,67.315,35.7,,,21.29883420625,60.175000000000004,59.548375,40.796621704
ETH,Ethiopia,2003,81.6,52.877,,19.02877045,73832663.0,Low income,,,73832663.0,,,,,25.95557976,9.795987670174224,-0.7071067811865472,74.39999999999999,8.515867542417505,0.8454805061418381,54.53666666666667,3.2837670948673177,-0.5054154630091773,,,,Normal,2023,,128691692.0,67.315,35.7,,,21.29883420625,60.175000000000004,59.548375,40.796621704
ETH,Ethiopia,2003,81.6,52.877,,19.02877045,73832663.0,Low income,,,73832663.0,,,,,25.95557976,9.795987670174224,-0.7071067811865472,74.39999999999999,8.515867542417505,0.8454805061418381,54.53666666666667,3.2837670948673177,-0.5054154630091773,,,,Normal,2023,,128691692.0,67.315,35.7,,,21.29883420625,60.175000000000004,59.548375,40.796621704
ETH,Ethiopia,2003,81.6,52.877,,19.02877045,73832663.0,Low income,,,73832663.0,,,,,25.95557976,9.795987670174224,-0.7071067811865472,74.39999999999999,8.515867542417505,0.8454805061418381,54.53666666666667,3.2837670948673177,-0.5054154630091773,,,,Normal,2023,,128691692.0,67.315,35.7,,,21.29883420625,60.175000000000004,59.548375,40.796621704
ETH,Ethiopia,2003,81.6,52.877,,19.02877045,73832663.0,Low income,,,73832663.0,,,,,25.95557976,9.795987670174224,-0.7071067811865472,74.39999999999999,8.515867542417505,0.8454805061418381,54.53666666666667,3.2837670948673177,-0.5054154630091773,,,,Normal,2023,,128691692.0,67.315,35.7,,,21.29883420625,60.175000000000004,59.548375,40.796621704
ETH,Ethiopia,2003,81.6,52.877,,19.02877045,73832663.0,Low income,,,73832663.0,,,,,25.95557976,9.795987670174224,-0.7071067811865472,74.39999999999999,8.515867542417505,0.8454805061418381,54.53666666666667,3.2837670948673177,-0.5054154630091773,,,,Normal,2023,,128691692.0,67.315,35.7,,,21.29883420625,60.175000000000004,59.548375,40.796621704
ETH,Ethiopia,2003,81.6,52.877,,19.02877045,73832663.0,Low income,,,73832663.0,,,,,25.95557976,9.795987670174224,-0.7071067811865472,74.39999999999999,8.515867542417505,0.8454805061418381,54.53666666666667,3.2837670948673177,-0.5054154630091773,,,,Normal,2023,,128691692.0,67.315,35.7,,,21.29883420625,60.175000000000004,59.548375,40.796621704
ETH,Ethiopia,2003,81.6,52.877,,19.02877045,73832663.0,Low income,,,73832663.0,,,,,25.95557976,9.795987670174224,-0.7071067811865472,74.39999999999999,8.515867542417505,0.8454805061418381,54.53666666666667,3.2837670948673177,-0.5054154630091773,,,,Normal,2023,,128691692.0,67.315,35.7,,,21.29883420625,60.175000000000004,59.548375,40.796621704
ETH,Ethiopia,2003,81.6,52.877,,19.02877045,73832663.0,Low income,,,73832663.0,,,,,25.95557976,9.795987670174224,-0.7071067811865472,74.39999999999999,8.515867542417505,0.8454805061418381,54.53666666666667,3.2837670948673177,-0.5054154630091773,,,,Normal,2023,,128691692.0,67.315,35.7,,,21.29883420625,60.175000000000004,59.548375,40.796621704
ETH,Ethiopia,2003,81.6,52.877,,19.02877045,73832663.0,Low income,,,73832663.0,,,,,25.95557976,9.795987670174224,-0.7071067811865472,74.39999999999999,8.515867542417505,0.8454805061418381,54.53666666666667,3.2837670948673177,-0.5054154630091773,,,,Normal,2023,,128691692.0,67.315,35.7,,,21.29883420625,60.175000000000004,59.548375,40.796621704
ETH,Ethiopia,2003,81.6,52.877,,19.02877045,73832663.0,Low income,,,73832663.0,,,,,25.95557976,9.795987670174224,-0.7071067811865472,74.39999999999999,8.515867542417505,0.8454805061418381,54.53666666666667,3.2837670948673177,-0.5054154630091773,,,,Normal,2023,,128691692.0,67.315,35.7,,,21.29883420625,60.175000000000004,59.548375,40.796621704
ETH,Ethiopia,2003,81.6,52.877,,19.02877045,73832663.0,Low income,,,73832663.0,,,,,25.95557976,9.795987670174224,-0.7071067811865472,74.39999999999999,8.515867542417505,0.8454805061418381,54.53666666666667,3.2837670948673177,-0.5054154630091773,,,,Normal,2023,,128691692.0,67.315,35.7,,,21.29883420625,60.175000000000004,59.548375,40.796621704
ETH,Ethiopia,2003,81.6,52.877,,19.02877045,73832663.0,Low income,,,73832663.0,,,,,25.95557976,9.795987670174224,-0.7071067811865472,74.39999999999999,8.515867542417505,0.8454805061418381,54.53666666666667,3.2837670948673177,-0.5054154630091773,,,,Normal,2023,,128691692.0,67.315,35.7,,,21.29883420625,60.175000000000004,59.548375,40.796621704
ETH,Ethiopia,2003,81.6,52.877,,19.02877045,73832663.0,Low income,,,73832663.0,,,,,25.95557976,9.795987670174224,-0.7071067811865472,74.39999999999999,8.515867542417505,0.8454805061418381,54.53666666666667,3.2837670948673177,-0.5054154630091773,,,,Normal,2023,,128691692.0,67.315,35.7,,,21.29883420625,60.175000000000004,59.548375,40.796621704
ETH,Ethiopia,2003,81.6,52.877,,19.02877045,73832663.0,Low income,,,73832663.0,,,,,25.95557976,9.795987670174224,-0.7071067811865472,74.39999999999999,8.515867542417505,0.8454805061418381,54.53666666666667,3.2837670948673177,-0.5054154630091773,,,,Normal,2023,,128691692.0,67.315,35.7,,,21.29883420625,60.175000000000004,59.548375,40.796621704
ETH,Ethiopia,2003,81.6,52.877,,19.02877045,73832663.0,Low income,,,73832663.0,,,,,25.95557976,9.795987670174224,-0.7071067811865472,74.39999999999999,8.515867542417505,0.8454805061418381,54.53666666666667,3.2837670948673177,-0.5054154630091773,,,,Normal,2023,,128691692.0,67.315,35.7,,,21.29883420625,60.175000000000004,59.548375,40.796621704
ETH,Ethiopia,2003,81.6,52.877,,19.02877045,73832663.0,Low income,,,73832663.0,,,,,25.95557976,9.795987670174224,-0.7071067811865472,74.39999999999999,8.515867542417505,0.8454805061418381,54.53666666666667,3.2837670948673177,-0.5054154630091773,,,,Normal,2023,,128691692.0,67.315,35.7,,,21.29883420625,60.175000000000004,59.548375,40.796621704
ETH,Ethiopia,2004,77.9,53.735,35.90000153,21.00012016,76077206.0,Low income,,,76077206.0,,,,,25.46695391333333,9.50140323045786,-0.47012358543150456,72.60000000000001,4.91222963632606,1.0789397875063425,54.73566666666667,1.7644742370840496,-0.567118887675208,35.90000153,,,Normal,2023,,128691692.0,67.315,35.7,,,21.29883420625,60.175000000000004,59.548375,40.796621704
ETH,Ethiopia,2004,77.9,53.735,35.90000153,21.00012016,76077206.0,Low income,,,76077206.0,,,,,25.46695391333333,9.50140323045786,-0.47012358543150456,72.60000000000001,4.91222963632606,1.0789397875063425,54.73566666666667,1.7644742370840496,-0.567118887675208,35.90000153,,,Normal,2023,,128691692.0,67.315,35.7,,,21.29883420625,60.175000000000004,59.548375,40.796621704
ETH,Ethiopia,2004,77.9,53.735,35.90000153,21.00012016,76077206.0,Low income,,,76077206.0,,,,,25.46695391333333,9.50140323045786,-0.47012358543150456,72.60000000000001,4.91222963632606,1.0789397875063425,54.73566666666667,1.7644742370840496,-0.567118887675208,35.90000153,,,Normal,2023,,128691692.0,67.315,35.7,,,21.29883420625,60.175000000000004,59.548375,40.796621704
ETH,Ethiopia,2004,77.9,53.735,35.90000153,21.00012016,76077206.0,Low income,,,76077206.0,,,,,25.46695391333333,9.50140323045786,-0.47012358543150456,72.60000000000001,4.91222963632606,1.0789397875063425,54.73566666666667,1.7644742370840496,-0.567118887675208,35.90000153,,,Normal,2023,,128691692.0,67.315,35.7,,,21.29883420625,60.175000000000004,59.548375,40.796621704
ETH,Ethiopia,2004,77.9,53.735,35.90000153,21.00012016,76077206.0,Low income,,,76077206.0,,,,,25.46695391333333,9.50140323045786,-0.47012358543150456,72.60000000000001,4.91222963632606,1.0789397875063425,54.73566666666667,1.7644742370840496,-0.567118887675208,35.90000153,,,Normal,2023,,128691692.0,67.315,35.7,,,21.29883420625,60.175000000000004,59.548375,40.796621704
ETH,Ethiopia,2004,77.9,53.735,35.90000153,21.00012016,76077206.0,Low income,,,76077206.0,,,,,25.46695391333333,9.50140323045786,-0.47012358543150456,72.60000000000001,4.91222963632606,1.0789397875063425,54.73566666666667,1.7644742370840496,-0.567118887675208,35.90000153,,,Normal,2023,,128691692.0,67.315,35.7,,,21.29883420625,60.175000000000004,59.548375,40.796621704
ETH,Ethiopia,2004,77.9,53.735,35.90000153,21.00012016,76077206.0,Low income,,,76077206.0,,,,,25.46695391333333,9.50140323045786,-0.47012358543150456,72.60000000000001,4.91222963632606,1.0789397875063425,54.73566666666667,1.7644742370840496,-0.567118887675208,35.90000153,,,Normal,2023,,128691692.0,67.315,35.7,,,21.29883420625,60.175000000000004,59.548375,40.796621704
ETH,Ethiopia,2004,77.9,53.735,35.90000153,21.00012016,76077206.0,Low income,,,76077206.0,,,,,25.46695391333333,9.50140323045786,-0.47012358543150456,72.60000000000001,4.91222963632606,1.0789397875063425,54.73566666666667,1.7644742370840496,-0.567118887675208,35.90000153,,,Normal,2023,,128691692.0,67.315,35.7,,,21.29883420625,60.175000000000004,59.548375,40.796621704
ETH,Ethiopia,2004,77.9,53.735,35.90000153,21.00012016,76077206.0,Low income,,,76077206.0,,,,,25.46695391333333,9.50140323045786,-0.47012358543150456,72.60000000000001,4.91222963632606,1.0789397875063425,54.73566666666667,1.7644742370840496,-0.567118887675208,35.90000153,,,Normal,2023,,128691692.0,67.315,35.7,,,21.29883420625,60.175000000000004,59.548375,40.796621704
ETH,Ethiopia,2004,77.9,53.735,35.90000153,21.00012016,76077206.0,Low income,,,76077206.0,,,,,25.46695391333333,9.50140323045786,-0.47012358543150456,72.60000000000001,4.91222963632606,1.0789397875063425,54.73566666666667,1.7644742370840496,-0.567118887675208,35.90000153,,,Normal,2023,,128691692.0,67.315,35.7,,,21.29883420625,60.175000000000004,59.548375,40.796621704
ETH,Ethiopia,2004,77.9,53.735,35.90000153,21.00012016,76077206.0,Low income,,,76077206.0,,,,,25.46695391333333,9.50140323045786,-0.47012358543150456,72.60000000000001,4.91222963632606,1.0789397875063425,54.73566666666667,1.7644742370840496,-0.567118887675208,35.90000153,,,Normal,2023,,128691692.0,67.315,35.7,,,21.29883420625,60.175000000000004,59.548375,40.796621704
ETH,Ethiopia,2004,77.9,53.735,35.90000153,21.00012016,76077206.0,Low income,,,76077206.0,,,,,25.46695391333333,9.50140323045786,-0.47012358543150456,72.60000000000001,4.91222963632606,1.0789397875063425,54.73566666666667,1.7644742370840496,-0.567118887675208,35.90000153,,,Normal,2023,,128691692.0,67.315,35.7,,,21.29883420625,60.175000000000004,59.548375,40.796621704
ETH,Ethiopia,2004,77.9,53.735,35.90000153,21.00012016,76077206.0,Low income,,,76077206.0,,,,,25.46695391333333,9.50140323045786,-0.47012358543150456,72.60000000000001,4.91222963632606,1.0789397875063425,54.73566666666667,1.7644742370840496,-0.567118887675208,35.90000153,,,Normal,2023,,128691692.0,67.315,35.7,,,21.29883420625,60.175000000000004,59.548375,40.796621704
ETH,Ethiopia,2004,77.9,53.735,35.90000153,21.00012016,76077206.0,Low income,,,76077206.0,,,,,25.46695391333333,9.50140323045786,-0.47012358543150456,72.60000000000001,4.91222963632606,1.0789397875063425,54.73566666666667,1.7644742370840496,-0.567118887675208,35.90000153,,,Normal,2023,,128691692.0,67.315,35.7,,,21.29883420625,60.175000000000004,59.548375,40.796621704
ETH,Ethiopia,2004,77.9,53.735,35.90000153,21.00012016,76077206.0,Low income,,,76077206.0,,,,,25.46695391333333,9.50140323045786,-0.47012358543150456,72.60000000000001,4.91222963632606,1.0789397875063425,54.73566666666667,1.7644742370840496,-0.567118887675208,35.90000153,,,Normal,2023,,128691692.0,67.315,35.7,,,21.29883420625,60.175000000000004,59.548375,40.796621704
ETH,Ethiopia,2004,77.9,53.735,35.90000153,21.00012016,76077206.0,Low income,,,76077206.0,,,,,25.46695391333333,9.50140323045786,-0.47012358543150456,72.60000000000001,4.91222963632606,1.0789397875063425,54.73566666666667,1.7644742370840496,-0.567118887675208,35.90000153,,,Normal,2023,,128691692.0,67.315,35.7,,,21.29883420625,60.175000000000004,59.548375,40.796621704
ETH,Ethiopia,2005,74.4,54.364,29.8203392,23.44086075,78367470.0,Low income,,,78367470.0,,35.90000153,,,30.04185486,9.335215395506921,-0.7071067811865475,69.39999999999999,4.331281565541541,1.1543927413490291,55.50533333333333,1.5164040798327239,-0.7526577833127679,29.8203392,,,Normal,2023,,128691692.0,67.315,35.7,,,21.29883420625,60.175000000000004,59.548375,40.796621704
ETH,Ethiopia,2005,74.4,54.364,29.8203392,23.44086075,78367470.0,Low income,,,78367470.0,,35.90000153,,,30.04185486,9.335215395506921,-0.7071067811865475,69.39999999999999,4.331281565541541,1.1543927413490291,55.50533333333333,1.5164040798327239,-0.7526577833127679,29.8203392,,,Normal,2023,,128691692.0,67.315,35.7,,,21.29883420625,60.175000000000004,59.548375,40.796621704
ETH,Ethiopia,2005,74.4,54.364,29.8203392,23.44086075,78367470.0,Low income,,,78367470.0,,35.90000153,,,30.04185486,9.335215395506921,-0.7071067811865475,69.39999999999999,4.331281565541541,1.1543927413490291,55.50533333333333,1.5164040798327239,-0.7526577833127679,29.8203392,,,Normal,2023,,128691692.0,67.315,35.7,,,21.29883420625,60.175000000000004,59.548375,40.796621704
ETH,Ethiopia,2005,74.4,54.364,29.8203392,23.44086075,78367470.0,Low income,,,78367470.0,,35.90000153,,,30.04185486,9.335215395506921,-0.7071067811865475,69.39999999999999,4.331281565541541,1.1543927413490291,55.50533333333333,1.5164040798327239,-0.7526577833127679,29.8203392,,,Normal,2023,,128691692.0,67.315,35.7,,,21.29883420625,60.175000000000004,59.548375,40.796621704
ETH,Ethiopia,2005,74.4,54.364,29.8203392,23.44086075,78367470.0,Low income,,,78367470.0,,35.90000153,,,30.04185486,9.335215395506921,-0.7071067811865475,69.39999999999999,4.331281565541541,1.1543927413490291,55.50533333333333,1.5164040798327239,-0.7526577833127679,29.8203392,,,Normal,2023,,128691692.0,67.315,35.7,,,21.29883420625,60.175000000000004,59.548375,40.796621704
ETH,Ethiopia,2005,74.4,54.364,29.8203392,23.44086075,78367470.0,Low income,,,78367470.0,,35.90000153,,,30.04185486,9.335215395506921,-0.7071067811865475,69.39999999999999,4.331281565541541,1.1543927413490291,55.50533333333333,1.5164040798327239,-0.7526577833127679,29.8203392,,,Normal,2023,,128691692.0,67.315,35.7,,,21.29883420625,60.175000000000004,59.548375,40.796621704
ETH,Ethiopia,2005,74.4,54.364,29.8203392,23.44086075,78367470.0,Low income,,,78367470.0,,35.90000153,,,30.04185486,9.335215395506921,-0.7071067811865475,69.39999999999999,4.331281565541541,1.1543927413490291,55.50533333333333,1.5164040798327239,-0.7526577833127679,29.8203392,,,Normal,2023,,128691692.0,67.315,35.7,,,21.29883420625,60.175000000000004,59.548375,40.796621704
ETH,Ethiopia,2005,74.4,54.364,29.8203392,23.44086075,78367470.0,Low income,,,78367470.0,,35.90000153,,,30.04185486,9.335215395506921,-0.7071067811865475,69.39999999999999,4.331281565541541,1.1543927413490291,55.50533333333333,1.5164040798327239,-0.7526577833127679,29.8203392,,,Normal,2023,,128691692.0,67.315,35.7,,,21.29883420625,60.175000000000004,59.548375,40.796621704
ETH,Ethiopia,2005,74.4,54.364,29.8203392,23.44086075,78367470.0,Low income,,,78367470.0,,35.90000153,,,30.04185486,9.335215395506921,-0.7071067811865475,69.39999999999999,4.331281565541541,1.1543927413490291,55.50533333333333,1.5164040798327239,-0.7526577833127679,29.8203392,,,Normal,2023,,128691692.0,67.315,35.7,,,21.29883420625,60.175000000000004,59.548375,40.796621704
ETH,Ethiopia,2005,74.4,54.364,29.8203392,23.44086075,78367470.0,Low income,,,78367470.0,,35.90000153,,,30.04185486,9.335215395506921,-0.7071067811865475,69.39999999999999,4.331281565541541,1.1543927413490291,55.50533333333333,1.5164040798327239,-0.7526577833127679,29.8203392,,,Normal,2023,,128691692.0,67.315,35.7,,,21.29883420625,60.175000000000004,59.548375,40.796621704
ETH,Ethiopia,2005,74.4,54.364,29.8203392,23.44086075,78367470.0,Low income,,,78367470.0,,35.90000153,,,30.04185486,9.335215395506921,-0.7071067811865475,69.39999999999999,4.331281565541541,1.1543927413490291,55.50533333333333,1.5164040798327239,-0.7526577833127679,29.8203392,,,Normal,2023,,128691692.0,67.315,35.7,,,21.29883420625,60.175000000000004,59.548375,40.796621704
ETH,Ethiopia,2005,74.4,54.364,29.8203392,23.44086075,78367470.0,Low income,,,78367470.0,,35.90000153,,,30.04185486,9.335215395506921,-0.7071067811865475,69.39999999999999,4.331281565541541,1.1543927413490291,55.50533333333333,1.5164040798327239,-0.7526577833127679,29.8203392,,,Normal,2023,,128691692.0,67.315,35.7,,,21.29883420625,60.175000000000004,59.548375,40.796621704
ETH,Ethiopia,2005,74.4,54.364,29.8203392,23.44086075,78367470.0,Low income,,,78367470.0,,35.90000153,,,30.04185486,9.335215395506921,-0.7071067811865475,69.39999999999999,4.331281565541541,1.1543927413490291,55.50533333333333,1.5164040798327239,-0.7526577833127679,29.8203392,,,Normal,2023,,128691692.0,67.315,35.7,,,21.29883420625,60.175000000000004,59.548375,40.796621704
ETH,Ethiopia,2005,74.4,54.364,29.8203392,23.44086075,78367470.0,Low income,,,78367470.0,,35.90000153,,,30.04185486,9.335215395506921,-0.7071067811865475,69.39999999999999,4.331281565541541,1.1543927413490291,55.50533333333333,1.5164040798327239,-0.7526577833127679,29.8203392,,,Normal,2023,,128691692.0,67.315,35.7,,,21.29883420625,60.175000000000004,59.548375,40.796621704
ETH,Ethiopia,2005,74.4,54.364,29.8203392,23.44086075,78367470.0,Low income,,,78367470.0,,35.90000153,,,30.04185486,9.335215395506921,-0.7071067811865475,69.39999999999999,4.331281565541541,1.1543927413490291,55.50533333333333,1.5164040798327239,-0.7526577833127679,29.8203392,,,Normal,2023,,128691692.0,67.315,35.7,,,21.29883420625,60.175000000000004,59.548375,40.796621704
ETH,Ethiopia,2005,74.4,54.364,29.8203392,23.44086075,78367470.0,Low income,,,78367470.0,,35.90000153,,,30.04185486,9.335215395506921,-0.7071067811865475,69.39999999999999,4.331281565541541,1.1543927413490291,55.50533333333333,1.5164040798327239,-0.7526577833127679,29.8203392,,,Normal,2023,,128691692.0,67.315,35.7,,,21.29883420625,60.175000000000004,59.548375,40.796621704
ETH,Ethiopia,2006,70.9,55.402,,27.26987076,80703490.0,Low income,,,80703490.0,,29.8203392,35.90000153,,31.340604784999996,5.756887266968617,-0.707106781186547,64.5,5.716642371182585,1.1195382856661114,57.30666666666667,2.7027203579603514,-0.7047220631083182,71.0,,,Normal,2023,,128691692.0,67.315,35.7,,,21.29883420625,60.175000000000004,59.548375,40.796621704
ETH,Ethiopia,2006,70.9,55.402,,27.26987076,80703490.0,Low income,,,80703490.0,,29.8203392,35.90000153,,31.340604784999996,5.756887266968617,-0.707106781186547,64.5,5.716642371182585,1.1195382856661114,57.30666666666667,2.7027203579603514,-0.7047220631083182,71.0,,,Normal,2023,,128691692.0,67.315,35.7,,,21.29883420625,60.175000000000004,59.548375,40.796621704
ETH,Ethiopia,2006,70.9,55.402,,27.26987076,80703490.0,Low income,,,80703490.0,,29.8203392,35.90000153,,31.340604784999996,5.756887266968617,-0.707106781186547,64.5,5.716642371182585,1.1195382856661114,57.30666666666667,2.7027203579603514,-0.7047220631083182,71.0,,,Normal,2023,,128691692.0,67.315,35.7,,,21.29883420625,60.175000000000004,59.548375,40.796621704
ETH,Ethiopia,2006,70.9,55.402,,27.26987076,80703490.0,Low income,,,80703490.0,,29.8203392,35.90000153,,31.340604784999996,5.756887266968617,-0.707106781186547,64.5,5.716642371182585,1.1195382856661114,57.30666666666667,2.7027203579603514,-0.7047220631083182,71.0,,,Normal,2023,,128691692.0,67.315,35.7,,,21.29883420625,60.175000000000004,59.548375,40.796621704
ETH,Ethiopia,2006,70.9,55.402,,27.26987076,80703490.0,Low income,,,80703490.0,,29.8203392,35.90000153,,31.340604784999996,5.756887266968617,-0.707106781186547,64.5,5.716642371182585,1.1195382856661114,57.30666666666667,2.7027203579603514,-0.7047220631083182,71.0,,,Normal,2023,,128691692.0,67.315,35.7,,,21.29883420625,60.175000000000004,59.548375,40.796621704
ETH,Ethiopia,2006,70.9,55.402,,27.26987076,80703490.0,Low income,,,80703490.0,,29.8203392,35.90000153,,31.340604784999996,5.756887266968617,-0.707106781186547,64.5,5.716642371182585,1.1195382856661114,57.30666666666667,2.7027203579603514,-0.7047220631083182,71.0,,,Normal,2023,,128691692.0,67.315,35.7,,,21.29883420625,60.175000000000004,59.548375,40.796621704
ETH,Ethiopia,2006,70.9,55.402,,27.26987076,80703490.0,Low income,,,80703490.0,,29.8203392,35.90000153,,31.340604784999996,5.756887266968617,-0.707106781186547,64.5,5.716642371182585,1.1195382856661114,57.30666666666667,2.7027203579603514,-0.7047220631083182,71.0,,,Normal,2023,,128691692.0,67.315,35.7,,,21.29883420625,60.175000000000004,59.548375,40.796621704
ETH,Ethiopia,2006,70.9,55.402,,27.26987076,80703490.0,Low income,,,80703490.0,,29.8203392,35.90000153,,31.340604784999996,5.756887266968617,-0.707106781186547,64.5,5.716642371182585,1.1195382856661114,57.30666666666667,2.7027203579603514,-0.7047220631083182,71.0,,,Normal,2023,,128691692.0,67.315,35.7,,,21.29883420625,60.175000000000004,59.548375,40.796621704
ETH,Ethiopia,2006,70.9,55.402,,27.26987076,80703490.0,Low income,,,80703490.0,,29.8203392,35.90000153,,31.340604784999996,5.756887266968617,-0.707106781186547,64.5,5.716642371182585,1.1195382856661114,57.30666666666667,2.7027203579603514,-0.7047220631083182,71.0,,,Normal,2023,,128691692.0,67.315,35.7,,,21.29883420625,60.175000000000004,59.548375,40.796621704
ETH,Ethiopia,2006,70.9,55.402,,27.26987076,80703490.0,Low income,,,80703490.0,,29.8203392,35.90000153,,31.340604784999996,5.756887266968617,-0.707106781186547,64.5,5.716642371182585,1.1195382856661114,57.30666666666667,2.7027203579603514,-0.7047220631083182,71.0,,,Normal,2023,,128691692.0,67.315,35.7,,,21.29883420625,60.175000000000004,59.548375,40.796621704
ETH,Ethiopia,2006,70.9,55.402,,27.26987076,80703490.0,Low income,,,80703490.0,,29.8203392,35.90000153,,31.340604784999996,5.756887266968617,-0.707106781186547,64.5,5.716642371182585,1.1195382856661114,57.30666666666667,2.7027203579603514,-0.7047220631083182,71.0,,,Normal,2023,,128691692.0,67.315,35.7,,,21.29883420625,60.175000000000004,59.548375,40.796621704
ETH,Ethiopia,2006,70.9,55.402,,27.26987076,80703490.0,Low income,,,80703490.0,,29.8203392,35.90000153,,31.340604784999996,5.756887266968617,-0.707106781186547,64.5,5.716642371182585,1.1195382856661114,57.30666666666667,2.7027203579603514,-0.7047220631083182,71.0,,,Normal,2023,,128691692.0,67.315,35.7,,,21.29883420625,60.175000000000004,59.548375,40.796621704
ETH,Ethiopia,2006,70.9,55.402,,27.26987076,80703490.0,Low income,,,80703490.0,,29.8203392,35.90000153,,31.340604784999996,5.756887266968617,-0.707106781186547,64.5,5.716642371182585,1.1195382856661114,57.30666666666667,2.7027203579603514,-0.7047220631083182,71.0,,,Normal,2023,,128691692.0,67.315,35.7,,,21.29883420625,60.175000000000004,59.548375,40.796621704
ETH,Ethiopia,2006,70.9,55.402,,27.26987076,80703490.0,Low income,,,80703490.0,,29.8203392,35.90000153,,31.340604784999996,5.756887266968617,-0.707106781186547,64.5,5.716642371182585,1.1195382856661114,57.30666666666667,2.7027203579603514,-0.7047220631083182,71.0,,,Normal,2023,,128691692.0,67.315,35.7,,,21.29883420625,60.175000000000004,59.548375,40.796621704
ETH,Ethiopia,2006,70.9,55.402,,27.26987076,80703490.0,Low income,,,80703490.0,,29.8203392,35.90000153,,31.340604784999996,5.756887266968617,-0.707106781186547,64.5,5.716642371182585,1.1195382856661114,57.30666666666667,2.7027203579603514,-0.7047220631083182,71.0,,,Normal,2023,,128691692.0,67.315,35.7,,,21.29883420625,60.175000000000004,59.548375,40.796621704
ETH,Ethiopia,2006,70.9,55.402,,27.26987076,80703490.0,Low income,,,80703490.0,,29.8203392,35.90000153,,31.340604784999996,5.756887266968617,-0.707106781186547,64.5,5.716642371182585,1.1195382856661114,57.30666666666667,2.7027203579603514,-0.7047220631083182,71.0,,,Normal,2023,,128691692.0,67.315,35.7,,,21.29883420625,60.175000000000004,59.548375,40.796621704
ETH,Ethiopia,2007,67.7,56.566,39.0,30.30982971,83103217.0,Low income,,,83103217.0,,,29.8203392,35.90000153,29.803797403333334,5.701597383212611,0.08875272536019314,61.6,5.2848841046895245,1.15423533972811,58.41866666666667,2.640395677419073,-0.7016625131266704,39.0,,,Normal,2023,,128691692.0,67.315,35.7,,,21.29883420625,60.175000000000004,59.548375,40.796621704
ETH,Ethiopia,2007,67.7,56.566,39.0,30.30982971,83103217.0,Low income,,,83103217.0,,,29.8203392,35.90000153,29.803797403333334,5.701597383212611,0.08875272536019314,61.6,5.2848841046895245,1.15423533972811,58.41866666666667,2.640395677419073,-0.7016625131266704,39.0,,,Normal,2023,,128691692.0,67.315,35.7,,,21.29883420625,60.175000000000004,59.548375,40.796621704
ETH,Ethiopia,2007,67.7,56.566,39.0,30.30982971,83103217.0,Low income,,,83103217.0,,,29.8203392,35.90000153,29.803797403333334,5.701597383212611,0.08875272536019314,61.6,5.2848841046895245,1.15423533972811,58.41866666666667,2.640395677419073,-0.7016625131266704,39.0,,,Normal,2023,,128691692.0,67.315,35.7,,,21.29883420625,60.175000000000004,59.548375,40.796621704
ETH,Ethiopia,2007,67.7,56.566,39.0,30.30982971,83103217.0,Low income,,,83103217.0,,,29.8203392,35.90000153,29.803797403333334,5.701597383212611,0.08875272536019314,61.6,5.2848841046895245,1.15423533972811,58.41866666666667,2.640395677419073,-0.7016625131266704,39.0,,,Normal,2023,,128691692.0,67.315,35.7,,,21.29883420625,60.175000000000004,59.548375,40.796621704
ETH,Ethiopia,2007,67.7,56.566,39.0,30.30982971,83103217.0,Low income,,,83103217.0,,,29.8203392,35.90000153,29.803797403333334,5.701597383212611,0.08875272536019314,61.6,5.2848841046895245,1.15423533972811,58.41866666666667,2.640395677419073,-0.7016625131266704,39.0,,,Normal,2023,,128691692.0,67.315,35.7,,,21.29883420625,60.175000000000004,59.548375,40.796621704
ETH,Ethiopia,2007,67.7,56.566,39.0,30.30982971,83103217.0,Low income,,,83103217.0,,,29.8203392,35.90000153,29.803797403333334,5.701597383212611,0.08875272536019314,61.6,5.2848841046895245,1.15423533972811,58.41866666666667,2.640395677419073,-0.7016625131266704,39.0,,,Normal,2023,,128691692.0,67.315,35.7,,,21.29883420625,60.175000000000004,59.548375,40.796621704
ETH,Ethiopia,2007,67.7,56.566,39.0,30.30982971,83103217.0,Low income,,,83103217.0,,,29.8203392,35.90000153,29.803797403333334,5.701597383212611,0.08875272536019314,61.6,5.2848841046895245,1.15423533972811,58.41866666666667,2.640395677419073,-0.7016625131266704,39.0,,,Normal,2023,,128691692.0,67.315,35.7,,,21.29883420625,60.175000000000004,59.548375,40.796621704
ETH,Ethiopia,2007,67.7,56.566,39.0,30.30982971,83103217.0,Low income,,,83103217.0,,,29.8203392,35.90000153,29.803797403333334,5.701597383212611,0.08875272536019314,61.6,5.2848841046895245,1.15423533972811,58.41866666666667,2.640395677419073,-0.7016625131266704,39.0,,,Normal,2023,,128691692.0,67.315,35.7,,,21.29883420625,60.175000000000004,59.548375,40.796621704
ETH,Ethiopia,2007,67.7,56.566,39.0,30.30982971,83103217.0,Low income,,,83103217.0,,,29.8203392,35.90000153,29.803797403333334,5.701597383212611,0.08875272536019314,61.6,5.2848841046895245,1.15423533972811,58.41866666666667,2.640395677419073,-0.7016625131266704,39.0,,,Normal,2023,,128691692.0,67.315,35.7,,,21.29883420625,60.175000000000004,59.548375,40.796621704
ETH,Ethiopia,2007,67.7,56.566,39.0,30.30982971,83103217.0,Low income,,,83103217.0,,,29.8203392,35.90000153,29.803797403333334,5.701597383212611,0.08875272536019314,61.6,5.2848841046895245,1.15423533972811,58.41866666666667,2.640395677419073,-0.7016625131266704,39.0,,,Normal,2023,,128691692.0,67.315,35.7,,,21.29883420625,60.175000000000004,59.548375,40.796621704
ETH,Ethiopia,2007,67.7,56.566,39.0,30.30982971,83103217.0,Low income,,,83103217.0,,,29.8203392,35.90000153,29.803797403333334,5.701597383212611,0.08875272536019314,61.6,5.2848841046895245,1.15423533972811,58.41866666666667,2.640395677419073,-0.7016625131266704,39.0,,,Normal,2023,,128691692.0,67.315,35.7,,,21.29883420625,60.175000000000004,59.548375,40.796621704
ETH,Ethiopia,2007,67.7,56.566,39.0,30.30982971,83103217.0,Low income,,,83103217.0,,,29.8203392,35.90000153,29.803797403333334,5.701597383212611,0.08875272536019314,61.6,5.2848841046895245,1.15423533972811,58.41866666666667,2.640395677419073,-0.7016625131266704,39.0,,,Normal,2023,,128691692.0,67.315,35.7,,,21.29883420625,60.175000000000004,59.548375,40.796621704
ETH,Ethiopia,2007,67.7,56.566,39.0,30.30982971,83103217.0,Low income,,,83103217.0,,,29.8203392,35.90000153,29.803797403333334,5.701597383212611,0.08875272536019314,61.6,5.2848841046895245,1.15423533972811,58.41866666666667,2.640395677419073,-0.7016625131266704,39.0,,,Normal,2023,,128691692.0,67.315,35.7,,,21.29883420625,60.175000000000004,59.548375,40.796621704
ETH,Ethiopia,2007,67.7,56.566,39.0,30.30982971,83103217.0,Low income,,,83103217.0,,,29.8203392,35.90000153,29.803797403333334,5.701597383212611,0.08875272536019314,61.6,5.2848841046895245,1.15423533972811,58.41866666666667,2.640395677419073,-0.7016625131266704,39.0,,,Normal,2023,,128691692.0,67.315,35.7,,,21.29883420625,60.175000000000004,59.548375,40.796621704
ETH,Ethiopia,2007,67.7,56.566,39.0,30.30982971,83103217.0,Low income,,,83103217.0,,,29.8203392,35.90000153,29.803797403333334,5.701597383212611,0.08875272536019314,61.6,5.2848841046895245,1.15423533972811,58.41866666666667,2.640395677419073,-0.7016625131266704,39.0,,,Normal,2023,,128691692.0,67.315,35.7,,,21.29883420625,60.175000000000004,59.548375,40.796621704
ETH,Ethiopia,2007,67.7,56.566,39.0,30.30982971,83103217.0,Low income,,,83103217.0,,,29.8203392,35.90000153,29.803797403333334,5.701597383212611,0.08875272536019314,61.6,5.2848841046895245,1.15423533972811,58.41866666666667,2.640395677419073,-0.7016625131266704,39.0,,,Normal,2023,,128691692.0,67.315,35.7,,,21.29883420625,60.175000000000004,59.548375,40.796621704
ETH,Ethiopia,2016,46.0,64.162,47.49158859,,106718162.0,Low income,,,106718162.0,,39.0,,29.8203392,36.24485458,14.025499265270911,,43.4,6.128621378417824,0.4242389665571447,64.44433333333335,0.26106767960307786,-1.0814564781155402,58.29645347499999,15.28038645997581,-0.7071067811865471,Normal,2023,,128691692.0,67.315,35.7,,,21.29883420625,60.175000000000004,59.548375,40.796621704
ETH,Ethiopia,2016,46.0,64.162,47.49158859,,106718162.0,Low income,,,106718162.0,,39.0,,29.8203392,36.24485458,14.025499265270911,,43.4,6.128621378417824,0.4242389665571447,64.44433333333335,0.26106767960307786,-1.0814564781155402,58.29645347499999,15.28038645997581,-0.7071067811865471,Normal,2023,,128691692.0,67.315,35.7,,,21.29883420625,60.175000000000004,59.548375,40.796621704
ETH,Ethiopia,2016,46.0,64.162,47.49158859,,106718162.0,Low income,,,106718162.0,,39.0,,29.8203392,36.24485458,14.025499265270911,,43.4,6.128621378417824,0.4242389665571447,64.44433333333335,0.26106767960307786,-1.0814564781155402,58.29645347499999,15.28038645997581,-0.7071067811865471,Normal,2023,,128691692.0,67.315,35.7,,,21.29883420625,60.175000000000004,59.548375,40.796621704
ETH,Ethiopia,2016,46.0,64.162,47.49158859,,106718162.0,Low income,,,106718162.0,,39.0,,29.8203392,36.24485458,14.025499265270911,,43.4,6.128621378417824,0.4242389665571447,64.44433333333335,0.26106767960307786,-1.0814564781155402,58.29645347499999,15.28038645997581,-0.7071067811865471,Normal,2023,,128691692.0,67.315,35.7,,,21.29883420625,60.175000000000004,59.548375,40.796621704
ETH,Ethiopia,2016,46.0,64.162,47.49158859,,106718162.0,Low income,,,106718162.0,,39.0,,29.8203392,36.24485458,14.025499265270911,,43.4,6.128621378417824,0.4242389665571447,64.44433333333335,0.26106767960307786,-1.0814564781155402,58.29645347499999,15.28038645997581,-0.7071067811865471,Normal,2023,,128691692.0,67.315,35.7,,,21.29883420625,60.175000000000004,59.548375,40.796621704
ETH,Ethiopia,2016,46.0,64.162,47.49158859,,106718162.0,Low income,,,106718162.0,,39.0,,29.8203392,36.24485458,14.025499265270911,,43.4,6.128621378417824,0.4242389665571447,64.44433333333335,0.26106767960307786,-1.0814564781155402,58.29645347499999,15.28038645997581,-0.7071067811865471,Normal,2023,,128691692.0,67.315,35.7,,,21.29883420625,60.175000000000004,59.548375,40.796621704
ETH,Ethiopia,2016,46.0,64.162,47.49158859,,106718162.0,Low income,,,106718162.0,,39.0,,29.8203392,36.24485458,14.025499265270911,,43.4,6.128621378417824,0.4242389665571447,64.44433333333335,0.26106767960307786,-1.0814564781155402,58.29645347499999,15.28038645997581,-0.7071067811865471,Normal,2023,,128691692.0,67.315,35.7,,,21.29883420625,60.175000000000004,59.548375,40.796621704
ETH,Ethiopia,2016,46.0,64.162,47.49158859,,106718162.0,Low income,,,106718162.0,,39.0,,29.8203392,36.24485458,14.025499265270911,,43.4,6.128621378417824,0.4242389665571447,64.44433333333335,0.26106767960307786,-1.0814564781155402,58.29645347499999,15.28038645997581,-0.7071067811865471,Normal,2023,,128691692.0,67.315,35.7,,,21.29883420625,60.175000000000004,59.548375,40.796621704
ETH,Ethiopia,2016,46.0,64.162,47.49158859,,106718162.0,Low income,,,106718162.0,,39.0,,29.8203392,36.24485458,14.025499265270911,,43.4,6.128621378417824,0.4242389665571447,64.44433333333335,0.26106767960307786,-1.0814564781155402,58.29645347499999,15.28038645997581,-0.7071067811865471,Normal,2023,,128691692.0,67.315,35.7,,,21.29883420625,60.175000000000004,59.548375,40.796621704
ETH,Ethiopia,2016,46.0,64.162,47.49158859,,106718162.0,Low income,,,106718162.0,,39.0,,29.8203392,36.24485458,14.025499265270911,,43.4,6.128621378417824,0.4242389665571447,64.44433333333335,0.26106767960307786,-1.0814564781155402,58.29645347499999,15.28038645997581,-0.7071067811865471,Normal,2023,,128691692.0,67.315,35.7,,,21.29883420625,60.175000000000004,59.548375,40.796621704
ETH,Ethiopia,2016,46.0,64.162,47.49158859,,106718162.0,Low income,,,106718162.0,,39.0,,29.8203392,36.24485458,14.025499265270911,,43.4,6.128621378417824,0.4242389665571447,64.44433333333335,0.26106767960307786,-1.0814564781155402,58.29645347499999,15.28038645997581,-0.7071067811865471,Normal,2023,,128691692.0,67.315,35.7,,,21.29883420625,60.175000000000004,59.548375,40.796621704
ETH,Ethiopia,2016,46.0,64.162,47.49158859,,106718162.0,Low income,,,106718162.0,,39.0,,29.8203392,36.24485458,14.025499265270911,,43.4,6.128621378417824,0.4242389665571447,64.44433333333335,0.26106767960307786,-1.0814564781155402,58.29645347499999,15.28038645997581,-0.7071067811865471,Normal,2023,,128691692.0,67.315,35.7,,,21.29883420625,60.175000000000004,59.548375,40.796621704
ETH,Ethiopia,2016,46.0,64.162,47.49158859,,106718162.0,Low income,,,106718162.0,,39.0,,29.8203392,36.24485458,14.025499265270911,,43.4,6.128621378417824,0.4242389665571447,64.44433333333335,0.26106767960307786,-1.0814564781155402,58.29645347499999,15.28038645997581,-0.7071067811865471,Normal,2023,,128691692.0,67.315,35.7,,,21.29883420625,60.175000000000004,59.548375,40.796621704
ETH,Ethiopia,2016,46.0,64.162,47.49158859,,106718162.0,Low income,,,106718162.0,,39.0,,29.8203392,36.24485458,14.025499265270911,,43.4,6.128621378417824,0.4242389665571447,64.44433333333335,0.26106767960307786,-1.0814564781155402,58.29645347499999,15.28038645997581,-0.7071067811865471,Normal,2023,,128691692.0,67.315,35.7,,,21.29883420625,60.175000000000004,59.548375,40.796621704
ETH,Ethiopia,2016,46.0,64.162,47.49158859,,106718162.0,Low income,,,106718162.0,,39.0,,29.8203392,36.24485458,14.025499265270911,,43.4,6.128621378417824,0.4242389665571447,64.44433333333335,0.26106767960307786,-1.0814564781155402,58.29645347499999,15.28038645997581,-0.7071067811865471,Normal,2023,,128691692.0,67.315,35.7,,,21.29883420625,60.175000000000004,59.548375,40.796621704
ETH,Ethiopia,2016,46.0,64.162,47.49158859,,106718162.0,Low income,,,106718162.0,,39.0,,29.8203392,36.24485458,14.025499265270911,,43.4,6.128621378417824,0.4242389665571447,64.44433333333335,0.26106767960307786,-1.0814564781155402,58.29645347499999,15.28038645997581,-0.7071067811865471,Normal,2023,,128691692.0,67.315,35.7,,,21.29883420625,60.175000000000004,59.548375,40.796621704
ETH,Ethiopia,2017,44.2,64.766,51.7711792,,109666481.0,Low income,,,109666481.0,,47.49158859,39.0,,36.489987815,17.663036866994776,,41.76666666666667,6.312157581471911,0.38549945908763406,65.02866666666667,0.2279064135414655,-1.152519854904702,51.7711792,,,Normal,2023,,128691692.0,67.315,35.7,,,21.29883420625,60.175000000000004,59.548375,40.796621704
ETH,Ethiopia,2017,44.2,64.766,51.7711792,,109666481.0,Low income,,,109666481.0,,47.49158859,39.0,,36.489987815,17.663036866994776,,41.76666666666667,6.312157581471911,0.38549945908763406,65.02866666666667,0.2279064135414655,-1.152519854904702,51.7711792,,,Normal,2023,,128691692.0,67.315,35.7,,,21.29883420625,60.175000000000004,59.548375,40.796621704
ETH,Ethiopia,2017,44.2,64.766,51.7711792,,109666481.0,Low income,,,109666481.0,,47.49158859,39.0,,36.489987815,17.663036866994776,,41.76666666666667,6.312157581471911,0.38549945908763406,65.02866666666667,0.2279064135414655,-1.152519854904702,51.7711792,,,Normal,2023,,128691692.0,67.315,35.7,,,21.29883420625,60.175000000000004,59.548375,40.796621704
ETH,Ethiopia,2017,44.2,64.766,51.7711792,,109666481.0,Low income,,,109666481.0,,47.49158859,39.0,,36.489987815,17.663036866994776,,41.76666666666667,6.312157581471911,0.38549945908763406,65.02866666666667,0.2279064135414655,-1.152519854904702,51.7711792,,,Normal,2023,,128691692.0,67.315,35.7,,,21.29883420625,60.175000000000004,59.548375,40.796621704
ETH,Ethiopia,2017,44.2,64.766,51.7711792,,109666481.0,Low income,,,109666481.0,,47.49158859,39.0,,36.489987815,17.663036866994776,,41.76666666666667,6.312157581471911,0.38549945908763406,65.02866666666667,0.2279064135414655,-1.152519854904702,51.7711792,,,Normal,2023,,128691692.0,67.315,35.7,,,21.29883420625,60.175000000000004,59.548375,40.796621704
ETH,Ethiopia,2017,44.2,64.766,51.7711792,,109666481.0,Low income,,,109666481.0,,47.49158859,39.0,,36.489987815,17.663036866994776,,41.76666666666667,6.312157581471911,0.38549945908763406,65.02866666666667,0.2279064135414655,-1.152519854904702,51.7711792,,,Normal,2023,,128691692.0,67.315,35.7,,,21.29883420625,60.175000000000004,59.548375,40.796621704
ETH,Ethiopia,2017,44.2,64.766,51.7711792,,109666481.0,Low income,,,109666481.0,,47.49158859,39.0,,36.489987815,17.663036866994776,,41.76666666666667,6.312157581471911,0.38549945908763406,65.02866666666667,0.2279064135414655,-1.152519854904702,51.7711792,,,Normal,2023,,128691692.0,67.315,35.7,,,21.29883420625,60.175000000000004,59.548375,40.796621704
ETH,Ethiopia,2017,44.2,64.766,51.7711792,,109666481.0,Low income,,,109666481.0,,47.49158859,39.0,,36.489987815,17.663036866994776,,41.76666666666667,6.312157581471911,0.38549945908763406,65.02866666666667,0.2279064135414655,-1.152519854904702,51.7711792,,,Normal,2023,,128691692.0,67.315,35.7,,,21.29883420625,60.175000000000004,59.548375,40.796621704
ETH,Ethiopia,2017,44.2,64.766,51.7711792,,109666481.0,Low income,,,109666481.0,,47.49158859,39.0,,36.489987815,17.663036866994776,,41.76666666666667,6.312157581471911,0.38549945908763406,65.02866666666667,0.2279064135414655,-1.152519854904702,51.7711792,,,Normal,2023,,128691692.0,67.315,35.7,,,21.29883420625,60.175000000000004,59.548375,40.796621704
ETH,Ethiopia,2017,44.2,64.766,51.7711792,,109666481.0,Low income,,,109666481.0,,47.49158859,39.0,,36.489987815,17.663036866994776,,41.76666666666667,6.312157581471911,0.38549945908763406,65.02866666666667,0.2279064135414655,-1.152519854904702,51.7711792,,,Normal,2023,,128691692.0,67.315,35.7,,,21.29883420625,60.175000000000004,59.548375,40.796621704
ETH,Ethiopia,2017,44.2,64.766,51.7711792,,109666481.0,Low income,,,109666481.0,,47.49158859,39.0,,36.489987815,17.663036866994776,,41.76666666666667,6.312157581471911,0.38549945908763406,65.02866666666667,0.2279064135414655,-1.152519854904702,51.7711792,,,Normal,2023,,128691692.0,67.315,35.7,,,21.29883420625,60.175000000000004,59.548375,40.796621704
ETH,Ethiopia,2017,44.2,64.766,51.7711792,,109666481.0,Low income,,,109666481.0,,47.49158859,39.0,,36.489987815,17.663036866994776,,41.76666666666667,6.312157581471911,0.38549945908763406,65.02866666666667,0.2279064135414655,-1.152519854904702,51.7711792,,,Normal,2023,,128691692.0,67.315,35.7,,,21.29883420625,60.175000000000004,59.548375,40.796621704
ETH,Ethiopia,2017,44.2,64.766,51.7711792,,109666481.0,Low income,,,109666481.0,,47.49158859,39.0,,36.489987815,17.663036866994776,,41.76666666666667,6.312157581471911,0.38549945908763406,65.02866666666667,0.2279064135414655,-1.152519854904702,51.7711792,,,Normal,2023,,128691692.0,67.315,35.7,,,21.29883420625,60.175000000000004,59.548375,40.796621704
ETH,Ethiopia,2017,44.2,64.766,51.7711792,,109666481.0,Low income,,,109666481.0,,47.49158859,39.0,,36.489987815,17.663036866994776,,41.76666666666667,6.312157581471911,0.38549945908763406,65.02866666666667,0.2279064135414655,-1.152519854904702,51.7711792,,,Normal,2023,,128691692.0,67.315,35.7,,,21.29883420625,60.175000000000004,59.548375,40.796621704
ETH,Ethiopia,2017,44.2,64.766,51.7711792,,109666481.0,Low income,,,109666481.0,,47.49158859,39.0,,36.489987815,17.663036866994776,,41.76666666666667,6.312157581471911,0.38549945908763406,65.02866666666667,0.2279064135414655,-1.152519854904702,51.7711792,,,Normal,2023,,128691692.0,67.315,35.7,,,21.29883420625,60.175000000000004,59.548375,40.796621704
ETH,Ethiopia,2017,44.2,64.766,51.7711792,,109666481.0,Low income,,,109666481.0,,47.49158859,39.0,,36.489987815,17.663036866994776,,41.76666666666667,6.312157581471911,0.38549945908763406,65.02866666666667,0.2279064135414655,-1.152519854904702,51.7711792,,,Normal,2023,,128691692.0,67.315,35.7,,,21.29883420625,60.175000000000004,59.548375,40.796621704
ETH,Ethiopia,2018,42.5,65.257,,,112664152.0,Low income,,,112664152.0,,51.7711792,47.49158859,39.0,48.36204147,,,40.23333333333333,6.503332479070506,0.348539256444511,65.51100000000001,0.2591447471973901,-0.9801472063276417,60.6971817,,,Normal,2023,,128691692.0,67.315,35.7,,,21.29883420625,60.175000000000004,59.548375,40.796621704
ETH,Ethiopia,2018,42.5,65.257,,,112664152.0,Low income,,,112664152.0,,51.7711792,47.49158859,39.0,48.36204147,,,40.23333333333333,6.503332479070506,0.348539256444511,65.51100000000001,0.2591447471973901,-0.9801472063276417,60.6971817,,,Normal,2023,,128691692.0,67.315,35.7,,,21.29883420625,60.175000000000004,59.548375,40.796621704
ETH,Ethiopia,2018,42.5,65.257,,,112664152.0,Low income,,,112664152.0,,51.7711792,47.49158859,39.0,48.36204147,,,40.23333333333333,6.503332479070506,0.348539256444511,65.51100000000001,0.2591447471973901,-0.9801472063276417,60.6971817,,,Normal,2023,,128691692.0,67.315,35.7,,,21.29883420625,60.175000000000004,59.548375,40.796621704
ETH,Ethiopia,2018,42.5,65.257,,,112664152.0,Low income,,,112664152.0,,51.7711792,47.49158859,39.0,48.36204147,,,40.23333333333333,6.503332479070506,0.348539256444511,65.51100000000001,0.2591447471973901,-0.9801472063276417,60.6971817,,,Normal,2023,,128691692.0,67.315,35.7,,,21.29883420625,60.175000000000004,59.548375,40.796621704
ETH,Ethiopia,2018,42.5,65.257,,,112664152.0,Low income,,,112664152.0,,51.7711792,47.49158859,39.0,48.36204147,,,40.23333333333333,6.503332479070506,0.348539256444511,65.51100000000001,0.2591447471973901,-0.9801472063276417,60.6971817,,,Normal,2023,,128691692.0,67.315,35.7,,,21.29883420625,60.175000000000004,59.548375,40.796621704
ETH,Ethiopia,2018,42.5,65.257,,,112664152.0,Low income,,,112664152.0,,51.7711792,47.49158859,39.0,48.36204147,,,40.23333333333333,6.503332479070506,0.348539256444511,65.51100000000001,0.2591447471973901,-0.9801472063276417,60.6971817,,,Normal,2023,,128691692.0,67.315,35.7,,,21.29883420625,60.175000000000004,59.548375,40.796621704
ETH,Ethiopia,2018,42.5,65.257,,,112664152.0,Low income,,,112664152.0,,51.7711792,47.49158859,39.0,48.36204147,,,40.23333333333333,6.503332479070506,0.348539256444511,65.51100000000001,0.2591447471973901,-0.9801472063276417,60.6971817,,,Normal,2023,,128691692.0,67.315,35.7,,,21.29883420625,60.175000000000004,59.548375,40.796621704
ETH,Ethiopia,2018,42.5,65.257,,,112664152.0,Low income,,,112664152.0,,51.7711792,47.49158859,39.0,48.36204147,,,40.23333333333333,6.503332479070506,0.348539256444511,65.51100000000001,0.2591447471973901,-0.9801472063276417,60.6971817,,,Normal,2023,,128691692.0,67.315,35.7,,,21.29883420625,60.175000000000004,59.548375,40.796621704
ETH,Ethiopia,2018,42.5,65.257,,,112664152.0,Low income,,,112664152.0,,51.7711792,47.49158859,39.0,48.36204147,,,40.23333333333333,6.503332479070506,0.348539256444511,65.51100000000001,0.2591447471973901,-0.9801472063276417,60.6971817,,,Normal,2023,,128691692.0,67.315,35.7,,,21.29883420625,60.175000000000004,59.548375,40.796621704
ETH,Ethiopia,2018,42.5,65.257,,,112664152.0,Low income,,,112664152.0,,51.7711792,47.49158859,39.0,48.36204147,,,40.23333333333333,6.503332479070506,0.348539256444511,65.51100000000001,0.2591447471973901,-0.9801472063276417,60.6971817,,,Normal,2023,,128691692.0,67.315,35.7,,,21.29883420625,60.175000000000004,59.548375,40.796621704
ETH,Ethiopia,2018,42.5,65.257,,,112664152.0,Low income,,,112664152.0,,51.7711792,47.49158859,39.0,48.36204147,,,40.23333333333333,6.503332479070506,0.348539256444511,65.51100000000001,0.2591447471973901,-0.9801472063276417,60.6971817,,,Normal,2023,,128691692.0,67.315,35.7,,,21.29883420625,60.175000000000004,59.548375,40.796621704
ETH,Ethiopia,2018,42.5,65.257,,,112664152.0,Low income,,,112664152.0,,51.7711792,47.49158859,39.0,48.36204147,,,40.23333333333333,6.503332479070506,0.348539256444511,65.51100000000001,0.2591447471973901,-0.9801472063276417,60.6971817,,,Normal,2023,,128691692.0,67.315,35.7,,,21.29883420625,60.175000000000004,59.548375,40.796621704
ETH,Ethiopia,2018,42.5,65.257,,,112664152.0,Low income,,,112664152.0,,51.7711792,47.49158859,39.0,48.36204147,,,40.23333333333333,6.503332479070506,0.348539256444511,65.51100000000001,0.2591447471973901,-0.9801472063276417,60.6971817,,,Normal,2023,,128691692.0,67.315,35.7,,,21.29883420625,60.175000000000004,59.548375,40.796621704
ETH,Ethiopia,2018,42.5,65.257,,,112664152.0,Low income,,,112664152.0,,51.7711792,47.49158859,39.0,48.36204147,,,40.23333333333333,6.503332479070506,0.348539256444511,65.51100000000001,0.2591447471973901,-0.9801472063276417,60.6971817,,,Normal,2023,,128691692.0,67.315,35.7,,,21.29883420625,60.175000000000004,59.548375,40.796621704
ETH,Ethiopia,2018,42.5,65.257,,,112664152.0,Low income,,,112664152.0,,51.7711792,47.49158859,39.0,48.36204147,,,40.23333333333333,6.503332479070506,0.348539256444511,65.51100000000001,0.2591447471973901,-0.9801472063276417,60.6971817,,,Normal,2023,,128691692.0,67.315,35.7,,,21.29883420625,60.175000000000004,59.548375,40.796621704
ETH,Ethiopia,2018,42.5,65.257,,,112664152.0,Low income,,,112664152.0,,51.7711792,47.49158859,39.0,48.36204147,,,40.23333333333333,6.503332479070506,0.348539256444511,65.51100000000001,0.2591447471973901,-0.9801472063276417,60.6971817,,,Normal,2023,,128691692.0,67.315,35.7,,,21.29883420625,60.175000000000004,59.548375,40.796621704
ETH,Ethiopia,2019,41.0,65.741,,,115737383.0,Low income,,,115737383.0,,,51.7711792,47.49158859,,,,38.9,6.413267497929585,0.3274461888074918,65.966,0.33744481030237106,-0.6667757011831968,,,,Normal,2023,,128691692.0,67.315,35.7,,,21.29883420625,60.175000000000004,59.548375,40.796621704
ETH,Ethiopia,2019,41.0,65.741,,,115737383.0,Low income,,,115737383.0,,,51.7711792,47.49158859,,,,38.9,6.413267497929585,0.3274461888074918,65.966,0.33744481030237106,-0.6667757011831968,,,,Normal,2023,,128691692.0,67.315,35.7,,,21.29883420625,60.175000000000004,59.548375,40.796621704
ETH,Ethiopia,2019,41.0,65.741,,,115737383.0,Low income,,,115737383.0,,,51.7711792,47.49158859,,,,38.9,6.413267497929585,0.3274461888074918,65.966,0.33744481030237106,-0.6667757011831968,,,,Normal,2023,,128691692.0,67.315,35.7,,,21.29883420625,60.175000000000004,59.548375,40.796621704
ETH,Ethiopia,2019,41.0,65.741,,,115737383.0,Low income,,,115737383.0,,,51.7711792,47.49158859,,,,38.9,6.413267497929585,0.3274461888074918,65.966,0.33744481030237106,-0.6667757011831968,,,,Normal,2023,,128691692.0,67.315,35.7,,,21.29883420625,60.175000000000004,59.548375,40.796621704
ETH,Ethiopia,2019,41.0,65.741,,,115737383.0,Low income,,,115737383.0,,,51.7711792,47.49158859,,,,38.9,6.413267497929585,0.3274461888074918,65.966,0.33744481030237106,-0.6667757011831968,,,,Normal,2023,,128691692.0,67.315,35.7,,,21.29883420625,60.175000000000004,59.548375,40.796621704
ETH,Ethiopia,2019,41.0,65.741,,,115737383.0,Low income,,,115737383.0,,,51.7711792,47.49158859,,,,38.9,6.413267497929585,0.3274461888074918,65.966,0.33744481030237106,-0.6667757011831968,,,,Normal,2023,,128691692.0,67.315,35.7,,,21.29883420625,60.175000000000004,59.548375,40.796621704
ETH,Ethiopia,2019,41.0,65.741,,,115737383.0,Low income,,,115737383.0,,,51.7711792,47.49158859,,,,38.9,6.413267497929585,0.3274461888074918,65.966,0.33744481030237106,-0.6667757011831968,,,,Normal,2023,,128691692.0,67.315,35.7,,,21.29883420625,60.175000000000004,59.548375,40.796621704
ETH,Ethiopia,2019,41.0,65.741,,,115737383.0,Low income,,,115737383.0,,,51.7711792,47.49158859,,,,38.9,6.413267497929585,0.3274461888074918,65.966,0.33744481030237106,-0.6667757011831968,,,,Normal,2023,,128691692.0,67.315,35.7,,,21.29883420625,60.175000000000004,59.548375,40.796621704
ETH,Ethiopia,2019,41.0,65.741,,,115737383.0,Low income,,,115737383.0,,,51.7711792,47.49158859,,,,38.9,6.413267497929585,0.3274461888074918,65.966,0.33744481030237106,-0.6667757011831968,,,,Normal,2023,,128691692.0,67.315,35.7,,,21.29883420625,60.175000000000004,59.548375,40.796621704
ETH,Ethiopia,2019,41.0,65.741,,,115737383.0,Low income,,,115737383.0,,,51.7711792,47.49158859,,,,38.9,6.413267497929585,0.3274461888074918,65.966,0.33744481030237106,-0.6667757011831968,,,,Normal,2023,,128691692.0,67.315,35.7,,,21.29883420625,60.175000000000004,59.548375,40.796621704
ETH,Ethiopia,2019,41.0,65.741,,,115737383.0,Low income,,,115737383.0,,,51.7711792,47.49158859,,,,38.9,6.413267497929585,0.3274461888074918,65.966,0.33744481030237106,-0.6667757011831968,,,,Normal,2023,,128691692.0,67.315,35.7,,,21.29883420625,60.175000000000004,59.548375,40.796621704
ETH,Ethiopia,2019,41.0,65.741,,,115737383.0,Low income,,,115737383.0,,,51.7711792,47.49158859,,,,38.9,6.413267497929585,0.3274461888074918,65.966,0.33744481030237106,-0.6667757011831968,,,,Normal,2023,,128691692.0,67.315,35.7,,,21.29883420625,60.175000000000004,59.548375,40.796621704
ETH,Ethiopia,2019,41.0,65.741,,,115737383.0,Low income,,,115737383.0,,,51.7711792,47.49158859,,,,38.9,6.413267497929585,0.3274461888074918,65.966,0.33744481030237106,-0.6667757011831968,,,,Normal,2023,,128691692.0,67.315,35.7,,,21.29883420625,60.175000000000004,59.548375,40.796621704
ETH,Ethiopia,2019,41.0,65.741,,,115737383.0,Low income,,,115737383.0,,,51.7711792,47.49158859,,,,38.9,6.413267497929585,0.3274461888074918,65.966,0.33744481030237106,-0.6667757011831968,,,,Normal,2023,,128691692.0,67.315,35.7,,,21.29883420625,60.175000000000004,59.548375,40.796621704
ETH,Ethiopia,2019,41.0,65.741,,,115737383.0,Low income,,,115737383.0,,,51.7711792,47.49158859,,,,38.9,6.413267497929585,0.3274461888074918,65.966,0.33744481030237106,-0.6667757011831968,,,,Normal,2023,,128691692.0,67.315,35.7,,,21.29883420625,60.175000000000004,59.548375,40.796621704
ETH,Ethiopia,2019,41.0,65.741,,,115737383.0,Low income,,,115737383.0,,,51.7711792,47.49158859,,,,38.9,6.413267497929585,0.3274461888074918,65.966,0.33744481030237106,-0.6667757011831968,,,,Normal,2023,,128691692.0,67.315,35.7,,,21.29883420625,60.175000000000004,59.548375,40.796621704
ETH,Ethiopia,2020,39.6,65.969,,,118917671.0,Low income,,,118917671.0,,,,51.7711792,,,,37.666666666666664,6.3256093250637395,0.30563590540961144,65.83433333333333,0.6534908823643463,0.20607275526084368,,,,Normal,2023,,128691692.0,67.315,35.7,,,21.29883420625,60.175000000000004,59.548375,40.796621704
ETH,Ethiopia,2020,39.6,65.969,,,118917671.0,Low income,,,118917671.0,,,,51.7711792,,,,37.666666666666664,6.3256093250637395,0.30563590540961144,65.83433333333333,0.6534908823643463,0.20607275526084368,,,,Normal,2023,,128691692.0,67.315,35.7,,,21.29883420625,60.175000000000004,59.548375,40.796621704
ETH,Ethiopia,2020,39.6,65.969,,,118917671.0,Low income,,,118917671.0,,,,51.7711792,,,,37.666666666666664,6.3256093250637395,0.30563590540961144,65.83433333333333,0.6534908823643463,0.20607275526084368,,,,Normal,2023,,128691692.0,67.315,35.7,,,21.29883420625,60.175000000000004,59.548375,40.796621704
ETH,Ethiopia,2020,39.6,65.969,,,118917671.0,Low income,,,118917671.0,,,,51.7711792,,,,37.666666666666664,6.3256093250637395,0.30563590540961144,65.83433333333333,0.6534908823643463,0.20607275526084368,,,,Normal,2023,,128691692.0,67.315,35.7,,,21.29883420625,60.175000000000004,59.548375,40.796621704
ETH,Ethiopia,2020,39.6,65.969,,,118917671.0,Low income,,,118917671.0,,,,51.7711792,,,,37.666666666666664,6.3256093250637395,0.30563590540961144,65.83433333333333,0.6534908823643463,0.20607275526084368,,,,Normal,2023,,128691692.0,67.315,35.7,,,21.29883420625,60.175000000000004,59.548375,40.796621704
ETH,Ethiopia,2020,39.6,65.969,,,118917671.0,Low income,,,118917671.0,,,,51.7711792,,,,37.666666666666664,6.3256093250637395,0.30563590540961144,65.83433333333333,0.6534908823643463,0.20607275526084368,,,,Normal,2023,,128691692.0,67.315,35.7,,,21.29883420625,60.175000000000004,59.548375,40.796621704
ETH,Ethiopia,2020,39.6,65.969,,,118917671.0,Low income,,,118917671.0,,,,51.7711792,,,,37.666666666666664,6.3256093250637395,0.30563590540961144,65.83433333333333,0.6534908823643463,0.20607275526084368,,,,Normal,2023,,128691692.0,67.315,35.7,,,21.29883420625,60.175000000000004,59.548375,40.796621704
ETH,Ethiopia,2020,39.6,65.969,,,118917671.0,Low income,,,118917671.0,,,,51.7711792,,,,37.666666666666664,6.3256093250637395,0.30563590540961144,65.83433333333333,0.6534908823643463,0.20607275526084368,,,,Normal,2023,,128691692.0,67.315,35.7,,,21.29883420625,60.175000000000004,59.548375,40.796621704
ETH,Ethiopia,2020,39.6,65.969,,,118917671.0,Low income,,,118917671.0,,,,51.7711792,,,,37.666666666666664,6.3256093250637395,0.30563590540961144,65.83433333333333,0.6534908823643463,0.20607275526084368,,,,Normal,2023,,128691692.0,67.315,35.7,,,21.29883420625,60.175000000000004,59.548375,40.796621704
ETH,Ethiopia,2020,39.6,65.969,,,118917671.0,Low income,,,118917671.0,,,,51.7711792,,,,37.666666666666664,6.3256093250637395,0.30563590540961144,65.83433333333333,0.6534908823643463,0.20607275526084368,,,,Normal,2023,,128691692.0,67.315,35.7,,,21.29883420625,60.175000000000004,59.548375,40.796621704
ETH,Ethiopia,2020,39.6,65.969,,,118917671.0,Low income,,,118917671.0,,,,51.7711792,,,,37.666666666666664,6.3256093250637395,0.30563590540961144,65.83433333333333,0.6534908823643463,0.20607275526084368,,,,Normal,2023,,128691692.0,67.315,35.7,,,21.29883420625,60.175000000000004,59.548375,40.796621704
ETH,Ethiopia,2020,39.6,65.969,,,118917671.0,Low income,,,118917671.0,,,,51.7711792,,,,37.666666666666664,6.3256093250637395,0.30563590540961144,65.83433333333333,0.6534908823643463,0.20607275526084368,,,,Normal,2023,,128691692.0,67.315,35.7,,,21.29883420625,60.175000000000004,59.548375,40.796621704
ETH,Ethiopia,2020,39.6,65.969,,,118917671.0,Low income,,,118917671.0,,,,51.7711792,,,,37.666666666666664,6.3256093250637395,0.30563590540961144,65.83433333333333,0.6534908823643463,0.20607275526084368,,,,Normal,2023,,128691692.0,67.315,35.7,,,21.29883420625,60.175000000000004,59.548375,40.796621704
ETH,Ethiopia,2020,39.6,65.969,,,118917671.0,Low income,,,118917671.0,,,,51.7711792,,,,37.666666666666664,6.3256093250637395,0.30563590540961144,65.83433333333333,0.6534908823643463,0.20607275526084368,,,,Normal,2023,,128691692.0,67.315,35.7,,,21.29883420625,60.175000000000004,59.548375,40.796621704
ETH,Ethiopia,2020,39.6,65.969,,,118917671.0,Low income,,,118917671.0,,,,51.7711792,,,,37.666666666666664,6.3256093250637395,0.30563590540961144,65.83433333333333,0.6534908823643463,0.20607275526084368,,,,Normal,2023,,128691692.0,67.315,35.7,,,21.29883420625,60.175000000000004,59.548375,40.796621704
ETH,Ethiopia,2020,39.6,65.969,,,118917671.0,Low income,,,118917671.0,,,,51.7711792,,,,37.666666666666664,6.3256093250637395,0.30563590540961144,65.83433333333333,0.6534908823643463,0.20607275526084368,,,,Normal,2023,,128691692.0,67.315,35.7,,,21.29883420625,60.175000000000004,59.548375,40.796621704
ETH,Ethiopia,2021,38.3,65.33,,,122138588.0,Low income,,,122138588.0,,,,,,,,36.46666666666667,6.254864773385061,0.29310519088027376,65.41333333333334,0.997613819738553,-0.0835326573114055,,,,Normal,2023,,128691692.0,67.315,35.7,,,21.29883420625,60.175000000000004,59.548375,40.796621704
ETH,Ethiopia,2021,38.3,65.33,,,122138588.0,Low income,,,122138588.0,,,,,,,,36.46666666666667,6.254864773385061,0.29310519088027376,65.41333333333334,0.997613819738553,-0.0835326573114055,,,,Normal,2023,,128691692.0,67.315,35.7,,,21.29883420625,60.175000000000004,59.548375,40.796621704
ETH,Ethiopia,2021,38.3,65.33,,,122138588.0,Low income,,,122138588.0,,,,,,,,36.46666666666667,6.254864773385061,0.29310519088027376,65.41333333333334,0.997613819738553,-0.0835326573114055,,,,Normal,2023,,128691692.0,67.315,35.7,,,21.29883420625,60.175000000000004,59.548375,40.796621704
ETH,Ethiopia,2021,38.3,65.33,,,122138588.0,Low income,,,122138588.0,,,,,,,,36.46666666666667,6.254864773385061,0.29310519088027376,65.41333333333334,0.997613819738553,-0.0835326573114055,,,,Normal,2023,,128691692.0,67.315,35.7,,,21.29883420625,60.175000000000004,59.548375,40.796621704
ETH,Ethiopia,2021,38.3,65.33,,,122138588.0,Low income,,,122138588.0,,,,,,,,36.46666666666667,6.254864773385061,0.29310519088027376,65.41333333333334,0.997613819738553,-0.0835326573114055,,,,Normal,2023,,128691692.0,67.315,35.7,,,21.29883420625,60.175000000000004,59.548375,40.796621704
ETH,Ethiopia,2021,38.3,65.33,,,122138588.0,Low income,,,122138588.0,,,,,,,,36.46666666666667,6.254864773385061,0.29310519088027376,65.41333333333334,0.997613819738553,-0.0835326573114055,,,,Normal,2023,,128691692.0,67.315,35.7,,,21.29883420625,60.175000000000004,59.548375,40.796621704
ETH,Ethiopia,2021,38.3,65.33,,,122138588.0,Low income,,,122138588.0,,,,,,,,36.46666666666667,6.254864773385061,0.29310519088027376,65.41333333333334,0.997613819738553,-0.0835326573114055,,,,Normal,2023,,128691692.0,67.315,35.7,,,21.29883420625,60.175000000000004,59.548375,40.796621704
ETH,Ethiopia,2021,38.3,65.33,,,122138588.0,Low income,,,122138588.0,,,,,,,,36.46666666666667,6.254864773385061,0.29310519088027376,65.41333333333334,0.997613819738553,-0.0835326573114055,,,,Normal,2023,,128691692.0,67.315,35.7,,,21.29883420625,60.175000000000004,59.548375,40.796621704
ETH,Ethiopia,2021,38.3,65.33,,,122138588.0,Low income,,,122138588.0,,,,,,,,36.46666666666667,6.254864773385061,0.29310519088027376,65.41333333333334,0.997613819738553,-0.0835326573114055,,,,Normal,2023,,128691692.0,67.315,35.7,,,21.29883420625,60.175000000000004,59.548375,40.796621704
ETH,Ethiopia,2021,38.3,65.33,,,122138588.0,Low income,,,122138588.0,,,,,,,,36.46666666666667,6.254864773385061,0.29310519088027376,65.41333333333334,0.997613819738553,-0.0835326573114055,,,,Normal,2023,,128691692.0,67.315,35.7,,,21.29883420625,60.175000000000004,59.548375,40.796621704
ETH,Ethiopia,2021,38.3,65.33,,,122138588.0,Low income,,,122138588.0,,,,,,,,36.46666666666667,6.254864773385061,0.29310519088027376,65.41333333333334,0.997613819738553,-0.0835326573114055,,,,Normal,2023,,128691692.0,67.315,35.7,,,21.29883420625,60.175000000000004,59.548375,40.796621704
ETH,Ethiopia,2021,38.3,65.33,,,122138588.0,Low income,,,122138588.0,,,,,,,,36.46666666666667,6.254864773385061,0.29310519088027376,65.41333333333334,0.997613819738553,-0.0835326573114055,,,,Normal,2023,,128691692.0,67.315,35.7,,,21.29883420625,60.175000000000004,59.548375,40.796621704
ETH,Ethiopia,2021,38.3,65.33,,,122138588.0,Low income,,,122138588.0,,,,,,,,36.46666666666667,6.254864773385061,0.29310519088027376,65.41333333333334,0.997613819738553,-0.0835326573114055,,,,Normal,2023,,128691692.0,67.315,35.7,,,21.29883420625,60.175000000000004,59.548375,40.796621704
ETH,Ethiopia,2021,38.3,65.33,,,122138588.0,Low income,,,122138588.0,,,,,,,,36.46666666666667,6.254864773385061,0.29310519088027376,65.41333333333334,0.997613819738553,-0.0835326573114055,,,,Normal,2023,,128691692.0,67.315,35.7,,,21.29883420625,60.175000000000004,59.548375,40.796621704
ETH,Ethiopia,2021,38.3,65.33,,,122138588.0,Low income,,,122138588.0,,,,,,,,36.46666666666667,6.254864773385061,0.29310519088027376,65.41333333333334,0.997613819738553,-0.0835326573114055,,,,Normal,2023,,128691692.0,67.315,35.7,,,21.29883420625,60.175000000000004,59.548375,40.796621704
ETH,Ethiopia,2021,38.3,65.33,,,122138588.0,Low income,,,122138588.0,,,,,,,,36.46666666666667,6.254864773385061,0.29310519088027376,65.41333333333334,0.997613819738553,-0.0835326573114055,,,,Normal,2023,,128691692.0,67.315,35.7,,,21.29883420625,60.175000000000004,59.548375,40.796621704
ETH,Ethiopia,2022,37.0,66.897,,,125384287.0,Low income,,,125384287.0,,,,,,,,35.333333333333336,5.976899976855336,0.27885135657624943,66.75566666666667,0.9975376350460889,0.14168220663354275,80.58999634,,,Normal,2023,,128691692.0,67.315,35.7,,,21.29883420625,60.175000000000004,59.548375,40.796621704
ETH,Ethiopia,2022,37.0,66.897,,,125384287.0,Low income,,,125384287.0,,,,,,,,35.333333333333336,5.976899976855336,0.27885135657624943,66.75566666666667,0.9975376350460889,0.14168220663354275,80.58999634,,,Normal,2023,,128691692.0,67.315,35.7,,,21.29883420625,60.175000000000004,59.548375,40.796621704
ETH,Ethiopia,2022,37.0,66.897,,,125384287.0,Low income,,,125384287.0,,,,,,,,35.333333333333336,5.976899976855336,0.27885135657624943,66.75566666666667,0.9975376350460889,0.14168220663354275,80.58999634,,,Normal,2023,,128691692.0,67.315,35.7,,,21.29883420625,60.175000000000004,59.548375,40.796621704
ETH,Ethiopia,2022,37.0,66.897,,,125384287.0,Low income,,,125384287.0,,,,,,,,35.333333333333336,5.976899976855336,0.27885135657624943,66.75566666666667,0.9975376350460889,0.14168220663354275,80.58999634,,,Normal,2023,,128691692.0,67.315,35.7,,,21.29883420625,60.175000000000004,59.548375,40.796621704
ETH,Ethiopia,2022,37.0,66.897,,,125384287.0,Low income,,,125384287.0,,,,,,,,35.333333333333336,5.976899976855336,0.27885135657624943,66.75566666666667,0.9975376350460889,0.14168220663354275,80.58999634,,,Normal,2023,,128691692.0,67.315,35.7,,,21.29883420625,60.175000000000004,59.548375,40.796621704
ETH,Ethiopia,2022,37.0,66.897,,,125384287.0,Low income,,,125384287.0,,,,,,,,35.333333333333336,5.976899976855336,0.27885135657624943,66.75566666666667,0.9975376350460889,0.14168220663354275,80.58999634,,,Normal,2023,,128691692.0,67.315,35.7,,,21.29883420625,60.175000000000004,59.548375,40.796621704
ETH,Ethiopia,2022,37.0,66.897,,,125384287.0,Low income,,,125384287.0,,,,,,,,35.333333333333336,5.976899976855336,0.27885135657624943,66.75566666666667,0.9975376350460889,0.14168220663354275,80.58999634,,,Normal,2023,,128691692.0,67.315,35.7,,,21.29883420625,60.175000000000004,59.548375,40.796621704
ETH,Ethiopia,2022,37.0,66.897,,,125384287.0,Low income,,,125384287.0,,,,,,,,35.333333333333336,5.976899976855336,0.27885135657624943,66.75566666666667,0.9975376350460889,0.14168220663354275,80.58999634,,,Normal,2023,,128691692.0,67.315,35.7,,,21.29883420625,60.175000000000004,59.548375,40.796621704
ETH,Ethiopia,2022,37.0,66.897,,,125384287.0,Low income,,,125384287.0,,,,,,,,35.333333333333336,5.976899976855336,0.27885135657624943,66.75566666666667,0.9975376350460889,0.14168220663354275,80.58999634,,,Normal,2023,,128691692.0,67.315,35.7,,,21.29883420625,60.175000000000004,59.548375,40.796621704
ETH,Ethiopia,2022,37.0,66.897,,,125384287.0,Low income,,,125384287.0,,,,,,,,35.333333333333336,5.976899976855336,0.27885135657624943,66.75566666666667,0.9975376350460889,0.14168220663354275,80.58999634,,,Normal,2023,,128691692.0,67.315,35.7,,,21.29883420625,60.175000000000004,59.548375,40.796621704
ETH,Ethiopia,2022,37.0,66.897,,,125384287.0,Low income,,,125384287.0,,,,,,,,35.333333333333336,5.976899976855336,0.27885135657624943,66.75566666666667,0.9975376350460889,0.14168220663354275,80.58999634,,,Normal,2023,,128691692.0,67.315,35.7,,,21.29883420625,60.175000000000004,59.548375,40.796621704
ETH,Ethiopia,2022,37.0,66.897,,,125384287.0,Low income,,,125384287.0,,,,,,,,35.333333333333336,5.976899976855336,0.27885135657624943,66.75566666666667,0.9975376350460889,0.14168220663354275,80.58999634,,,Normal,2023,,128691692.0,67.315,35.7,,,21.29883420625,60.175000000000004,59.548375,40.796621704
ETH,Ethiopia,2022,37.0,66.897,,,125384287.0,Low income,,,125384287.0,,,,,,,,35.333333333333336,5.976899976855336,0.27885135657624943,66.75566666666667,0.9975376350460889,0.14168220663354275,80.58999634,,,Normal,2023,,128691692.0,67.315,35.7,,,21.29883420625,60.175000000000004,59.548375,40.796621704
ETH,Ethiopia,2022,37.0,66.897,,,125384287.0,Low income,,,125384287.0,,,,,,,,35.333333333333336,5.976899976855336,0.27885135657624943,66.75566666666667,0.9975376350460889,0.14168220663354275,80.58999634,,,Normal,2023,,128691692.0,67.315,35.7,,,21.29883420625,60.175000000000004,59.548375,40.796621704
ETH,Ethiopia,2022,37.0,66.897,,,125384287.0,Low income,,,125384287.0,,,,,,,,35.333333333333336,5.976899976855336,0.27885135657624943,66.75566666666667,0.9975376350460889,0.14168220663354275,80.58999634,,,Normal,2023,,128691692.0,67.315,35.7,,,21.29883420625,60.175000000000004,59.548375,40.796621704
ETH,Ethiopia,2022,37.0,66.897,,,125384287.0,Low income,,,125384287.0,,,,,,,,35.333333333333336,5.976899976855336,0.27885135657624943,66.75566666666667,0.9975376350460889,0.14168220663354275,80.58999634,,,Normal,2023,,128691692.0,67.315,35.7,,,21.29883420625,60.175000000000004,59.548375,40.796621704
ETH,Ethiopia,2023,35.7,67.315,,,128691692.0,Low income,,,128691692.0,,,,,,,,34.166666666666664,5.950070027599117,0.2577000482718766,67.29933333333334,0.9605958220465685,0.016309322096865673,,,,Normal,2023,,128691692.0,67.315,35.7,,,21.29883420625,60.175000000000004,59.548375,40.796621704
ETH,Ethiopia,2023,35.7,67.315,,,128691692.0,Low income,,,128691692.0,,,,,,,,34.166666666666664,5.950070027599117,0.2577000482718766,67.29933333333334,0.9605958220465685,0.016309322096865673,,,,Normal,2023,,128691692.0,67.315,35.7,,,21.29883420625,60.175000000000004,59.548375,40.796621704
ETH,Ethiopia,2023,35.7,67.315,,,128691692.0,Low income,,,128691692.0,,,,,,,,34.166666666666664,5.950070027599117,0.2577000482718766,67.29933333333334,0.9605958220465685,0.016309322096865673,,,,Normal,2023,,128691692.0,67.315,35.7,,,21.29883420625,60.175000000000004,59.548375,40.796621704
ETH,Ethiopia,2023,35.7,67.315,,,128691692.0,Low income,,,128691692.0,,,,,,,,34.166666666666664,5.950070027599117,0.2577000482718766,67.29933333333334,0.9605958220465685,0.016309322096865673,,,,Normal,2023,,128691692.0,67.315,35.7,,,21.29883420625,60.175000000000004,59.548375,40.796621704
ETH,Ethiopia,2023,35.7,67.315,,,128691692.0,Low income,,,128691692.0,,,,,,,,34.166666666666664,5.950070027599117,0.2577000482718766,67.29933333333334,0.9605958220465685,0.016309322096865673,,,,Normal,2023,,128691692.0,67.315,35.7,,,21.29883420625,60.175000000000004,59.548375,40.796621704
ETH,Ethiopia,2023,35.7,67.315,,,128691692.0,Low income,,,128691692.0,,,,,,,,34.166666666666664,5.950070027599117,0.2577000482718766,67.29933333333334,0.9605958220465685,0.016309322096865673,,,,Normal,2023,,128691692.0,67.315,35.7,,,21.29883420625,60.175000000000004,59.548375,40.796621704
ETH,Ethiopia,2023,35.7,67.315,,,128691692.0,Low income,,,128691692.0,,,,,,,,34.166666666666664,5.950070027599117,0.2577000482718766,67.29933333333334,0.9605958220465685,0.016309322096865673,,,,Normal,2023,,128691692.0,67.315,35.7,,,21.29883420625,60.175000000000004,59.548375,40.796621704
ETH,Ethiopia,2023,35.7,67.315,,,128691692.0,Low income,,,128691692.0,,,,,,,,34.166666666666664,5.950070027599117,0.2577000482718766,67.29933333333334,0.9605958220465685,0.016309322096865673,,,,Normal,2023,,128691692.0,67.315,35.7,,,21.29883420625,60.175000000000004,59.548375,40.796621704
ETH,Ethiopia,2023,35.7,67.315,,,128691692.0,Low income,,,128691692.0,,,,,,,,34.166666666666664,5.950070027599117,0.2577000482718766,67.29933333333334,0.9605958220465685,0.016309322096865673,,,,Normal,2023,,128691692.0,67.315,35.7,,,21.29883420625,60.175000000000004,59.548375,40.796621704
ETH,Ethiopia,2023,35.7,67.315,,,128691692.0,Low income,,,128691692.0,,,,,,,,34.166666666666664,5.950070027599117,0.2577000482718766,67.29933333333334,0.9605958220465685,0.016309322096865673,,,,Normal,2023,,128691692.0,67.315,35.7,,,21.29883420625,60.175000000000004,59.548375,40.796621704
ETH,Ethiopia,2023,35.7,67.315,,,128691692.0,Low income,,,128691692.0,,,,,,,,34.166666666666664,5.950070027599117,0.2577000482718766,67.29933333333334,0.9605958220465685,0.016309322096865673,,,,Normal,2023,,128691692.0,67.315,35.7,,,21.29883420625,60.175000000000004,59.548375,40.796621704
ETH,Ethiopia,2023,35.7,67.315,,,128691692.0,Low income,,,128691692.0,,,,,,,,34.166666666666664,5.950070027599117,0.2577000482718766,67.29933333333334,0.9605958220465685,0.016309322096865673,,,,Normal,2023,,128691692.0,67.315,35.7,,,21.29883420625,60.175000000000004,59.548375,40.796621704
ETH,Ethiopia,2023,35.7,67.315,,,128691692.0,Low income,,,128691692.0,,,,,,,,34.166666666666664,5.950070027599117,0.2577000482718766,67.29933333333334,0.9605958220465685,0.016309322096865673,,,,Normal,2023,,128691692.0,67.315,35.7,,,21.29883420625,60.175000000000004,59.548375,40.796621704
ETH,Ethiopia,2023,35.7,67.315,,,128691692.0,Low income,,,128691692.0,,,,,,,,34.166666666666664,5.950070027599117,0.2577000482718766,67.29933333333334,0.9605958220465685,0.016309322096865673,,,,Normal,2023,,128691692.0,67.315,35.7,,,21.29883420625,60.175000000000004,59.548375,40.796621704
ETH,Ethiopia,2023,35.7,67.315,,,128691692.0,Low income,,,128691692.0,,,,,,,,34.166666666666664,5.950070027599117,0.2577000482718766,67.29933333333334,0.9605958220465685,0.016309322096865673,,,,Normal,2023,,128691692.0,67.315,35.7,,,21.29883420625,60.175000000000004,59.548375,40.796621704
ETH,Ethiopia,2023,35.7,67.315,,,128691692.0,Low income,,,128691692.0,,,,,,,,34.166666666666664,5.950070027599117,0.2577000482718766,67.29933333333334,0.9605958220465685,0.016309322096865673,,,,Normal,2023,,128691692.0,67.315,35.7,,,21.29883420625,60.175000000000004,59.548375,40.796621704
PAK,Pakistan,2000,89.1,61.903,,,154879127.0,Lower middle income,,,154879127.0,,,,,48.71913147,,,74.44999999999999,20.718228688765844,0.7071067811865477,61.976,0.1032375900532365,-0.7071067811865475,,,,Normal,2023,,247504495.0,67.649,50.1,,,32.31509279272728,69.475,64.649625,55.0
PAK,Pakistan,2000,89.1,61.903,,,154879127.0,Lower middle income,,,154879127.0,,,,,48.71913147,,,74.44999999999999,20.718228688765844,0.7071067811865477,61.976,0.1032375900532365,-0.7071067811865475,,,,Normal,2023,,247504495.0,67.649,50.1,,,32.31509279272728,69.475,64.649625,55.0
PAK,Pakistan,2000,89.1,61.903,,,154879127.0,Lower middle income,,,154879127.0,,,,,48.71913147,,,74.44999999999999,20.718228688765844,0.7071067811865477,61.976,0.1032375900532365,-0.7071067811865475,,,,Normal,2023,,247504495.0,67.649,50.1,,,32.31509279272728,69.475,64.649625,55.0
PAK,Pakistan,2000,89.1,61.903,,,154879127.0,Lower middle income,,,154879127.0,,,,,48.71913147,,,74.44999999999999,20.718228688765844,0.7071067811865477,61.976,0.1032375900532365,-0.7071067811865475,,,,Normal,2023,,247504495.0,67.649,50.1,,,32.31509279272728,69.475,64.649625,55.0
PAK,Pakistan,2000,89.1,61.903,,,154879127.0,Lower middle income,,,154879127.0,,,,,48.71913147,,,74.44999999999999,20.718228688765844,0.7071067811865477,61.976,0.1032375900532365,-0.7071067811865475,,,,Normal,2023,,247504495.0,67.649,50.1,,,32.31509279272728,69.475,64.649625,55.0
PAK,Pakistan,2000,89.1,61.903,,,154879127.0,Lower middle income,,,154879127.0,,,,,48.71913147,,,74.44999999999999,20.718228688765844,0.7071067811865477,61.976,0.1032375900532365,-0.7071067811865475,,,,Normal,2023,,247504495.0,67.649,50.1,,,32.31509279272728,69.475,64.649625,55.0
PAK,Pakistan,2000,89.1,61.903,,,154879127.0,Lower middle income,,,154879127.0,,,,,48.71913147,,,74.44999999999999,20.718228688765844,0.7071067811865477,61.976,0.1032375900532365,-0.7071067811865475,,,,Normal,2023,,247504495.0,67.649,50.1,,,32.31509279272728,69.475,64.649625,55.0
PAK,Pakistan,2000,89.1,61.903,,,154879127.0,Lower middle income,,,154879127.0,,,,,48.71913147,,,74.44999999999999,20.718228688765844,0.7071067811865477,61.976,0.1032375900532365,-0.7071067811865475,,,,Normal,2023,,247504495.0,67.649,50.1,,,32.31509279272728,69.475,64.649625,55.0
PAK,Pakistan,2000,89.1,61.903,,,154879127.0,Lower middle income,,,154879127.0,,,,,48.71913147,,,74.44999999999999,20.718228688765844,0.7071067811865477,61.976,0.1032375900532365,-0.7071067811865475,,,,Normal,2023,,247504495.0,67.649,50.1,,,32.31509279272728,69.475,64.649625,55.0
PAK,Pakistan,2000,89.1,61.903,,,154879127.0,Lower middle income,,,154879127.0,,,,,48.71913147,,,74.44999999999999,20.718228688765844,0.7071067811865477,61.976,0.1032375900532365,-0.7071067811865475,,,,Normal,2023,,247504495.0,67.649,50.1,,,32.31509279272728,69.475,64.649625,55.0
PAK,Pakistan,2000,89.1,61.903,,,154879127.0,Lower middle income,,,154879127.0,,,,,48.71913147,,,74.44999999999999,20.718228688765844,0.7071067811865477,61.976,0.1032375900532365,-0.7071067811865475,,,,Normal,2023,,247504495.0,67.649,50.1,,,32.31509279272728,69.475,64.649625,55.0
PAK,Pakistan,2000,89.1,61.903,,,154879127.0,Lower middle income,,,154879127.0,,,,,48.71913147,,,74.44999999999999,20.718228688765844,0.7071067811865477,61.976,0.1032375900532365,-0.7071067811865475,,,,Normal,2023,,247504495.0,67.649,50.1,,,32.31509279272728,69.475,64.649625,55.0
PAK,Pakistan,2000,89.1,61.903,,,154879127.0,Lower middle income,,,154879127.0,,,,,48.71913147,,,74.44999999999999,20.718228688765844,0.7071067811865477,61.976,0.1032375900532365,-0.7071067811865475,,,,Normal,2023,,247504495.0,67.649,50.1,,,32.31509279272728,69.475,64.649625,55.0
PAK,Pakistan,2000,89.1,61.903,,,154879127.0,Lower middle income,,,154879127.0,,,,,48.71913147,,,74.44999999999999,20.718228688765844,0.7071067811865477,61.976,0.1032375900532365,-0.7071067811865475,,,,Normal,2023,,247504495.0,67.649,50.1,,,32.31509279272728,69.475,64.649625,55.0
PAK,Pakistan,2000,89.1,61.903,,,154879127.0,Lower middle income,,,154879127.0,,,,,48.71913147,,,74.44999999999999,20.718228688765844,0.7071067811865477,61.976,0.1032375900532365,-0.7071067811865475,,,,Normal,2023,,247504495.0,67.649,50.1,,,32.31509279272728,69.475,64.649625,55.0
PAK,Pakistan,2000,89.1,61.903,,,154879127.0,Lower middle income,,,154879127.0,,,,,48.71913147,,,74.44999999999999,20.718228688765844,0.7071067811865477,61.976,0.1032375900532365,-0.7071067811865475,,,,Normal,2023,,247504495.0,67.649,50.1,,,32.31509279272728,69.475,64.649625,55.0
PAK,Pakistan,2001,87.0,62.241,,,159270907.0,Lower middle income,,,159270907.0,,,,,50.31414032,,,71.8,21.496046148071045,0.7071067811865477,62.5385,0.420728534805995,-0.7071067811865475,47.0,,,Normal,2023,,247504495.0,67.649,50.1,,,32.31509279272728,69.475,64.649625,55.0
PAK,Pakistan,2001,87.0,62.241,,,159270907.0,Lower middle income,,,159270907.0,,,,,50.31414032,,,71.8,21.496046148071045,0.7071067811865477,62.5385,0.420728534805995,-0.7071067811865475,47.0,,,Normal,2023,,247504495.0,67.649,50.1,,,32.31509279272728,69.475,64.649625,55.0
PAK,Pakistan,2001,87.0,62.241,,,159270907.0,Lower middle income,,,159270907.0,,,,,50.31414032,,,71.8,21.496046148071045,0.7071067811865477,62.5385,0.420728534805995,-0.7071067811865475,47.0,,,Normal,2023,,247504495.0,67.649,50.1,,,32.31509279272728,69.475,64.649625,55.0
PAK,Pakistan,2001,87.0,62.241,,,159270907.0,Lower middle income,,,159270907.0,,,,,50.31414032,,,71.8,21.496046148071045,0.7071067811865477,62.5385,0.420728534805995,-0.7071067811865475,47.0,,,Normal,2023,,247504495.0,67.649,50.1,,,32.31509279272728,69.475,64.649625,55.0
PAK,Pakistan,2001,87.0,62.241,,,159270907.0,Lower middle income,,,159270907.0,,,,,50.31414032,,,71.8,21.496046148071045,0.7071067811865477,62.5385,0.420728534805995,-0.7071067811865475,47.0,,,Normal,2023,,247504495.0,67.649,50.1,,,32.31509279272728,69.475,64.649625,55.0
PAK,Pakistan,2001,87.0,62.241,,,159270907.0,Lower middle income,,,159270907.0,,,,,50.31414032,,,71.8,21.496046148071045,0.7071067811865477,62.5385,0.420728534805995,-0.7071067811865475,47.0,,,Normal,2023,,247504495.0,67.649,50.1,,,32.31509279272728,69.475,64.649625,55.0
PAK,Pakistan,2001,87.0,62.241,,,159270907.0,Lower middle income,,,159270907.0,,,,,50.31414032,,,71.8,21.496046148071045,0.7071067811865477,62.5385,0.420728534805995,-0.7071067811865475,47.0,,,Normal,2023,,247504495.0,67.649,50.1,,,32.31509279272728,69.475,64.649625,55.0
PAK,Pakistan,2001,87.0,62.241,,,159270907.0,Lower middle income,,,159270907.0,,,,,50.31414032,,,71.8,21.496046148071045,0.7071067811865477,62.5385,0.420728534805995,-0.7071067811865475,47.0,,,Normal,2023,,247504495.0,67.649,50.1,,,32.31509279272728,69.475,64.649625,55.0
PAK,Pakistan,2001,87.0,62.241,,,159270907.0,Lower middle income,,,159270907.0,,,,,50.31414032,,,71.8,21.496046148071045,0.7071067811865477,62.5385,0.420728534805995,-0.7071067811865475,47.0,,,Normal,2023,,247504495.0,67.649,50.1,,,32.31509279272728,69.475,64.649625,55.0
PAK,Pakistan,2001,87.0,62.241,,,159270907.0,Lower middle income,,,159270907.0,,,,,50.31414032,,,71.8,21.496046148071045,0.7071067811865477,62.5385,0.420728534805995,-0.7071067811865475,47.0,,,Normal,2023,,247504495.0,67.649,50.1,,,32.31509279272728,69.475,64.649625,55.0
PAK,Pakistan,2001,87.0,62.241,,,159270907.0,Lower middle income,,,159270907.0,,,,,50.31414032,,,71.8,21.496046148071045,0.7071067811865477,62.5385,0.420728534805995,-0.7071067811865475,47.0,,,Normal,2023,,247504495.0,67.649,50.1,,,32.31509279272728,69.475,64.649625,55.0
PAK,Pakistan,2001,87.0,62.241,,,159270907.0,Lower middle income,,,159270907.0,,,,,50.31414032,,,71.8,21.496046148071045,0.7071067811865477,62.5385,0.420728534805995,-0.7071067811865475,47.0,,,Normal,2023,,247504495.0,67.649,50.1,,,32.31509279272728,69.475,64.649625,55.0
PAK,Pakistan,2001,87.0,62.241,,,159270907.0,Lower middle income,,,159270907.0,,,,,50.31414032,,,71.8,21.496046148071045,0.7071067811865477,62.5385,0.420728534805995,-0.7071067811865475,47.0,,,Normal,2023,,247504495.0,67.649,50.1,,,32.31509279272728,69.475,64.649625,55.0
PAK,Pakistan,2001,87.0,62.241,,,159270907.0,Lower middle income,,,159270907.0,,,,,50.31414032,,,71.8,21.496046148071045,0.7071067811865477,62.5385,0.420728534805995,-0.7071067811865475,47.0,,,Normal,2023,,247504495.0,67.649,50.1,,,32.31509279272728,69.475,64.649625,55.0
PAK,Pakistan,2001,87.0,62.241,,,159270907.0,Lower middle income,,,159270907.0,,,,,50.31414032,,,71.8,21.496046148071045,0.7071067811865477,62.5385,0.420728534805995,-0.7071067811865475,47.0,,,Normal,2023,,247504495.0,67.649,50.1,,,32.31509279272728,69.475,64.649625,55.0
PAK,Pakistan,2001,87.0,62.241,,,159270907.0,Lower middle income,,,159270907.0,,,,,50.31414032,,,71.8,21.496046148071045,0.7071067811865477,62.5385,0.420728534805995,-0.7071067811865475,47.0,,,Normal,2023,,247504495.0,67.649,50.1,,,32.31509279272728,69.475,64.649625,55.0
PAK,Pakistan,2002,85.0,62.556,,,163222549.0,Lower middle income,,,163222549.0,,,,,51.41809845,,,69.3,22.203152929257595,0.7071067811865476,63.073499999999996,0.7318555185280768,-0.707106781186545,,,,Normal,2023,,247504495.0,67.649,50.1,,,32.31509279272728,69.475,64.649625,55.0
PAK,Pakistan,2002,85.0,62.556,,,163222549.0,Lower middle income,,,163222549.0,,,,,51.41809845,,,69.3,22.203152929257595,0.7071067811865476,63.073499999999996,0.7318555185280768,-0.707106781186545,,,,Normal,2023,,247504495.0,67.649,50.1,,,32.31509279272728,69.475,64.649625,55.0
PAK,Pakistan,2002,85.0,62.556,,,163222549.0,Lower middle income,,,163222549.0,,,,,51.41809845,,,69.3,22.203152929257595,0.7071067811865476,63.073499999999996,0.7318555185280768,-0.707106781186545,,,,Normal,2023,,247504495.0,67.649,50.1,,,32.31509279272728,69.475,64.649625,55.0
PAK,Pakistan,2002,85.0,62.556,,,163222549.0,Lower middle income,,,163222549.0,,,,,51.41809845,,,69.3,22.203152929257595,0.7071067811865476,63.073499999999996,0.7318555185280768,-0.707106781186545,,,,Normal,2023,,247504495.0,67.649,50.1,,,32.31509279272728,69.475,64.649625,55.0
PAK,Pakistan,2002,85.0,62.556,,,163222549.0,Lower middle income,,,163222549.0,,,,,51.41809845,,,69.3,22.203152929257595,0.7071067811865476,63.073499999999996,0.7318555185280768,-0.707106781186545,,,,Normal,2023,,247504495.0,67.649,50.1,,,32.31509279272728,69.475,64.649625,55.0
PAK,Pakistan,2002,85.0,62.556,,,163222549.0,Lower middle income,,,163222549.0,,,,,51.41809845,,,69.3,22.203152929257595,0.7071067811865476,63.073499999999996,0.7318555185280768,-0.707106781186545,,,,Normal,2023,,247504495.0,67.649,50.1,,,32.31509279272728,69.475,64.649625,55.0
PAK,Pakistan,2002,85.0,62.556,,,163222549.0,Lower middle income,,,163222549.0,,,,,51.41809845,,,69.3,22.203152929257595,0.7071067811865476,63.073499999999996,0.7318555185280768,-0.707106781186545,,,,Normal,2023,,247504495.0,67.649,50.1,,,32.31509279272728,69.475,64.649625,55.0
PAK,Pakistan,2002,85.0,62.556,,,163222549.0,Lower middle income,,,163222549.0,,,,,51.41809845,,,69.3,22.203152929257595,0.7071067811865476,63.073499999999996,0.7318555185280768,-0.707106781186545,,,,Normal,2023,,247504495.0,67.649,50.1,,,32.31509279272728,69.475,64.649625,55.0
PAK,Pakistan,2002,85.0,62.556,,,163222549.0,Lower middle income,,,163222549.0,,,,,51.41809845,,,69.3,22.203152929257595,0.7071067811865476,63.073499999999996,0.7318555185280768,-0.707106781186545,,,,Normal,2023,,247504495.0,67.649,50.1,,,32.31509279272728,69.475,64.649625,55.0
PAK,Pakistan,2002,85.0,62.556,,,163222549.0,Lower middle income,,,163222549.0,,,,,51.41809845,,,69.3,22.203152929257595,0.7071067811865476,63.073499999999996,0.7318555185280768,-0.707106781186545,,,,Normal,2023,,247504495.0,67.649,50.1,,,32.31509279272728,69.475,64.649625,55.0
PAK,Pakistan,2002,85.0,62.556,,,163222549.0,Lower middle income,,,163222549.0,,,,,51.41809845,,,69.3,22.203152929257595,0.7071067811865476,63.073499999999996,0.7318555185280768,-0.707106781186545,,,,Normal,2023,,247504495.0,67.649,50.1,,,32.31509279272728,69.475,64.649625,55.0
PAK,Pakistan,2002,85.0,62.556,,,163222549.0,Lower middle income,,,163222549.0,,,,,51.41809845,,,69.3,22.203152929257595,0.7071067811865476,63.073499999999996,0.7318555185280768,-0.707106781186545,,,,Normal,2023,,247504495.0,67.649,50.1,,,32.31509279272728,69.475,64.649625,55.0
PAK,Pakistan,2002,85.0,62.556,,,163222549.0,Lower middle income,,,163222549.0,,,,,51.41809845,,,69.3,22.203152929257595,0.7071067811865476,63.073499999999996,0.7318555185280768,-0.707106781186545,,,,Normal,2023,,247504495.0,67.649,50.1,,,32.31509279272728,69.475,64.649625,55.0
PAK,Pakistan,2002,85.0,62.556,,,163222549.0,Lower middle income,,,163222549.0,,,,,51.41809845,,,69.3,22.203152929257595,0.7071067811865476,63.073499999999996,0.7318555185280768,-0.707106781186545,,,,Normal,2023,,247504495.0,67.649,50.1,,,32.31509279272728,69.475,64.649625,55.0
PAK,Pakistan,2002,85.0,62.556,,,163222549.0,Lower middle income,,,163222549.0,,,,,51.41809845,,,69.3,22.203152929257595,0.7071067811865476,63.073499999999996,0.7318555185280768,-0.707106781186545,,,,Normal,2023,,247504495.0,67.649,50.1,,,32.31509279272728,69.475,64.649625,55.0
PAK,Pakistan,2002,85.0,62.556,,,163222549.0,Lower middle income,,,163222549.0,,,,,51.41809845,,,69.3,22.203152929257595,0.7071067811865476,63.073499999999996,0.7318555185280768,-0.707106781186545,,,,Normal,2023,,247504495.0,67.649,50.1,,,32.31509279272728,69.475,64.649625,55.0
PAK,Pakistan,2003,83.4,62.834,,19.91184044,167110248.0,Lower middle income,,,167110248.0,,,,,35.58446026,22.16443150736138,-0.7071067811865475,67.15,22.980970388562795,0.7071067811865475,63.561,1.0281332598452355,-0.7071067811865476,,,,Normal,2023,,247504495.0,67.649,50.1,,,32.31509279272728,69.475,64.649625,55.0
PAK,Pakistan,2003,83.4,62.834,,19.91184044,167110248.0,Lower middle income,,,167110248.0,,,,,35.58446026,22.16443150736138,-0.7071067811865475,67.15,22.980970388562795,0.7071067811865475,63.561,1.0281332598452355,-0.7071067811865476,,,,Normal,2023,,247504495.0,67.649,50.1,,,32.31509279272728,69.475,64.649625,55.0
PAK,Pakistan,2003,83.4,62.834,,19.91184044,167110248.0,Lower middle income,,,167110248.0,,,,,35.58446026,22.16443150736138,-0.7071067811865475,67.15,22.980970388562795,0.7071067811865475,63.561,1.0281332598452355,-0.7071067811865476,,,,Normal,2023,,247504495.0,67.649,50.1,,,32.31509279272728,69.475,64.649625,55.0
PAK,Pakistan,2003,83.4,62.834,,19.91184044,167110248.0,Lower middle income,,,167110248.0,,,,,35.58446026,22.16443150736138,-0.7071067811865475,67.15,22.980970388562795,0.7071067811865475,63.561,1.0281332598452355,-0.7071067811865476,,,,Normal,2023,,247504495.0,67.649,50.1,,,32.31509279272728,69.475,64.649625,55.0
PAK,Pakistan,2003,83.4,62.834,,19.91184044,167110248.0,Lower middle income,,,167110248.0,,,,,35.58446026,22.16443150736138,-0.7071067811865475,67.15,22.980970388562795,0.7071067811865475,63.561,1.0281332598452355,-0.7071067811865476,,,,Normal,2023,,247504495.0,67.649,50.1,,,32.31509279272728,69.475,64.649625,55.0
PAK,Pakistan,2003,83.4,62.834,,19.91184044,167110248.0,Lower middle income,,,167110248.0,,,,,35.58446026,22.16443150736138,-0.7071067811865475,67.15,22.980970388562795,0.7071067811865475,63.561,1.0281332598452355,-0.7071067811865476,,,,Normal,2023,,247504495.0,67.649,50.1,,,32.31509279272728,69.475,64.649625,55.0
PAK,Pakistan,2003,83.4,62.834,,19.91184044,167110248.0,Lower middle income,,,167110248.0,,,,,35.58446026,22.16443150736138,-0.7071067811865475,67.15,22.980970388562795,0.7071067811865475,63.561,1.0281332598452355,-0.7071067811865476,,,,Normal,2023,,247504495.0,67.649,50.1,,,32.31509279272728,69.475,64.649625,55.0
PAK,Pakistan,2003,83.4,62.834,,19.91184044,167110248.0,Lower middle income,,,167110248.0,,,,,35.58446026,22.16443150736138,-0.7071067811865475,67.15,22.980970388562795,0.7071067811865475,63.561,1.0281332598452355,-0.7071067811865476,,,,Normal,2023,,247504495.0,67.649,50.1,,,32.31509279272728,69.475,64.649625,55.0
PAK,Pakistan,2003,83.4,62.834,,19.91184044,167110248.0,Lower middle income,,,167110248.0,,,,,35.58446026,22.16443150736138,-0.7071067811865475,67.15,22.980970388562795,0.7071067811865475,63.561,1.0281332598452355,-0.7071067811865476,,,,Normal,2023,,247504495.0,67.649,50.1,,,32.31509279272728,69.475,64.649625,55.0
PAK,Pakistan,2003,83.4,62.834,,19.91184044,167110248.0,Lower middle income,,,167110248.0,,,,,35.58446026,22.16443150736138,-0.7071067811865475,67.15,22.980970388562795,0.7071067811865475,63.561,1.0281332598452355,-0.7071067811865476,,,,Normal,2023,,247504495.0,67.649,50.1,,,32.31509279272728,69.475,64.649625,55.0
PAK,Pakistan,2003,83.4,62.834,,19.91184044,167110248.0,Lower middle income,,,167110248.0,,,,,35.58446026,22.16443150736138,-0.7071067811865475,67.15,22.980970388562795,0.7071067811865475,63.561,1.0281332598452355,-0.7071067811865476,,,,Normal,2023,,247504495.0,67.649,50.1,,,32.31509279272728,69.475,64.649625,55.0
PAK,Pakistan,2003,83.4,62.834,,19.91184044,167110248.0,Lower middle income,,,167110248.0,,,,,35.58446026,22.16443150736138,-0.7071067811865475,67.15,22.980970388562795,0.7071067811865475,63.561,1.0281332598452355,-0.7071067811865476,,,,Normal,2023,,247504495.0,67.649,50.1,,,32.31509279272728,69.475,64.649625,55.0
PAK,Pakistan,2003,83.4,62.834,,19.91184044,167110248.0,Lower middle income,,,167110248.0,,,,,35.58446026,22.16443150736138,-0.7071067811865475,67.15,22.980970388562795,0.7071067811865475,63.561,1.0281332598452355,-0.7071067811865476,,,,Normal,2023,,247504495.0,67.649,50.1,,,32.31509279272728,69.475,64.649625,55.0
PAK,Pakistan,2003,83.4,62.834,,19.91184044,167110248.0,Lower middle income,,,167110248.0,,,,,35.58446026,22.16443150736138,-0.7071067811865475,67.15,22.980970388562795,0.7071067811865475,63.561,1.0281332598452355,-0.7071067811865476,,,,Normal,2023,,247504495.0,67.649,50.1,,,32.31509279272728,69.475,64.649625,55.0
PAK,Pakistan,2003,83.4,62.834,,19.91184044,167110248.0,Lower middle income,,,167110248.0,,,,,35.58446026,22.16443150736138,-0.7071067811865475,67.15,22.980970388562795,0.7071067811865475,63.561,1.0281332598452355,-0.7071067811865476,,,,Normal,2023,,247504495.0,67.649,50.1,,,32.31509279272728,69.475,64.649625,55.0
PAK,Pakistan,2003,83.4,62.834,,19.91184044,167110248.0,Lower middle income,,,167110248.0,,,,,35.58446026,22.16443150736138,-0.7071067811865475,67.15,22.980970388562795,0.7071067811865475,63.561,1.0281332598452355,-0.7071067811865476,,,,Normal,2023,,247504495.0,67.649,50.1,,,32.31509279272728,69.475,64.649625,55.0
PAK,Pakistan,2004,81.8,63.097,,21.90851974,171286000.0,Lower middle income,,,171286000.0,,,,,34.88632965,18.353394784621955,-0.7071067811865477,65.1,23.61736649163069,0.7071067811865476,64.00450000000001,1.2833988078535896,-0.7071067811865489,,,,Normal,2023,,247504495.0,67.649,50.1,,,32.31509279272728,69.475,64.649625,55.0
PAK,Pakistan,2004,81.8,63.097,,21.90851974,171286000.0,Lower middle income,,,171286000.0,,,,,34.88632965,18.353394784621955,-0.7071067811865477,65.1,23.61736649163069,0.7071067811865476,64.00450000000001,1.2833988078535896,-0.7071067811865489,,,,Normal,2023,,247504495.0,67.649,50.1,,,32.31509279272728,69.475,64.649625,55.0
PAK,Pakistan,2004,81.8,63.097,,21.90851974,171286000.0,Lower middle income,,,171286000.0,,,,,34.88632965,18.353394784621955,-0.7071067811865477,65.1,23.61736649163069,0.7071067811865476,64.00450000000001,1.2833988078535896,-0.7071067811865489,,,,Normal,2023,,247504495.0,67.649,50.1,,,32.31509279272728,69.475,64.649625,55.0
PAK,Pakistan,2004,81.8,63.097,,21.90851974,171286000.0,Lower middle income,,,171286000.0,,,,,34.88632965,18.353394784621955,-0.7071067811865477,65.1,23.61736649163069,0.7071067811865476,64.00450000000001,1.2833988078535896,-0.7071067811865489,,,,Normal,2023,,247504495.0,67.649,50.1,,,32.31509279272728,69.475,64.649625,55.0
PAK,Pakistan,2004,81.8,63.097,,21.90851974,171286000.0,Lower middle income,,,171286000.0,,,,,34.88632965,18.353394784621955,-0.7071067811865477,65.1,23.61736649163069,0.7071067811865476,64.00450000000001,1.2833988078535896,-0.7071067811865489,,,,Normal,2023,,247504495.0,67.649,50.1,,,32.31509279272728,69.475,64.649625,55.0
PAK,Pakistan,2004,81.8,63.097,,21.90851974,171286000.0,Lower middle income,,,171286000.0,,,,,34.88632965,18.353394784621955,-0.7071067811865477,65.1,23.61736649163069,0.7071067811865476,64.00450000000001,1.2833988078535896,-0.7071067811865489,,,,Normal,2023,,247504495.0,67.649,50.1,,,32.31509279272728,69.475,64.649625,55.0
PAK,Pakistan,2004,81.8,63.097,,21.90851974,171286000.0,Lower middle income,,,171286000.0,,,,,34.88632965,18.353394784621955,-0.7071067811865477,65.1,23.61736649163069,0.7071067811865476,64.00450000000001,1.2833988078535896,-0.7071067811865489,,,,Normal,2023,,247504495.0,67.649,50.1,,,32.31509279272728,69.475,64.649625,55.0
PAK,Pakistan,2004,81.8,63.097,,21.90851974,171286000.0,Lower middle income,,,171286000.0,,,,,34.88632965,18.353394784621955,-0.7071067811865477,65.1,23.61736649163069,0.7071067811865476,64.00450000000001,1.2833988078535896,-0.7071067811865489,,,,Normal,2023,,247504495.0,67.649,50.1,,,32.31509279272728,69.475,64.649625,55.0
PAK,Pakistan,2004,81.8,63.097,,21.90851974,171286000.0,Lower middle income,,,171286000.0,,,,,34.88632965,18.353394784621955,-0.7071067811865477,65.1,23.61736649163069,0.7071067811865476,64.00450000000001,1.2833988078535896,-0.7071067811865489,,,,Normal,2023,,247504495.0,67.649,50.1,,,32.31509279272728,69.475,64.649625,55.0
PAK,Pakistan,2004,81.8,63.097,,21.90851974,171286000.0,Lower middle income,,,171286000.0,,,,,34.88632965,18.353394784621955,-0.7071067811865477,65.1,23.61736649163069,0.7071067811865476,64.00450000000001,1.2833988078535896,-0.7071067811865489,,,,Normal,2023,,247504495.0,67.649,50.1,,,32.31509279272728,69.475,64.649625,55.0
PAK,Pakistan,2004,81.8,63.097,,21.90851974,171286000.0,Lower middle income,,,171286000.0,,,,,34.88632965,18.353394784621955,-0.7071067811865477,65.1,23.61736649163069,0.7071067811865476,64.00450000000001,1.2833988078535896,-0.7071067811865489,,,,Normal,2023,,247504495.0,67.649,50.1,,,32.31509279272728,69.475,64.649625,55.0
PAK,Pakistan,2004,81.8,63.097,,21.90851974,171286000.0,Lower middle income,,,171286000.0,,,,,34.88632965,18.353394784621955,-0.7071067811865477,65.1,23.61736649163069,0.7071067811865476,64.00450000000001,1.2833988078535896,-0.7071067811865489,,,,Normal,2023,,247504495.0,67.649,50.1,,,32.31509279272728,69.475,64.649625,55.0
PAK,Pakistan,2004,81.8,63.097,,21.90851974,171286000.0,Lower middle income,,,171286000.0,,,,,34.88632965,18.353394784621955,-0.7071067811865477,65.1,23.61736649163069,0.7071067811865476,64.00450000000001,1.2833988078535896,-0.7071067811865489,,,,Normal,2023,,247504495.0,67.649,50.1,,,32.31509279272728,69.475,64.649625,55.0
PAK,Pakistan,2004,81.8,63.097,,21.90851974,171286000.0,Lower middle income,,,171286000.0,,,,,34.88632965,18.353394784621955,-0.7071067811865477,65.1,23.61736649163069,0.7071067811865476,64.00450000000001,1.2833988078535896,-0.7071067811865489,,,,Normal,2023,,247504495.0,67.649,50.1,,,32.31509279272728,69.475,64.649625,55.0
PAK,Pakistan,2004,81.8,63.097,,21.90851974,171286000.0,Lower middle income,,,171286000.0,,,,,34.88632965,18.353394784621955,-0.7071067811865477,65.1,23.61736649163069,0.7071067811865476,64.00450000000001,1.2833988078535896,-0.7071067811865489,,,,Normal,2023,,247504495.0,67.649,50.1,,,32.31509279272728,69.475,64.649625,55.0
PAK,Pakistan,2004,81.8,63.097,,21.90851974,171286000.0,Lower middle income,,,171286000.0,,,,,34.88632965,18.353394784621955,-0.7071067811865477,65.1,23.61736649163069,0.7071067811865476,64.00450000000001,1.2833988078535896,-0.7071067811865489,,,,Normal,2023,,247504495.0,67.649,50.1,,,32.31509279272728,69.475,64.649625,55.0
PAK,Pakistan,2005,80.4,62.416,50.0,22.81228065,175453212.0,Lower middle income,,,175453212.0,,,,,34.70757961,16.822493117714572,-0.7071067811865477,63.2,24.32447327281724,0.7071067811865475,63.9625,2.187081274209994,-0.7071067811865476,50.0,,,Normal,2023,,247504495.0,67.649,50.1,,,32.31509279272728,69.475,64.649625,55.0
PAK,Pakistan,2005,80.4,62.416,50.0,22.81228065,175453212.0,Lower middle income,,,175453212.0,,,,,34.70757961,16.822493117714572,-0.7071067811865477,63.2,24.32447327281724,0.7071067811865475,63.9625,2.187081274209994,-0.7071067811865476,50.0,,,Normal,2023,,247504495.0,67.649,50.1,,,32.31509279272728,69.475,64.649625,55.0
PAK,Pakistan,2005,80.4,62.416,50.0,22.81228065,175453212.0,Lower middle income,,,175453212.0,,,,,34.70757961,16.822493117714572,-0.7071067811865477,63.2,24.32447327281724,0.7071067811865475,63.9625,2.187081274209994,-0.7071067811865476,50.0,,,Normal,2023,,247504495.0,67.649,50.1,,,32.31509279272728,69.475,64.649625,55.0
PAK,Pakistan,2005,80.4,62.416,50.0,22.81228065,175453212.0,Lower middle income,,,175453212.0,,,,,34.70757961,16.822493117714572,-0.7071067811865477,63.2,24.32447327281724,0.7071067811865475,63.9625,2.187081274209994,-0.7071067811865476,50.0,,,Normal,2023,,247504495.0,67.649,50.1,,,32.31509279272728,69.475,64.649625,55.0
PAK,Pakistan,2005,80.4,62.416,50.0,22.81228065,175453212.0,Lower middle income,,,175453212.0,,,,,34.70757961,16.822493117714572,-0.7071067811865477,63.2,24.32447327281724,0.7071067811865475,63.9625,2.187081274209994,-0.7071067811865476,50.0,,,Normal,2023,,247504495.0,67.649,50.1,,,32.31509279272728,69.475,64.649625,55.0
PAK,Pakistan,2005,80.4,62.416,50.0,22.81228065,175453212.0,Lower middle income,,,175453212.0,,,,,34.70757961,16.822493117714572,-0.7071067811865477,63.2,24.32447327281724,0.7071067811865475,63.9625,2.187081274209994,-0.7071067811865476,50.0,,,Normal,2023,,247504495.0,67.649,50.1,,,32.31509279272728,69.475,64.649625,55.0
PAK,Pakistan,2005,80.4,62.416,50.0,22.81228065,175453212.0,Lower middle income,,,175453212.0,,,,,34.70757961,16.822493117714572,-0.7071067811865477,63.2,24.32447327281724,0.7071067811865475,63.9625,2.187081274209994,-0.7071067811865476,50.0,,,Normal,2023,,247504495.0,67.649,50.1,,,32.31509279272728,69.475,64.649625,55.0
PAK,Pakistan,2005,80.4,62.416,50.0,22.81228065,175453212.0,Lower middle income,,,175453212.0,,,,,34.70757961,16.822493117714572,-0.7071067811865477,63.2,24.32447327281724,0.7071067811865475,63.9625,2.187081274209994,-0.7071067811865476,50.0,,,Normal,2023,,247504495.0,67.649,50.1,,,32.31509279272728,69.475,64.649625,55.0
PAK,Pakistan,2005,80.4,62.416,50.0,22.81228065,175453212.0,Lower middle income,,,175453212.0,,,,,34.70757961,16.822493117714572,-0.7071067811865477,63.2,24.32447327281724,0.7071067811865475,63.9625,2.187081274209994,-0.7071067811865476,50.0,,,Normal,2023,,247504495.0,67.649,50.1,,,32.31509279272728,69.475,64.649625,55.0
PAK,Pakistan,2005,80.4,62.416,50.0,22.81228065,175453212.0,Lower middle income,,,175453212.0,,,,,34.70757961,16.822493117714572,-0.7071067811865477,63.2,24.32447327281724,0.7071067811865475,63.9625,2.187081274209994,-0.7071067811865476,50.0,,,Normal,2023,,247504495.0,67.649,50.1,,,32.31509279272728,69.475,64.649625,55.0
PAK,Pakistan,2005,80.4,62.416,50.0,22.81228065,175453212.0,Lower middle income,,,175453212.0,,,,,34.70757961,16.822493117714572,-0.7071067811865477,63.2,24.32447327281724,0.7071067811865475,63.9625,2.187081274209994,-0.7071067811865476,50.0,,,Normal,2023,,247504495.0,67.649,50.1,,,32.31509279272728,69.475,64.649625,55.0
PAK,Pakistan,2005,80.4,62.416,50.0,22.81228065,175453212.0,Lower middle income,,,175453212.0,,,,,34.70757961,16.822493117714572,-0.7071067811865477,63.2,24.32447327281724,0.7071067811865475,63.9625,2.187081274209994,-0.7071067811865476,50.0,,,Normal,2023,,247504495.0,67.649,50.1,,,32.31509279272728,69.475,64.649625,55.0
PAK,Pakistan,2005,80.4,62.416,50.0,22.81228065,175453212.0,Lower middle income,,,175453212.0,,,,,34.70757961,16.822493117714572,-0.7071067811865477,63.2,24.32447327281724,0.7071067811865475,63.9625,2.187081274209994,-0.7071067811865476,50.0,,,Normal,2023,,247504495.0,67.649,50.1,,,32.31509279272728,69.475,64.649625,55.0
PAK,Pakistan,2005,80.4,62.416,50.0,22.81228065,175453212.0,Lower middle income,,,175453212.0,,,,,34.70757961,16.822493117714572,-0.7071067811865477,63.2,24.32447327281724,0.7071067811865475,63.9625,2.187081274209994,-0.7071067811865476,50.0,,,Normal,2023,,247504495.0,67.649,50.1,,,32.31509279272728,69.475,64.649625,55.0
PAK,Pakistan,2005,80.4,62.416,50.0,22.81228065,175453212.0,Lower middle income,,,175453212.0,,,,,34.70757961,16.822493117714572,-0.7071067811865477,63.2,24.32447327281724,0.7071067811865475,63.9625,2.187081274209994,-0.7071067811865476,50.0,,,Normal,2023,,247504495.0,67.649,50.1,,,32.31509279272728,69.475,64.649625,55.0
PAK,Pakistan,2005,80.4,62.416,50.0,22.81228065,175453212.0,Lower middle income,,,175453212.0,,,,,34.70757961,16.822493117714572,-0.7071067811865477,63.2,24.32447327281724,0.7071067811865475,63.9625,2.187081274209994,-0.7071067811865476,50.0,,,Normal,2023,,247504495.0,67.649,50.1,,,32.31509279272728,69.475,64.649625,55.0
PAK,Pakistan,2006,79.0,63.624,54.0,27.56967926,179682690.0,Lower middle income,,,179682690.0,,50.0,,,37.326734545,13.798559912871083,-0.7071067811865476,61.45,24.819448019647815,0.7071067811865475,64.836,1.7140268375961885,-0.7071067811865465,54.0,,,Normal,2023,,247504495.0,67.649,50.1,,,32.31509279272728,69.475,64.649625,55.0
PAK,Pakistan,2006,79.0,63.624,54.0,27.56967926,179682690.0,Lower middle income,,,179682690.0,,50.0,,,37.326734545,13.798559912871083,-0.7071067811865476,61.45,24.819448019647815,0.7071067811865475,64.836,1.7140268375961885,-0.7071067811865465,54.0,,,Normal,2023,,247504495.0,67.649,50.1,,,32.31509279272728,69.475,64.649625,55.0
PAK,Pakistan,2006,79.0,63.624,54.0,27.56967926,179682690.0,Lower middle income,,,179682690.0,,50.0,,,37.326734545,13.798559912871083,-0.7071067811865476,61.45,24.819448019647815,0.7071067811865475,64.836,1.7140268375961885,-0.7071067811865465,54.0,,,Normal,2023,,247504495.0,67.649,50.1,,,32.31509279272728,69.475,64.649625,55.0
PAK,Pakistan,2006,79.0,63.624,54.0,27.56967926,179682690.0,Lower middle income,,,179682690.0,,50.0,,,37.326734545,13.798559912871083,-0.7071067811865476,61.45,24.819448019647815,0.7071067811865475,64.836,1.7140268375961885,-0.7071067811865465,54.0,,,Normal,2023,,247504495.0,67.649,50.1,,,32.31509279272728,69.475,64.649625,55.0
PAK,Pakistan,2006,79.0,63.624,54.0,27.56967926,179682690.0,Lower middle income,,,179682690.0,,50.0,,,37.326734545,13.798559912871083,-0.7071067811865476,61.45,24.819448019647815,0.7071067811865475,64.836,1.7140268375961885,-0.7071067811865465,54.0,,,Normal,2023,,247504495.0,67.649,50.1,,,32.31509279272728,69.475,64.649625,55.0
PAK,Pakistan,2006,79.0,63.624,54.0,27.56967926,179682690.0,Lower middle income,,,179682690.0,,50.0,,,37.326734545,13.798559912871083,-0.7071067811865476,61.45,24.819448019647815,0.7071067811865475,64.836,1.7140268375961885,-0.7071067811865465,54.0,,,Normal,2023,,247504495.0,67.649,50.1,,,32.31509279272728,69.475,64.649625,55.0
PAK,Pakistan,2006,79.0,63.624,54.0,27.56967926,179682690.0,Lower middle income,,,179682690.0,,50.0,,,37.326734545,13.798559912871083,-0.7071067811865476,61.45,24.819448019647815,0.7071067811865475,64.836,1.7140268375961885,-0.7071067811865465,54.0,,,Normal,2023,,247504495.0,67.649,50.1,,,32.31509279272728,69.475,64.649625,55.0
PAK,Pakistan,2006,79.0,63.624,54.0,27.56967926,179682690.0,Lower middle income,,,179682690.0,,50.0,,,37.326734545,13.798559912871083,-0.7071067811865476,61.45,24.819448019647815,0.7071067811865475,64.836,1.7140268375961885,-0.7071067811865465,54.0,,,Normal,2023,,247504495.0,67.649,50.1,,,32.31509279272728,69.475,64.649625,55.0
PAK,Pakistan,2006,79.0,63.624,54.0,27.56967926,179682690.0,Lower middle income,,,179682690.0,,50.0,,,37.326734545,13.798559912871083,-0.7071067811865476,61.45,24.819448019647815,0.7071067811865475,64.836,1.7140268375961885,-0.7071067811865465,54.0,,,Normal,2023,,247504495.0,67.649,50.1,,,32.31509279272728,69.475,64.649625,55.0
PAK,Pakistan,2006,79.0,63.624,54.0,27.56967926,179682690.0,Lower middle income,,,179682690.0,,50.0,,,37.326734545,13.798559912871083,-0.7071067811865476,61.45,24.819448019647815,0.7071067811865475,64.836,1.7140268375961885,-0.7071067811865465,54.0,,,Normal,2023,,247504495.0,67.649,50.1,,,32.31509279272728,69.475,64.649625,55.0
PAK,Pakistan,2006,79.0,63.624,54.0,27.56967926,179682690.0,Lower middle income,,,179682690.0,,50.0,,,37.326734545,13.798559912871083,-0.7071067811865476,61.45,24.819448019647815,0.7071067811865475,64.836,1.7140268375961885,-0.7071067811865465,54.0,,,Normal,2023,,247504495.0,67.649,50.1,,,32.31509279272728,69.475,64.649625,55.0
PAK,Pakistan,2006,79.0,63.624,54.0,27.56967926,179682690.0,Lower middle income,,,179682690.0,,50.0,,,37.326734545,13.798559912871083,-0.7071067811865476,61.45,24.819448019647815,0.7071067811865475,64.836,1.7140268375961885,-0.7071067811865465,54.0,,,Normal,2023,,247504495.0,67.649,50.1,,,32.31509279272728,69.475,64.649625,55.0
PAK,Pakistan,2006,79.0,63.624,54.0,27.56967926,179682690.0,Lower middle income,,,179682690.0,,50.0,,,37.326734545,13.798559912871083,-0.7071067811865476,61.45,24.819448019647815,0.7071067811865475,64.836,1.7140268375961885,-0.7071067811865465,54.0,,,Normal,2023,,247504495.0,67.649,50.1,,,32.31509279272728,69.475,64.649625,55.0
PAK,Pakistan,2006,79.0,63.624,54.0,27.56967926,179682690.0,Lower middle income,,,179682690.0,,50.0,,,37.326734545,13.798559912871083,-0.7071067811865476,61.45,24.819448019647815,0.7071067811865475,64.836,1.7140268375961885,-0.7071067811865465,54.0,,,Normal,2023,,247504495.0,67.649,50.1,,,32.31509279272728,69.475,64.649625,55.0
PAK,Pakistan,2006,79.0,63.624,54.0,27.56967926,179682690.0,Lower middle income,,,179682690.0,,50.0,,,37.326734545,13.798559912871083,-0.7071067811865476,61.45,24.819448019647815,0.7071067811865475,64.836,1.7140268375961885,-0.7071067811865465,54.0,,,Normal,2023,,247504495.0,67.649,50.1,,,32.31509279272728,69.475,64.649625,55.0
PAK,Pakistan,2006,79.0,63.624,54.0,27.56967926,179682690.0,Lower middle income,,,179682690.0,,50.0,,,37.326734545,13.798559912871083,-0.7071067811865476,61.45,24.819448019647815,0.7071067811865475,64.836,1.7140268375961885,-0.7071067811865465,54.0,,,Normal,2023,,247504495.0,67.649,50.1,,,32.31509279272728,69.475,64.649625,55.0
PAK,Pakistan,2007,77.7,63.807,52.0,29.47756958,184493231.0,Lower middle income,,,184493231.0,,54.0,50.0,,38.689144135,13.027133666491906,-0.7071067811865475,59.8,25.31442276647841,0.7071067811865476,65.1325,1.8745400769255298,-0.7071067811865456,49.33180046,3.773403976585656,0.7071067811865479,Normal,2023,,247504495.0,67.649,50.1,,,32.31509279272728,69.475,64.649625,55.0
PAK,Pakistan,2007,77.7,63.807,52.0,29.47756958,184493231.0,Lower middle income,,,184493231.0,,54.0,50.0,,38.689144135,13.027133666491906,-0.7071067811865475,59.8,25.31442276647841,0.7071067811865476,65.1325,1.8745400769255298,-0.7071067811865456,49.33180046,3.773403976585656,0.7071067811865479,Normal,2023,,247504495.0,67.649,50.1,,,32.31509279272728,69.475,64.649625,55.0
PAK,Pakistan,2007,77.7,63.807,52.0,29.47756958,184493231.0,Lower middle income,,,184493231.0,,54.0,50.0,,38.689144135,13.027133666491906,-0.7071067811865475,59.8,25.31442276647841,0.7071067811865476,65.1325,1.8745400769255298,-0.7071067811865456,49.33180046,3.773403976585656,0.7071067811865479,Normal,2023,,247504495.0,67.649,50.1,,,32.31509279272728,69.475,64.649625,55.0
PAK,Pakistan,2007,77.7,63.807,52.0,29.47756958,184493231.0,Lower middle income,,,184493231.0,,54.0,50.0,,38.689144135,13.027133666491906,-0.7071067811865475,59.8,25.31442276647841,0.7071067811865476,65.1325,1.8745400769255298,-0.7071067811865456,49.33180046,3.773403976585656,0.7071067811865479,Normal,2023,,247504495.0,67.649,50.1,,,32.31509279272728,69.475,64.649625,55.0
PAK,Pakistan,2007,77.7,63.807,52.0,29.47756958,184493231.0,Lower middle income,,,184493231.0,,54.0,50.0,,38.689144135,13.027133666491906,-0.7071067811865475,59.8,25.31442276647841,0.7071067811865476,65.1325,1.8745400769255298,-0.7071067811865456,49.33180046,3.773403976585656,0.7071067811865479,Normal,2023,,247504495.0,67.649,50.1,,,32.31509279272728,69.475,64.649625,55.0
PAK,Pakistan,2007,77.7,63.807,52.0,29.47756958,184493231.0,Lower middle income,,,184493231.0,,54.0,50.0,,38.689144135,13.027133666491906,-0.7071067811865475,59.8,25.31442276647841,0.7071067811865476,65.1325,1.8745400769255298,-0.7071067811865456,49.33180046,3.773403976585656,0.7071067811865479,Normal,2023,,247504495.0,67.649,50.1,,,32.31509279272728,69.475,64.649625,55.0
PAK,Pakistan,2007,77.7,63.807,52.0,29.47756958,184493231.0,Lower middle income,,,184493231.0,,54.0,50.0,,38.689144135,13.027133666491906,-0.7071067811865475,59.8,25.31442276647841,0.7071067811865476,65.1325,1.8745400769255298,-0.7071067811865456,49.33180046,3.773403976585656,0.7071067811865479,Normal,2023,,247504495.0,67.649,50.1,,,32.31509279272728,69.475,64.649625,55.0
PAK,Pakistan,2007,77.7,63.807,52.0,29.47756958,184493231.0,Lower middle income,,,184493231.0,,54.0,50.0,,38.689144135,13.027133666491906,-0.7071067811865475,59.8,25.31442276647841,0.7071067811865476,65.1325,1.8745400769255298,-0.7071067811865456,49.33180046,3.773403976585656,0.7071067811865479,Normal,2023,,247504495.0,67.649,50.1,,,32.31509279272728,69.475,64.649625,55.0
PAK,Pakistan,2007,77.7,63.807,52.0,29.47756958,184493231.0,Lower middle income,,,184493231.0,,54.0,50.0,,38.689144135,13.027133666491906,-0.7071067811865475,59.8,25.31442276647841,0.7071067811865476,65.1325,1.8745400769255298,-0.7071067811865456,49.33180046,3.773403976585656,0.7071067811865479,Normal,2023,,247504495.0,67.649,50.1,,,32.31509279272728,69.475,64.649625,55.0
PAK,Pakistan,2007,77.7,63.807,52.0,29.47756958,184493231.0,Lower middle income,,,184493231.0,,54.0,50.0,,38.689144135,13.027133666491906,-0.7071067811865475,59.8,25.31442276647841,0.7071067811865476,65.1325,1.8745400769255298,-0.7071067811865456,49.33180046,3.773403976585656,0.7071067811865479,Normal,2023,,247504495.0,67.649,50.1,,,32.31509279272728,69.475,64.649625,55.0
PAK,Pakistan,2007,77.7,63.807,52.0,29.47756958,184493231.0,Lower middle income,,,184493231.0,,54.0,50.0,,38.689144135,13.027133666491906,-0.7071067811865475,59.8,25.31442276647841,0.7071067811865476,65.1325,1.8745400769255298,-0.7071067811865456,49.33180046,3.773403976585656,0.7071067811865479,Normal,2023,,247504495.0,67.649,50.1,,,32.31509279272728,69.475,64.649625,55.0
PAK,Pakistan,2007,77.7,63.807,52.0,29.47756958,184493231.0,Lower middle income,,,184493231.0,,54.0,50.0,,38.689144135,13.027133666491906,-0.7071067811865475,59.8,25.31442276647841,0.7071067811865476,65.1325,1.8745400769255298,-0.7071067811865456,49.33180046,3.773403976585656,0.7071067811865479,Normal,2023,,247504495.0,67.649,50.1,,,32.31509279272728,69.475,64.649625,55.0
PAK,Pakistan,2007,77.7,63.807,52.0,29.47756958,184493231.0,Lower middle income,,,184493231.0,,54.0,50.0,,38.689144135,13.027133666491906,-0.7071067811865475,59.8,25.31442276647841,0.7071067811865476,65.1325,1.8745400769255298,-0.7071067811865456,49.33180046,3.773403976585656,0.7071067811865479,Normal,2023,,247504495.0,67.649,50.1,,,32.31509279272728,69.475,64.649625,55.0
PAK,Pakistan,2007,77.7,63.807,52.0,29.47756958,184493231.0,Lower middle income,,,184493231.0,,54.0,50.0,,38.689144135,13.027133666491906,-0.7071067811865475,59.8,25.31442276647841,0.7071067811865476,65.1325,1.8745400769255298,-0.7071067811865456,49.33180046,3.773403976585656,0.7071067811865479,Normal,2023,,247504495.0,67.649,50.1,,,32.31509279272728,69.475,64.649625,55.0
PAK,Pakistan,2007,77.7,63.807,52.0,29.47756958,184493231.0,Lower middle income,,,184493231.0,,54.0,50.0,,38.689144135,13.027133666491906,-0.7071067811865475,59.8,25.31442276647841,0.7071067811865476,65.1325,1.8745400769255298,-0.7071067811865456,49.33180046,3.773403976585656,0.7071067811865479,Normal,2023,,247504495.0,67.649,50.1,,,32.31509279272728,69.475,64.649625,55.0
PAK,Pakistan,2007,77.7,63.807,52.0,29.47756958,184493231.0,Lower middle income,,,184493231.0,,54.0,50.0,,38.689144135,13.027133666491906,-0.7071067811865475,59.8,25.31442276647841,0.7071067811865476,65.1325,1.8745400769255298,-0.7071067811865456,49.33180046,3.773403976585656,0.7071067811865479,Normal,2023,,247504495.0,67.649,50.1,,,32.31509279272728,69.475,64.649625,55.0
PAK,Pakistan,2016,62.2,65.943,,36.35336799,220138869.0,Lower middle income,,,220138869.0,,52.0,54.0,50.0,51.63830815,21.616169674333186,-0.7071067811865475,45.400000000000006,23.758787847867996,0.7071067811865475,68.509,3.6288720010493654,-0.7071067811865476,73.0,,,Normal,2023,,247504495.0,67.649,50.1,,,32.31509279272728,69.475,64.649625,55.0
PAK,Pakistan,2016,62.2,65.943,,36.35336799,220138869.0,Lower middle income,,,220138869.0,,52.0,54.0,50.0,51.63830815,21.616169674333186,-0.7071067811865475,45.400000000000006,23.758787847867996,0.7071067811865475,68.509,3.6288720010493654,-0.7071067811865476,73.0,,,Normal,2023,,247504495.0,67.649,50.1,,,32.31509279272728,69.475,64.649625,55.0
PAK,Pakistan,2016,62.2,65.943,,36.35336799,220138869.0,Lower middle income,,,220138869.0,,52.0,54.0,50.0,51.63830815,21.616169674333186,-0.7071067811865475,45.400000000000006,23.758787847867996,0.7071067811865475,68.509,3.6288720010493654,-0.7071067811865476,73.0,,,Normal,2023,,247504495.0,67.649,50.1,,,32.31509279272728,69.475,64.649625,55.0
PAK,Pakistan,2016,62.2,65.943,,36.35336799,220138869.0,Lower middle income,,,220138869.0,,52.0,54.0,50.0,51.63830815,21.616169674333186,-0.7071067811865475,45.400000000000006,23.758787847867996,0.7071067811865475,68.509,3.6288720010493654,-0.7071067811865476,73.0,,,Normal,2023,,247504495.0,67.649,50.1,,,32.31509279272728,69.475,64.649625,55.0
PAK,Pakistan,2016,62.2,65.943,,36.35336799,220138869.0,Lower middle income,,,220138869.0,,52.0,54.0,50.0,51.63830815,21.616169674333186,-0.7071067811865475,45.400000000000006,23.758787847867996,0.7071067811865475,68.509,3.6288720010493654,-0.7071067811865476,73.0,,,Normal,2023,,247504495.0,67.649,50.1,,,32.31509279272728,69.475,64.649625,55.0
PAK,Pakistan,2016,62.2,65.943,,36.35336799,220138869.0,Lower middle income,,,220138869.0,,52.0,54.0,50.0,51.63830815,21.616169674333186,-0.7071067811865475,45.400000000000006,23.758787847867996,0.7071067811865475,68.509,3.6288720010493654,-0.7071067811865476,73.0,,,Normal,2023,,247504495.0,67.649,50.1,,,32.31509279272728,69.475,64.649625,55.0
PAK,Pakistan,2016,62.2,65.943,,36.35336799,220138869.0,Lower middle income,,,220138869.0,,52.0,54.0,50.0,51.63830815,21.616169674333186,-0.7071067811865475,45.400000000000006,23.758787847867996,0.7071067811865475,68.509,3.6288720010493654,-0.7071067811865476,73.0,,,Normal,2023,,247504495.0,67.649,50.1,,,32.31509279272728,69.475,64.649625,55.0
PAK,Pakistan,2016,62.2,65.943,,36.35336799,220138869.0,Lower middle income,,,220138869.0,,52.0,54.0,50.0,51.63830815,21.616169674333186,-0.7071067811865475,45.400000000000006,23.758787847867996,0.7071067811865475,68.509,3.6288720010493654,-0.7071067811865476,73.0,,,Normal,2023,,247504495.0,67.649,50.1,,,32.31509279272728,69.475,64.649625,55.0
PAK,Pakistan,2016,62.2,65.943,,36.35336799,220138869.0,Lower middle income,,,220138869.0,,52.0,54.0,50.0,51.63830815,21.616169674333186,-0.7071067811865475,45.400000000000006,23.758787847867996,0.7071067811865475,68.509,3.6288720010493654,-0.7071067811865476,73.0,,,Normal,2023,,247504495.0,67.649,50.1,,,32.31509279272728,69.475,64.649625,55.0
PAK,Pakistan,2016,62.2,65.943,,36.35336799,220138869.0,Lower middle income,,,220138869.0,,52.0,54.0,50.0,51.63830815,21.616169674333186,-0.7071067811865475,45.400000000000006,23.758787847867996,0.7071067811865475,68.509,3.6288720010493654,-0.7071067811865476,73.0,,,Normal,2023,,247504495.0,67.649,50.1,,,32.31509279272728,69.475,64.649625,55.0
PAK,Pakistan,2016,62.2,65.943,,36.35336799,220138869.0,Lower middle income,,,220138869.0,,52.0,54.0,50.0,51.63830815,21.616169674333186,-0.7071067811865475,45.400000000000006,23.758787847867996,0.7071067811865475,68.509,3.6288720010493654,-0.7071067811865476,73.0,,,Normal,2023,,247504495.0,67.649,50.1,,,32.31509279272728,69.475,64.649625,55.0
PAK,Pakistan,2016,62.2,65.943,,36.35336799,220138869.0,Lower middle income,,,220138869.0,,52.0,54.0,50.0,51.63830815,21.616169674333186,-0.7071067811865475,45.400000000000006,23.758787847867996,0.7071067811865475,68.509,3.6288720010493654,-0.7071067811865476,73.0,,,Normal,2023,,247504495.0,67.649,50.1,,,32.31509279272728,69.475,64.649625,55.0
PAK,Pakistan,2016,62.2,65.943,,36.35336799,220138869.0,Lower middle income,,,220138869.0,,52.0,54.0,50.0,51.63830815,21.616169674333186,-0.7071067811865475,45.400000000000006,23.758787847867996,0.7071067811865475,68.509,3.6288720010493654,-0.7071067811865476,73.0,,,Normal,2023,,247504495.0,67.649,50.1,,,32.31509279272728,69.475,64.649625,55.0
PAK,Pakistan,2016,62.2,65.943,,36.35336799,220138869.0,Lower middle income,,,220138869.0,,52.0,54.0,50.0,51.63830815,21.616169674333186,-0.7071067811865475,45.400000000000006,23.758787847867996,0.7071067811865475,68.509,3.6288720010493654,-0.7071067811865476,73.0,,,Normal,2023,,247504495.0,67.649,50.1,,,32.31509279272728,69.475,64.649625,55.0
PAK,Pakistan,2016,62.2,65.943,,36.35336799,220138869.0,Lower middle income,,,220138869.0,,52.0,54.0,50.0,51.63830815,21.616169674333186,-0.7071067811865475,45.400000000000006,23.758787847867996,0.7071067811865475,68.509,3.6288720010493654,-0.7071067811865476,73.0,,,Normal,2023,,247504495.0,67.649,50.1,,,32.31509279272728,69.475,64.649625,55.0
PAK,Pakistan,2016,62.2,65.943,,36.35336799,220138869.0,Lower middle income,,,220138869.0,,52.0,54.0,50.0,51.63830815,21.616169674333186,-0.7071067811865475,45.400000000000006,23.758787847867996,0.7071067811865475,68.509,3.6288720010493654,-0.7071067811865476,73.0,,,Normal,2023,,247504495.0,67.649,50.1,,,32.31509279272728,69.475,64.649625,55.0
PAK,Pakistan,2017,60.3,66.223,59.0,35.85267618,223273967.0,Lower middle income,,,223273967.0,,,52.0,54.0,50.354314125,20.5084130584433,-0.7071067811865475,43.849999999999994,23.263813101037414,0.7071067811865477,68.9145,3.8063558031271874,-0.7071067811865485,66.0,9.899494936611665,-0.7071067811865476,Normal,2023,,247504495.0,67.649,50.1,,,32.31509279272728,69.475,64.649625,55.0
PAK,Pakistan,2017,60.3,66.223,59.0,35.85267618,223273967.0,Lower middle income,,,223273967.0,,,52.0,54.0,50.354314125,20.5084130584433,-0.7071067811865475,43.849999999999994,23.263813101037414,0.7071067811865477,68.9145,3.8063558031271874,-0.7071067811865485,66.0,9.899494936611665,-0.7071067811865476,Normal,2023,,247504495.0,67.649,50.1,,,32.31509279272728,69.475,64.649625,55.0
PAK,Pakistan,2017,60.3,66.223,59.0,35.85267618,223273967.0,Lower middle income,,,223273967.0,,,52.0,54.0,50.354314125,20.5084130584433,-0.7071067811865475,43.849999999999994,23.263813101037414,0.7071067811865477,68.9145,3.8063558031271874,-0.7071067811865485,66.0,9.899494936611665,-0.7071067811865476,Normal,2023,,247504495.0,67.649,50.1,,,32.31509279272728,69.475,64.649625,55.0
PAK,Pakistan,2017,60.3,66.223,59.0,35.85267618,223273967.0,Lower middle income,,,223273967.0,,,52.0,54.0,50.354314125,20.5084130584433,-0.7071067811865475,43.849999999999994,23.263813101037414,0.7071067811865477,68.9145,3.8063558031271874,-0.7071067811865485,66.0,9.899494936611665,-0.7071067811865476,Normal,2023,,247504495.0,67.649,50.1,,,32.31509279272728,69.475,64.649625,55.0
PAK,Pakistan,2017,60.3,66.223,59.0,35.85267618,223273967.0,Lower middle income,,,223273967.0,,,52.0,54.0,50.354314125,20.5084130584433,-0.7071067811865475,43.849999999999994,23.263813101037414,0.7071067811865477,68.9145,3.8063558031271874,-0.7071067811865485,66.0,9.899494936611665,-0.7071067811865476,Normal,2023,,247504495.0,67.649,50.1,,,32.31509279272728,69.475,64.649625,55.0
PAK,Pakistan,2017,60.3,66.223,59.0,35.85267618,223273967.0,Lower middle income,,,223273967.0,,,52.0,54.0,50.354314125,20.5084130584433,-0.7071067811865475,43.849999999999994,23.263813101037414,0.7071067811865477,68.9145,3.8063558031271874,-0.7071067811865485,66.0,9.899494936611665,-0.7071067811865476,Normal,2023,,247504495.0,67.649,50.1,,,32.31509279272728,69.475,64.649625,55.0
PAK,Pakistan,2017,60.3,66.223,59.0,35.85267618,223273967.0,Lower middle income,,,223273967.0,,,52.0,54.0,50.354314125,20.5084130584433,-0.7071067811865475,43.849999999999994,23.263813101037414,0.7071067811865477,68.9145,3.8063558031271874,-0.7071067811865485,66.0,9.899494936611665,-0.7071067811865476,Normal,2023,,247504495.0,67.649,50.1,,,32.31509279272728,69.475,64.649625,55.0
PAK,Pakistan,2017,60.3,66.223,59.0,35.85267618,223273967.0,Lower middle income,,,223273967.0,,,52.0,54.0,50.354314125,20.5084130584433,-0.7071067811865475,43.849999999999994,23.263813101037414,0.7071067811865477,68.9145,3.8063558031271874,-0.7071067811865485,66.0,9.899494936611665,-0.7071067811865476,Normal,2023,,247504495.0,67.649,50.1,,,32.31509279272728,69.475,64.649625,55.0
PAK,Pakistan,2017,60.3,66.223,59.0,35.85267618,223273967.0,Lower middle income,,,223273967.0,,,52.0,54.0,50.354314125,20.5084130584433,-0.7071067811865475,43.849999999999994,23.263813101037414,0.7071067811865477,68.9145,3.8063558031271874,-0.7071067811865485,66.0,9.899494936611665,-0.7071067811865476,Normal,2023,,247504495.0,67.649,50.1,,,32.31509279272728,69.475,64.649625,55.0
PAK,Pakistan,2017,60.3,66.223,59.0,35.85267618,223273967.0,Lower middle income,,,223273967.0,,,52.0,54.0,50.354314125,20.5084130584433,-0.7071067811865475,43.849999999999994,23.263813101037414,0.7071067811865477,68.9145,3.8063558031271874,-0.7071067811865485,66.0,9.899494936611665,-0.7071067811865476,Normal,2023,,247504495.0,67.649,50.1,,,32.31509279272728,69.475,64.649625,55.0
PAK,Pakistan,2017,60.3,66.223,59.0,35.85267618,223273967.0,Lower middle income,,,223273967.0,,,52.0,54.0,50.354314125,20.5084130584433,-0.7071067811865475,43.849999999999994,23.263813101037414,0.7071067811865477,68.9145,3.8063558031271874,-0.7071067811865485,66.0,9.899494936611665,-0.7071067811865476,Normal,2023,,247504495.0,67.649,50.1,,,32.31509279272728,69.475,64.649625,55.0
PAK,Pakistan,2017,60.3,66.223,59.0,35.85267618,223273967.0,Lower middle income,,,223273967.0,,,52.0,54.0,50.354314125,20.5084130584433,-0.7071067811865475,43.849999999999994,23.263813101037414,0.7071067811865477,68.9145,3.8063558031271874,-0.7071067811865485,66.0,9.899494936611665,-0.7071067811865476,Normal,2023,,247504495.0,67.649,50.1,,,32.31509279272728,69.475,64.649625,55.0
PAK,Pakistan,2017,60.3,66.223,59.0,35.85267618,223273967.0,Lower middle income,,,223273967.0,,,52.0,54.0,50.354314125,20.5084130584433,-0.7071067811865475,43.849999999999994,23.263813101037414,0.7071067811865477,68.9145,3.8063558031271874,-0.7071067811865485,66.0,9.899494936611665,-0.7071067811865476,Normal,2023,,247504495.0,67.649,50.1,,,32.31509279272728,69.475,64.649625,55.0
PAK,Pakistan,2017,60.3,66.223,59.0,35.85267618,223273967.0,Lower middle income,,,223273967.0,,,52.0,54.0,50.354314125,20.5084130584433,-0.7071067811865475,43.849999999999994,23.263813101037414,0.7071067811865477,68.9145,3.8063558031271874,-0.7071067811865485,66.0,9.899494936611665,-0.7071067811865476,Normal,2023,,247504495.0,67.649,50.1,,,32.31509279272728,69.475,64.649625,55.0
PAK,Pakistan,2017,60.3,66.223,59.0,35.85267618,223273967.0,Lower middle income,,,223273967.0,,,52.0,54.0,50.354314125,20.5084130584433,-0.7071067811865475,43.849999999999994,23.263813101037414,0.7071067811865477,68.9145,3.8063558031271874,-0.7071067811865485,66.0,9.899494936611665,-0.7071067811865476,Normal,2023,,247504495.0,67.649,50.1,,,32.31509279272728,69.475,64.649625,55.0
PAK,Pakistan,2017,60.3,66.223,59.0,35.85267618,223273967.0,Lower middle income,,,223273967.0,,,52.0,54.0,50.354314125,20.5084130584433,-0.7071067811865475,43.849999999999994,23.263813101037414,0.7071067811865477,68.9145,3.8063558031271874,-0.7071067811865485,66.0,9.899494936611665,-0.7071067811865476,Normal,2023,,247504495.0,67.649,50.1,,,32.31509279272728,69.475,64.649625,55.0
PAK,Pakistan,2018,58.5,66.481,57.0,37.74951303,226928892.0,Lower middle income,,,226928892.0,,59.0,,52.0,52.58544138,20.98117108296549,-0.7071067811865476,42.4,22.768838354206828,0.7071067811865477,69.3015,3.9887893526733236,-0.7071067811865483,65.5,12.020815280171307,-0.7071067811865476,Normal,2023,,247504495.0,67.649,50.1,,,32.31509279272728,69.475,64.649625,55.0
PAK,Pakistan,2018,58.5,66.481,57.0,37.74951303,226928892.0,Lower middle income,,,226928892.0,,59.0,,52.0,52.58544138,20.98117108296549,-0.7071067811865476,42.4,22.768838354206828,0.7071067811865477,69.3015,3.9887893526733236,-0.7071067811865483,65.5,12.020815280171307,-0.7071067811865476,Normal,2023,,247504495.0,67.649,50.1,,,32.31509279272728,69.475,64.649625,55.0
PAK,Pakistan,2018,58.5,66.481,57.0,37.74951303,226928892.0,Lower middle income,,,226928892.0,,59.0,,52.0,52.58544138,20.98117108296549,-0.7071067811865476,42.4,22.768838354206828,0.7071067811865477,69.3015,3.9887893526733236,-0.7071067811865483,65.5,12.020815280171307,-0.7071067811865476,Normal,2023,,247504495.0,67.649,50.1,,,32.31509279272728,69.475,64.649625,55.0
PAK,Pakistan,2018,58.5,66.481,57.0,37.74951303,226928892.0,Lower middle income,,,226928892.0,,59.0,,52.0,52.58544138,20.98117108296549,-0.7071067811865476,42.4,22.768838354206828,0.7071067811865477,69.3015,3.9887893526733236,-0.7071067811865483,65.5,12.020815280171307,-0.7071067811865476,Normal,2023,,247504495.0,67.649,50.1,,,32.31509279272728,69.475,64.649625,55.0
PAK,Pakistan,2018,58.5,66.481,57.0,37.74951303,226928892.0,Lower middle income,,,226928892.0,,59.0,,52.0,52.58544138,20.98117108296549,-0.7071067811865476,42.4,22.768838354206828,0.7071067811865477,69.3015,3.9887893526733236,-0.7071067811865483,65.5,12.020815280171307,-0.7071067811865476,Normal,2023,,247504495.0,67.649,50.1,,,32.31509279272728,69.475,64.649625,55.0
PAK,Pakistan,2018,58.5,66.481,57.0,37.74951303,226928892.0,Lower middle income,,,226928892.0,,59.0,,52.0,52.58544138,20.98117108296549,-0.7071067811865476,42.4,22.768838354206828,0.7071067811865477,69.3015,3.9887893526733236,-0.7071067811865483,65.5,12.020815280171307,-0.7071067811865476,Normal,2023,,247504495.0,67.649,50.1,,,32.31509279272728,69.475,64.649625,55.0
PAK,Pakistan,2018,58.5,66.481,57.0,37.74951303,226928892.0,Lower middle income,,,226928892.0,,59.0,,52.0,52.58544138,20.98117108296549,-0.7071067811865476,42.4,22.768838354206828,0.7071067811865477,69.3015,3.9887893526733236,-0.7071067811865483,65.5,12.020815280171307,-0.7071067811865476,Normal,2023,,247504495.0,67.649,50.1,,,32.31509279272728,69.475,64.649625,55.0
PAK,Pakistan,2018,58.5,66.481,57.0,37.74951303,226928892.0,Lower middle income,,,226928892.0,,59.0,,52.0,52.58544138,20.98117108296549,-0.7071067811865476,42.4,22.768838354206828,0.7071067811865477,69.3015,3.9887893526733236,-0.7071067811865483,65.5,12.020815280171307,-0.7071067811865476,Normal,2023,,247504495.0,67.649,50.1,,,32.31509279272728,69.475,64.649625,55.0
PAK,Pakistan,2018,58.5,66.481,57.0,37.74951303,226928892.0,Lower middle income,,,226928892.0,,59.0,,52.0,52.58544138,20.98117108296549,-0.7071067811865476,42.4,22.768838354206828,0.7071067811865477,69.3015,3.9887893526733236,-0.7071067811865483,65.5,12.020815280171307,-0.7071067811865476,Normal,2023,,247504495.0,67.649,50.1,,,32.31509279272728,69.475,64.649625,55.0
PAK,Pakistan,2018,58.5,66.481,57.0,37.74951303,226928892.0,Lower middle income,,,226928892.0,,59.0,,52.0,52.58544138,20.98117108296549,-0.7071067811865476,42.4,22.768838354206828,0.7071067811865477,69.3015,3.9887893526733236,-0.7071067811865483,65.5,12.020815280171307,-0.7071067811865476,Normal,2023,,247504495.0,67.649,50.1,,,32.31509279272728,69.475,64.649625,55.0
PAK,Pakistan,2018,58.5,66.481,57.0,37.74951303,226928892.0,Lower middle income,,,226928892.0,,59.0,,52.0,52.58544138,20.98117108296549,-0.7071067811865476,42.4,22.768838354206828,0.7071067811865477,69.3015,3.9887893526733236,-0.7071067811865483,65.5,12.020815280171307,-0.7071067811865476,Normal,2023,,247504495.0,67.649,50.1,,,32.31509279272728,69.475,64.649625,55.0
PAK,Pakistan,2018,58.5,66.481,57.0,37.74951303,226928892.0,Lower middle income,,,226928892.0,,59.0,,52.0,52.58544138,20.98117108296549,-0.7071067811865476,42.4,22.768838354206828,0.7071067811865477,69.3015,3.9887893526733236,-0.7071067811865483,65.5,12.020815280171307,-0.7071067811865476,Normal,2023,,247504495.0,67.649,50.1,,,32.31509279272728,69.475,64.649625,55.0
PAK,Pakistan,2018,58.5,66.481,57.0,37.74951303,226928892.0,Lower middle income,,,226928892.0,,59.0,,52.0,52.58544138,20.98117108296549,-0.7071067811865476,42.4,22.768838354206828,0.7071067811865477,69.3015,3.9887893526733236,-0.7071067811865483,65.5,12.020815280171307,-0.7071067811865476,Normal,2023,,247504495.0,67.649,50.1,,,32.31509279272728,69.475,64.649625,55.0
PAK,Pakistan,2018,58.5,66.481,57.0,37.74951303,226928892.0,Lower middle income,,,226928892.0,,59.0,,52.0,52.58544138,20.98117108296549,-0.7071067811865476,42.4,22.768838354206828,0.7071067811865477,69.3015,3.9887893526733236,-0.7071067811865483,65.5,12.020815280171307,-0.7071067811865476,Normal,2023,,247504495.0,67.649,50.1,,,32.31509279272728,69.475,64.649625,55.0
PAK,Pakistan,2018,58.5,66.481,57.0,37.74951303,226928892.0,Lower middle income,,,226928892.0,,59.0,,52.0,52.58544138,20.98117108296549,-0.7071067811865476,42.4,22.768838354206828,0.7071067811865477,69.3015,3.9887893526733236,-0.7071067811865483,65.5,12.020815280171307,-0.7071067811865476,Normal,2023,,247504495.0,67.649,50.1,,,32.31509279272728,69.475,64.649625,55.0
PAK,Pakistan,2018,58.5,66.481,57.0,37.74951303,226928892.0,Lower middle income,,,226928892.0,,59.0,,52.0,52.58544138,20.98117108296549,-0.7071067811865476,42.4,22.768838354206828,0.7071067811865477,69.3015,3.9887893526733236,-0.7071067811865483,65.5,12.020815280171307,-0.7071067811865476,Normal,2023,,247504495.0,67.649,50.1,,,32.31509279272728,69.475,64.649625,55.0
PAK,Pakistan,2019,56.8,66.729,58.0,39.616654,230800899.0,Lower middle income,,,230800899.0,,57.0,59.0,,53.418786454999996,19.51916290753086,-0.7071067811865476,41.099999999999994,22.203152929257595,0.7071067811865476,69.67699999999999,4.169101581875879,-0.7071067811865467,66.5,12.020815280171307,-0.7071067811865476,Normal,2023,,247504495.0,67.649,50.1,,,32.31509279272728,69.475,64.649625,55.0
PAK,Pakistan,2019,56.8,66.729,58.0,39.616654,230800899.0,Lower middle income,,,230800899.0,,57.0,59.0,,53.418786454999996,19.51916290753086,-0.7071067811865476,41.099999999999994,22.203152929257595,0.7071067811865476,69.67699999999999,4.169101581875879,-0.7071067811865467,66.5,12.020815280171307,-0.7071067811865476,Normal,2023,,247504495.0,67.649,50.1,,,32.31509279272728,69.475,64.649625,55.0
PAK,Pakistan,2019,56.8,66.729,58.0,39.616654,230800899.0,Lower middle income,,,230800899.0,,57.0,59.0,,53.418786454999996,19.51916290753086,-0.7071067811865476,41.099999999999994,22.203152929257595,0.7071067811865476,69.67699999999999,4.169101581875879,-0.7071067811865467,66.5,12.020815280171307,-0.7071067811865476,Normal,2023,,247504495.0,67.649,50.1,,,32.31509279272728,69.475,64.649625,55.0
PAK,Pakistan,2019,56.8,66.729,58.0,39.616654,230800899.0,Lower middle income,,,230800899.0,,57.0,59.0,,53.418786454999996,19.51916290753086,-0.7071067811865476,41.099999999999994,22.203152929257595,0.7071067811865476,69.67699999999999,4.169101581875879,-0.7071067811865467,66.5,12.020815280171307,-0.7071067811865476,Normal,2023,,247504495.0,67.649,50.1,,,32.31509279272728,69.475,64.649625,55.0
PAK,Pakistan,2019,56.8,66.729,58.0,39.616654,230800899.0,Lower middle income,,,230800899.0,,57.0,59.0,,53.418786454999996,19.51916290753086,-0.7071067811865476,41.099999999999994,22.203152929257595,0.7071067811865476,69.67699999999999,4.169101581875879,-0.7071067811865467,66.5,12.020815280171307,-0.7071067811865476,Normal,2023,,247504495.0,67.649,50.1,,,32.31509279272728,69.475,64.649625,55.0
PAK,Pakistan,2019,56.8,66.729,58.0,39.616654,230800899.0,Lower middle income,,,230800899.0,,57.0,59.0,,53.418786454999996,19.51916290753086,-0.7071067811865476,41.099999999999994,22.203152929257595,0.7071067811865476,69.67699999999999,4.169101581875879,-0.7071067811865467,66.5,12.020815280171307,-0.7071067811865476,Normal,2023,,247504495.0,67.649,50.1,,,32.31509279272728,69.475,64.649625,55.0
PAK,Pakistan,2019,56.8,66.729,58.0,39.616654,230800899.0,Lower middle income,,,230800899.0,,57.0,59.0,,53.418786454999996,19.51916290753086,-0.7071067811865476,41.099999999999994,22.203152929257595,0.7071067811865476,69.67699999999999,4.169101581875879,-0.7071067811865467,66.5,12.020815280171307,-0.7071067811865476,Normal,2023,,247504495.0,67.649,50.1,,,32.31509279272728,69.475,64.649625,55.0
PAK,Pakistan,2019,56.8,66.729,58.0,39.616654,230800899.0,Lower middle income,,,230800899.0,,57.0,59.0,,53.418786454999996,19.51916290753086,-0.7071067811865476,41.099999999999994,22.203152929257595,0.7071067811865476,69.67699999999999,4.169101581875879,-0.7071067811865467,66.5,12.020815280171307,-0.7071067811865476,Normal,2023,,247504495.0,67.649,50.1,,,32.31509279272728,69.475,64.649625,55.0
PAK,Pakistan,2019,56.8,66.729,58.0,39.616654,230800899.0,Lower middle income,,,230800899.0,,57.0,59.0,,53.418786454999996,19.51916290753086,-0.7071067811865476,41.099999999999994,22.203152929257595,0.7071067811865476,69.67699999999999,4.169101581875879,-0.7071067811865467,66.5,12.020815280171307,-0.7071067811865476,Normal,2023,,247504495.0,67.649,50.1,,,32.31509279272728,69.475,64.649625,55.0
PAK,Pakistan,2019,56.8,66.729,58.0,39.616654,230800899.0,Lower middle income,,,230800899.0,,57.0,59.0,,53.418786454999996,19.51916290753086,-0.7071067811865476,41.099999999999994,22.203152929257595,0.7071067811865476,69.67699999999999,4.169101581875879,-0.7071067811865467,66.5,12.020815280171307,-0.7071067811865476,Normal,2023,,247504495.0,67.649,50.1,,,32.31509279272728,69.475,64.649625,55.0
PAK,Pakistan,2019,56.8,66.729,58.0,39.616654,230800899.0,Lower middle income,,,230800899.0,,57.0,59.0,,53.418786454999996,19.51916290753086,-0.7071067811865476,41.099999999999994,22.203152929257595,0.7071067811865476,69.67699999999999,4.169101581875879,-0.7071067811865467,66.5,12.020815280171307,-0.7071067811865476,Normal,2023,,247504495.0,67.649,50.1,,,32.31509279272728,69.475,64.649625,55.0
PAK,Pakistan,2019,56.8,66.729,58.0,39.616654,230800899.0,Lower middle income,,,230800899.0,,57.0,59.0,,53.418786454999996,19.51916290753086,-0.7071067811865476,41.099999999999994,22.203152929257595,0.7071067811865476,69.67699999999999,4.169101581875879,-0.7071067811865467,66.5,12.020815280171307,-0.7071067811865476,Normal,2023,,247504495.0,67.649,50.1,,,32.31509279272728,69.475,64.649625,55.0
PAK,Pakistan,2019,56.8,66.729,58.0,39.616654,230800899.0,Lower middle income,,,230800899.0,,57.0,59.0,,53.418786454999996,19.51916290753086,-0.7071067811865476,41.099999999999994,22.203152929257595,0.7071067811865476,69.67699999999999,4.169101581875879,-0.7071067811865467,66.5,12.020815280171307,-0.7071067811865476,Normal,2023,,247504495.0,67.649,50.1,,,32.31509279272728,69.475,64.649625,55.0
PAK,Pakistan,2019,56.8,66.729,58.0,39.616654,230800899.0,Lower middle income,,,230800899.0,,57.0,59.0,,53.418786454999996,19.51916290753086,-0.7071067811865476,41.099999999999994,22.203152929257595,0.7071067811865476,69.67699999999999,4.169101581875879,-0.7071067811865467,66.5,12.020815280171307,-0.7071067811865476,Normal,2023,,247504495.0,67.649,50.1,,,32.31509279272728,69.475,64.649625,55.0
PAK,Pakistan,2019,56.8,66.729,58.0,39.616654,230800899.0,Lower middle income,,,230800899.0,,57.0,59.0,,53.418786454999996,19.51916290753086,-0.7071067811865476,41.099999999999994,22.203152929257595,0.7071067811865476,69.67699999999999,4.169101581875879,-0.7071067811865467,66.5,12.020815280171307,-0.7071067811865476,Normal,2023,,247504495.0,67.649,50.1,,,32.31509279272728,69.475,64.649625,55.0
PAK,Pakistan,2019,56.8,66.729,58.0,39.616654,230800899.0,Lower middle income,,,230800899.0,,57.0,59.0,,53.418786454999996,19.51916290753086,-0.7071067811865476,41.099999999999994,22.203152929257595,0.7071067811865476,69.67699999999999,4.169101581875879,-0.7071067811865467,66.5,12.020815280171307,-0.7071067811865476,Normal,2023,,247504495.0,67.649,50.1,,,32.31509279272728,69.475,64.649625,55.0
PAK,Pakistan,2020,55.1,65.701,,,235001746.0,Lower middle income,,,235001746.0,,58.0,57.0,59.0,69.01357086,,,40.0,21.354624791833736,0.7071067811865476,68.561,4.044650788387066,-0.7071067811865485,75.0,,,Normal,2023,,247504495.0,67.649,50.1,,,32.31509279272728,69.475,64.649625,55.0
PAK,Pakistan,2020,55.1,65.701,,,235001746.0,Lower middle income,,,235001746.0,,58.0,57.0,59.0,69.01357086,,,40.0,21.354624791833736,0.7071067811865476,68.561,4.044650788387066,-0.7071067811865485,75.0,,,Normal,2023,,247504495.0,67.649,50.1,,,32.31509279272728,69.475,64.649625,55.0
PAK,Pakistan,2020,55.1,65.701,,,235001746.0,Lower middle income,,,235001746.0,,58.0,57.0,59.0,69.01357086,,,40.0,21.354624791833736,0.7071067811865476,68.561,4.044650788387066,-0.7071067811865485,75.0,,,Normal,2023,,247504495.0,67.649,50.1,,,32.31509279272728,69.475,64.649625,55.0
PAK,Pakistan,2020,55.1,65.701,,,235001746.0,Lower middle income,,,235001746.0,,58.0,57.0,59.0,69.01357086,,,40.0,21.354624791833736,0.7071067811865476,68.561,4.044650788387066,-0.7071067811865485,75.0,,,Normal,2023,,247504495.0,67.649,50.1,,,32.31509279272728,69.475,64.649625,55.0
PAK,Pakistan,2020,55.1,65.701,,,235001746.0,Lower middle income,,,235001746.0,,58.0,57.0,59.0,69.01357086,,,40.0,21.354624791833736,0.7071067811865476,68.561,4.044650788387066,-0.7071067811865485,75.0,,,Normal,2023,,247504495.0,67.649,50.1,,,32.31509279272728,69.475,64.649625,55.0
PAK,Pakistan,2020,55.1,65.701,,,235001746.0,Lower middle income,,,235001746.0,,58.0,57.0,59.0,69.01357086,,,40.0,21.354624791833736,0.7071067811865476,68.561,4.044650788387066,-0.7071067811865485,75.0,,,Normal,2023,,247504495.0,67.649,50.1,,,32.31509279272728,69.475,64.649625,55.0
PAK,Pakistan,2020,55.1,65.701,,,235001746.0,Lower middle income,,,235001746.0,,58.0,57.0,59.0,69.01357086,,,40.0,21.354624791833736,0.7071067811865476,68.561,4.044650788387066,-0.7071067811865485,75.0,,,Normal,2023,,247504495.0,67.649,50.1,,,32.31509279272728,69.475,64.649625,55.0
PAK,Pakistan,2020,55.1,65.701,,,235001746.0,Lower middle income,,,235001746.0,,58.0,57.0,59.0,69.01357086,,,40.0,21.354624791833736,0.7071067811865476,68.561,4.044650788387066,-0.7071067811865485,75.0,,,Normal,2023,,247504495.0,67.649,50.1,,,32.31509279272728,69.475,64.649625,55.0
PAK,Pakistan,2020,55.1,65.701,,,235001746.0,Lower middle income,,,235001746.0,,58.0,57.0,59.0,69.01357086,,,40.0,21.354624791833736,0.7071067811865476,68.561,4.044650788387066,-0.7071067811865485,75.0,,,Normal,2023,,247504495.0,67.649,50.1,,,32.31509279272728,69.475,64.649625,55.0
PAK,Pakistan,2020,55.1,65.701,,,235001746.0,Lower middle income,,,235001746.0,,58.0,57.0,59.0,69.01357086,,,40.0,21.354624791833736,0.7071067811865476,68.561,4.044650788387066,-0.7071067811865485,75.0,,,Normal,2023,,247504495.0,67.649,50.1,,,32.31509279272728,69.475,64.649625,55.0
PAK,Pakistan,2020,55.1,65.701,,,235001746.0,Lower middle income,,,235001746.0,,58.0,57.0,59.0,69.01357086,,,40.0,21.354624791833736,0.7071067811865476,68.561,4.044650788387066,-0.7071067811865485,75.0,,,Normal,2023,,247504495.0,67.649,50.1,,,32.31509279272728,69.475,64.649625,55.0
PAK,Pakistan,2020,55.1,65.701,,,235001746.0,Lower middle income,,,235001746.0,,58.0,57.0,59.0,69.01357086,,,40.0,21.354624791833736,0.7071067811865476,68.561,4.044650788387066,-0.7071067811865485,75.0,,,Normal,2023,,247504495.0,67.649,50.1,,,32.31509279272728,69.475,64.649625,55.0
PAK,Pakistan,2020,55.1,65.701,,,235001746.0,Lower middle income,,,235001746.0,,58.0,57.0,59.0,69.01357086,,,40.0,21.354624791833736,0.7071067811865476,68.561,4.044650788387066,-0.7071067811865485,75.0,,,Normal,2023,,247504495.0,67.649,50.1,,,32.31509279272728,69.475,64.649625,55.0
PAK,Pakistan,2020,55.1,65.701,,,235001746.0,Lower middle income,,,235001746.0,,58.0,57.0,59.0,69.01357086,,,40.0,21.354624791833736,0.7071067811865476,68.561,4.044650788387066,-0.7071067811865485,75.0,,,Normal,2023,,247504495.0,67.649,50.1,,,32.31509279272728,69.475,64.649625,55.0
PAK,Pakistan,2020,55.1,65.701,,,235001746.0,Lower middle income,,,235001746.0,,58.0,57.0,59.0,69.01357086,,,40.0,21.354624791833736,0.7071067811865476,68.561,4.044650788387066,-0.7071067811865485,75.0,,,Normal,2023,,247504495.0,67.649,50.1,,,32.31509279272728,69.475,64.649625,55.0
PAK,Pakistan,2020,55.1,65.701,,,235001746.0,Lower middle income,,,235001746.0,,58.0,57.0,59.0,69.01357086,,,40.0,21.354624791833736,0.7071067811865476,68.561,4.044650788387066,-0.7071067811865485,75.0,,,Normal,2023,,247504495.0,67.649,50.1,,,32.31509279272728,69.475,64.649625,55.0
PAK,Pakistan,2021,53.4,65.773,,41.85523453,239477801.0,Lower middle income,,,239477801.0,,,58.0,57.0,56.074283695000005,20.108772173192843,-0.7071067811865476,38.95,20.43538597629122,0.7071067811865475,68.43799999999999,3.768879143724292,-0.7071067811865466,76.0,,,Normal,2023,,247504495.0,67.649,50.1,,,32.31509279272728,69.475,64.649625,55.0
PAK,Pakistan,2021,53.4,65.773,,41.85523453,239477801.0,Lower middle income,,,239477801.0,,,58.0,57.0,56.074283695000005,20.108772173192843,-0.7071067811865476,38.95,20.43538597629122,0.7071067811865475,68.43799999999999,3.768879143724292,-0.7071067811865466,76.0,,,Normal,2023,,247504495.0,67.649,50.1,,,32.31509279272728,69.475,64.649625,55.0
PAK,Pakistan,2021,53.4,65.773,,41.85523453,239477801.0,Lower middle income,,,239477801.0,,,58.0,57.0,56.074283695000005,20.108772173192843,-0.7071067811865476,38.95,20.43538597629122,0.7071067811865475,68.43799999999999,3.768879143724292,-0.7071067811865466,76.0,,,Normal,2023,,247504495.0,67.649,50.1,,,32.31509279272728,69.475,64.649625,55.0
PAK,Pakistan,2021,53.4,65.773,,41.85523453,239477801.0,Lower middle income,,,239477801.0,,,58.0,57.0,56.074283695000005,20.108772173192843,-0.7071067811865476,38.95,20.43538597629122,0.7071067811865475,68.43799999999999,3.768879143724292,-0.7071067811865466,76.0,,,Normal,2023,,247504495.0,67.649,50.1,,,32.31509279272728,69.475,64.649625,55.0
PAK,Pakistan,2021,53.4,65.773,,41.85523453,239477801.0,Lower middle income,,,239477801.0,,,58.0,57.0,56.074283695000005,20.108772173192843,-0.7071067811865476,38.95,20.43538597629122,0.7071067811865475,68.43799999999999,3.768879143724292,-0.7071067811865466,76.0,,,Normal,2023,,247504495.0,67.649,50.1,,,32.31509279272728,69.475,64.649625,55.0
PAK,Pakistan,2021,53.4,65.773,,41.85523453,239477801.0,Lower middle income,,,239477801.0,,,58.0,57.0,56.074283695000005,20.108772173192843,-0.7071067811865476,38.95,20.43538597629122,0.7071067811865475,68.43799999999999,3.768879143724292,-0.7071067811865466,76.0,,,Normal,2023,,247504495.0,67.649,50.1,,,32.31509279272728,69.475,64.649625,55.0
PAK,Pakistan,2021,53.4,65.773,,41.85523453,239477801.0,Lower middle income,,,239477801.0,,,58.0,57.0,56.074283695000005,20.108772173192843,-0.7071067811865476,38.95,20.43538597629122,0.7071067811865475,68.43799999999999,3.768879143724292,-0.7071067811865466,76.0,,,Normal,2023,,247504495.0,67.649,50.1,,,32.31509279272728,69.475,64.649625,55.0
PAK,Pakistan,2021,53.4,65.773,,41.85523453,239477801.0,Lower middle income,,,239477801.0,,,58.0,57.0,56.074283695000005,20.108772173192843,-0.7071067811865476,38.95,20.43538597629122,0.7071067811865475,68.43799999999999,3.768879143724292,-0.7071067811865466,76.0,,,Normal,2023,,247504495.0,67.649,50.1,,,32.31509279272728,69.475,64.649625,55.0
PAK,Pakistan,2021,53.4,65.773,,41.85523453,239477801.0,Lower middle income,,,239477801.0,,,58.0,57.0,56.074283695000005,20.108772173192843,-0.7071067811865476,38.95,20.43538597629122,0.7071067811865475,68.43799999999999,3.768879143724292,-0.7071067811865466,76.0,,,Normal,2023,,247504495.0,67.649,50.1,,,32.31509279272728,69.475,64.649625,55.0
PAK,Pakistan,2021,53.4,65.773,,41.85523453,239477801.0,Lower middle income,,,239477801.0,,,58.0,57.0,56.074283695000005,20.108772173192843,-0.7071067811865476,38.95,20.43538597629122,0.7071067811865475,68.43799999999999,3.768879143724292,-0.7071067811865466,76.0,,,Normal,2023,,247504495.0,67.649,50.1,,,32.31509279272728,69.475,64.649625,55.0
PAK,Pakistan,2021,53.4,65.773,,41.85523453,239477801.0,Lower middle income,,,239477801.0,,,58.0,57.0,56.074283695000005,20.108772173192843,-0.7071067811865476,38.95,20.43538597629122,0.7071067811865475,68.43799999999999,3.768879143724292,-0.7071067811865466,76.0,,,Normal,2023,,247504495.0,67.649,50.1,,,32.31509279272728,69.475,64.649625,55.0
PAK,Pakistan,2021,53.4,65.773,,41.85523453,239477801.0,Lower middle income,,,239477801.0,,,58.0,57.0,56.074283695000005,20.108772173192843,-0.7071067811865476,38.95,20.43538597629122,0.7071067811865475,68.43799999999999,3.768879143724292,-0.7071067811865466,76.0,,,Normal,2023,,247504495.0,67.649,50.1,,,32.31509279272728,69.475,64.649625,55.0
PAK,Pakistan,2021,53.4,65.773,,41.85523453,239477801.0,Lower middle income,,,239477801.0,,,58.0,57.0,56.074283695000005,20.108772173192843,-0.7071067811865476,38.95,20.43538597629122,0.7071067811865475,68.43799999999999,3.768879143724292,-0.7071067811865466,76.0,,,Normal,2023,,247504495.0,67.649,50.1,,,32.31509279272728,69.475,64.649625,55.0
PAK,Pakistan,2021,53.4,65.773,,41.85523453,239477801.0,Lower middle income,,,239477801.0,,,58.0,57.0,56.074283695000005,20.108772173192843,-0.7071067811865476,38.95,20.43538597629122,0.7071067811865475,68.43799999999999,3.768879143724292,-0.7071067811865466,76.0,,,Normal,2023,,247504495.0,67.649,50.1,,,32.31509279272728,69.475,64.649625,55.0
PAK,Pakistan,2021,53.4,65.773,,41.85523453,239477801.0,Lower middle income,,,239477801.0,,,58.0,57.0,56.074283695000005,20.108772173192843,-0.7071067811865476,38.95,20.43538597629122,0.7071067811865475,68.43799999999999,3.768879143724292,-0.7071067811865466,76.0,,,Normal,2023,,247504495.0,67.649,50.1,,,32.31509279272728,69.475,64.649625,55.0
PAK,Pakistan,2021,53.4,65.773,,41.85523453,239477801.0,Lower middle income,,,239477801.0,,,58.0,57.0,56.074283695000005,20.108772173192843,-0.7071067811865476,38.95,20.43538597629122,0.7071067811865475,68.43799999999999,3.768879143724292,-0.7071067811865466,76.0,,,Normal,2023,,247504495.0,67.649,50.1,,,32.31509279272728,69.475,64.649625,55.0
PAK,Pakistan,2022,51.8,67.417,,42.35868532,243700667.0,Lower middle income,,,243700667.0,,,,58.0,57.09033429,20.833697769493636,-0.7071067811865477,38.099999999999994,19.374725804511403,0.7071067811865477,70.84100000000001,4.842267237565482,-0.7071067811865482,,,,Normal,2023,,247504495.0,67.649,50.1,,,32.31509279272728,69.475,64.649625,55.0
PAK,Pakistan,2022,51.8,67.417,,42.35868532,243700667.0,Lower middle income,,,243700667.0,,,,58.0,57.09033429,20.833697769493636,-0.7071067811865477,38.099999999999994,19.374725804511403,0.7071067811865477,70.84100000000001,4.842267237565482,-0.7071067811865482,,,,Normal,2023,,247504495.0,67.649,50.1,,,32.31509279272728,69.475,64.649625,55.0
PAK,Pakistan,2022,51.8,67.417,,42.35868532,243700667.0,Lower middle income,,,243700667.0,,,,58.0,57.09033429,20.833697769493636,-0.7071067811865477,38.099999999999994,19.374725804511403,0.7071067811865477,70.84100000000001,4.842267237565482,-0.7071067811865482,,,,Normal,2023,,247504495.0,67.649,50.1,,,32.31509279272728,69.475,64.649625,55.0
PAK,Pakistan,2022,51.8,67.417,,42.35868532,243700667.0,Lower middle income,,,243700667.0,,,,58.0,57.09033429,20.833697769493636,-0.7071067811865477,38.099999999999994,19.374725804511403,0.7071067811865477,70.84100000000001,4.842267237565482,-0.7071067811865482,,,,Normal,2023,,247504495.0,67.649,50.1,,,32.31509279272728,69.475,64.649625,55.0
PAK,Pakistan,2022,51.8,67.417,,42.35868532,243700667.0,Lower middle income,,,243700667.0,,,,58.0,57.09033429,20.833697769493636,-0.7071067811865477,38.099999999999994,19.374725804511403,0.7071067811865477,70.84100000000001,4.842267237565482,-0.7071067811865482,,,,Normal,2023,,247504495.0,67.649,50.1,,,32.31509279272728,69.475,64.649625,55.0
PAK,Pakistan,2022,51.8,67.417,,42.35868532,243700667.0,Lower middle income,,,243700667.0,,,,58.0,57.09033429,20.833697769493636,-0.7071067811865477,38.099999999999994,19.374725804511403,0.7071067811865477,70.84100000000001,4.842267237565482,-0.7071067811865482,,,,Normal,2023,,247504495.0,67.649,50.1,,,32.31509279272728,69.475,64.649625,55.0
PAK,Pakistan,2022,51.8,67.417,,42.35868532,243700667.0,Lower middle income,,,243700667.0,,,,58.0,57.09033429,20.833697769493636,-0.7071067811865477,38.099999999999994,19.374725804511403,0.7071067811865477,70.84100000000001,4.842267237565482,-0.7071067811865482,,,,Normal,2023,,247504495.0,67.649,50.1,,,32.31509279272728,69.475,64.649625,55.0
PAK,Pakistan,2022,51.8,67.417,,42.35868532,243700667.0,Lower middle income,,,243700667.0,,,,58.0,57.09033429,20.833697769493636,-0.7071067811865477,38.099999999999994,19.374725804511403,0.7071067811865477,70.84100000000001,4.842267237565482,-0.7071067811865482,,,,Normal,2023,,247504495.0,67.649,50.1,,,32.31509279272728,69.475,64.649625,55.0
PAK,Pakistan,2022,51.8,67.417,,42.35868532,243700667.0,Lower middle income,,,243700667.0,,,,58.0,57.09033429,20.833697769493636,-0.7071067811865477,38.099999999999994,19.374725804511403,0.7071067811865477,70.84100000000001,4.842267237565482,-0.7071067811865482,,,,Normal,2023,,247504495.0,67.649,50.1,,,32.31509279272728,69.475,64.649625,55.0
PAK,Pakistan,2022,51.8,67.417,,42.35868532,243700667.0,Lower middle income,,,243700667.0,,,,58.0,57.09033429,20.833697769493636,-0.7071067811865477,38.099999999999994,19.374725804511403,0.7071067811865477,70.84100000000001,4.842267237565482,-0.7071067811865482,,,,Normal,2023,,247504495.0,67.649,50.1,,,32.31509279272728,69.475,64.649625,55.0
PAK,Pakistan,2022,51.8,67.417,,42.35868532,243700667.0,Lower middle income,,,243700667.0,,,,58.0,57.09033429,20.833697769493636,-0.7071067811865477,38.099999999999994,19.374725804511403,0.7071067811865477,70.84100000000001,4.842267237565482,-0.7071067811865482,,,,Normal,2023,,247504495.0,67.649,50.1,,,32.31509279272728,69.475,64.649625,55.0
PAK,Pakistan,2022,51.8,67.417,,42.35868532,243700667.0,Lower middle income,,,243700667.0,,,,58.0,57.09033429,20.833697769493636,-0.7071067811865477,38.099999999999994,19.374725804511403,0.7071067811865477,70.84100000000001,4.842267237565482,-0.7071067811865482,,,,Normal,2023,,247504495.0,67.649,50.1,,,32.31509279272728,69.475,64.649625,55.0
PAK,Pakistan,2022,51.8,67.417,,42.35868532,243700667.0,Lower middle income,,,243700667.0,,,,58.0,57.09033429,20.833697769493636,-0.7071067811865477,38.099999999999994,19.374725804511403,0.7071067811865477,70.84100000000001,4.842267237565482,-0.7071067811865482,,,,Normal,2023,,247504495.0,67.649,50.1,,,32.31509279272728,69.475,64.649625,55.0
PAK,Pakistan,2022,51.8,67.417,,42.35868532,243700667.0,Lower middle income,,,243700667.0,,,,58.0,57.09033429,20.833697769493636,-0.7071067811865477,38.099999999999994,19.374725804511403,0.7071067811865477,70.84100000000001,4.842267237565482,-0.7071067811865482,,,,Normal,2023,,247504495.0,67.649,50.1,,,32.31509279272728,69.475,64.649625,55.0
PAK,Pakistan,2022,51.8,67.417,,42.35868532,243700667.0,Lower middle income,,,243700667.0,,,,58.0,57.09033429,20.833697769493636,-0.7071067811865477,38.099999999999994,19.374725804511403,0.7071067811865477,70.84100000000001,4.842267237565482,-0.7071067811865482,,,,Normal,2023,,247504495.0,67.649,50.1,,,32.31509279272728,69.475,64.649625,55.0
PAK,Pakistan,2022,51.8,67.417,,42.35868532,243700667.0,Lower middle income,,,243700667.0,,,,58.0,57.09033429,20.833697769493636,-0.7071067811865477,38.099999999999994,19.374725804511403,0.7071067811865477,70.84100000000001,4.842267237565482,-0.7071067811865482,,,,Normal,2023,,247504495.0,67.649,50.1,,,32.31509279272728,69.475,64.649625,55.0
PAK,Pakistan,2023,50.1,67.649,,,247504495.0,Lower middle income,,,247504495.0,,,,,71.49470683,,,37.25,18.172644276494275,0.7071067811865475,71.1605,4.966010924273121,-0.7071067811865475,,,,Normal,2023,,247504495.0,67.649,50.1,,,32.31509279272728,69.475,64.649625,55.0
PAK,Pakistan,2023,50.1,67.649,,,247504495.0,Lower middle income,,,247504495.0,,,,,71.49470683,,,37.25,18.172644276494275,0.7071067811865475,71.1605,4.966010924273121,-0.7071067811865475,,,,Normal,2023,,247504495.0,67.649,50.1,,,32.31509279272728,69.475,64.649625,55.0
PAK,Pakistan,2023,50.1,67.649,,,247504495.0,Lower middle income,,,247504495.0,,,,,71.49470683,,,37.25,18.172644276494275,0.7071067811865475,71.1605,4.966010924273121,-0.7071067811865475,,,,Normal,2023,,247504495.0,67.649,50.1,,,32.31509279272728,69.475,64.649625,55.0
PAK,Pakistan,2023,50.1,67.649,,,247504495.0,Lower middle income,,,247504495.0,,,,,71.49470683,,,37.25,18.172644276494275,0.7071067811865475,71.1605,4.966010924273121,-0.7071067811865475,,,,Normal,2023,,247504495.0,67.649,50.1,,,32.31509279272728,69.475,64.649625,55.0
PAK,Pakistan,2023,50.1,67.649,,,247504495.0,Lower middle income,,,247504495.0,,,,,71.49470683,,,37.25,18.172644276494275,0.7071067811865475,71.1605,4.966010924273121,-0.7071067811865475,,,,Normal,2023,,247504495.0,67.649,50.1,,,32.31509279272728,69.475,64.649625,55.0
PAK,Pakistan,2023,50.1,67.649,,,247504495.0,Lower middle income,,,247504495.0,,,,,71.49470683,,,37.25,18.172644276494275,0.7071067811865475,71.1605,4.966010924273121,-0.7071067811865475,,,,Normal,2023,,247504495.0,67.649,50.1,,,32.31509279272728,69.475,64.649625,55.0
PAK,Pakistan,2023,50.1,67.649,,,247504495.0,Lower middle income,,,247504495.0,,,,,71.49470683,,,37.25,18.172644276494275,0.7071067811865475,71.1605,4.966010924273121,-0.7071067811865475,,,,Normal,2023,,247504495.0,67.649,50.1,,,32.31509279272728,69.475,64.649625,55.0
PAK,Pakistan,2023,50.1,67.649,,,247504495.0,Lower middle income,,,247504495.0,,,,,71.49470683,,,37.25,18.172644276494275,0.7071067811865475,71.1605,4.966010924273121,-0.7071067811865475,,,,Normal,2023,,247504495.0,67.649,50.1,,,32.31509279272728,69.475,64.649625,55.0
PAK,Pakistan,2023,50.1,67.649,,,247504495.0,Lower middle income,,,247504495.0,,,,,71.49470683,,,37.25,18.172644276494275,0.7071067811865475,71.1605,4.966010924273121,-0.7071067811865475,,,,Normal,2023,,247504495.0,67.649,50.1,,,32.31509279272728,69.475,64.649625,55.0
PAK,Pakistan,2023,50.1,67.649,,,247504495.0,Lower middle income,,,247504495.0,,,,,71.49470683,,,37.25,18.172644276494275,0.7071067811865475,71.1605,4.966010924273121,-0.7071067811865475,,,,Normal,2023,,247504495.0,67.649,50.1,,,32.31509279272728,69.475,64.649625,55.0
PAK,Pakistan,2023,50.1,67.649,,,247504495.0,Lower middle income,,,247504495.0,,,,,71.49470683,,,37.25,18.172644276494275,0.7071067811865475,71.1605,4.966010924273121,-0.7071067811865475,,,,Normal,2023,,247504495.0,67.649,50.1,,,32.31509279272728,69.475,64.649625,55.0
PAK,Pakistan,2023,50.1,67.649,,,247504495.0,Lower middle income,,,247504495.0,,,,,71.49470683,,,37.25,18.172644276494275,0.7071067811865475,71.1605,4.966010924273121,-0.7071067811865475,,,,Normal,2023,,247504495.0,67.649,50.1,,,32.31509279272728,69.475,64.649625,55.0
PAK,Pakistan,2023,50.1,67.649,,,247504495.0,Lower middle income,,,247504495.0,,,,,71.49470683,,,37.25,18.172644276494275,0.7071067811865475,71.1605,4.966010924273121,-0.7071067811865475,,,,Normal,2023,,247504495.0,67.649,50.1,,,32.31509279272728,69.475,64.649625,55.0
PAK,Pakistan,2023,50.1,67.649,,,247504495.0,Lower middle income,,,247504495.0,,,,,71.49470683,,,37.25,18.172644276494275,0.7071067811865475,71.1605,4.966010924273121,-0.7071067811865475,,,,Normal,2023,,247504495.0,67.649,50.1,,,32.31509279272728,69.475,64.649625,55.0
PAK,Pakistan,2023,50.1,67.649,,,247504495.0,Lower middle income,,,247504495.0,,,,,71.49470683,,,37.25,18.172644276494275,0.7071067811865475,71.1605,4.966010924273121,-0.7071067811865475,,,,Normal,2023,,247504495.0,67.649,50.1,,,32.31509279272728,69.475,64.649625,55.0
PAK,Pakistan,2023,50.1,67.649,,,247504495.0,Lower middle income,,,247504495.0,,,,,71.49470683,,,37.25,18.172644276494275,0.7071067811865475,71.1605,4.966010924273121,-0.7071067811865475,,,,Normal,2023,,247504495.0,67.649,50.1,,,32.31509279272728,69.475,64.649625,55.0
SDN,Sudan,2000,70.8,58.946,61.0,,27816745.0,Low income,,,27816745.0,,,,,13.98243046,,,84.26666666666667,11.724049357339528,-1.1486361287140285,53.15533333333334,5.053045154491826,1.1459756423350258,61.0,,,Normal,2023,,50042791.0,66.331,39.2,,,38.264299393,54.525,62.1509375,60.84859085
SDN,Sudan,2000,70.8,58.946,61.0,,27816745.0,Low income,,,27816745.0,,,,,13.98243046,,,84.26666666666667,11.724049357339528,-1.1486361287140285,53.15533333333334,5.053045154491826,1.1459756423350258,61.0,,,Normal,2023,,50042791.0,66.331,39.2,,,38.264299393,54.525,62.1509375,60.84859085
SDN,Sudan,2000,70.8,58.946,61.0,,27816745.0,Low income,,,27816745.0,,,,,13.98243046,,,84.26666666666667,11.724049357339528,-1.1486361287140285,53.15533333333334,5.053045154491826,1.1459756423350258,61.0,,,Normal,2023,,50042791.0,66.331,39.2,,,38.264299393,54.525,62.1509375,60.84859085
SDN,Sudan,2000,70.8,58.946,61.0,,27816745.0,Low income,,,27816745.0,,,,,13.98243046,,,84.26666666666667,11.724049357339528,-1.1486361287140285,53.15533333333334,5.053045154491826,1.1459756423350258,61.0,,,Normal,2023,,50042791.0,66.331,39.2,,,38.264299393,54.525,62.1509375,60.84859085
SDN,Sudan,2000,70.8,58.946,61.0,,27816745.0,Low income,,,27816745.0,,,,,13.98243046,,,84.26666666666667,11.724049357339528,-1.1486361287140285,53.15533333333334,5.053045154491826,1.1459756423350258,61.0,,,Normal,2023,,50042791.0,66.331,39.2,,,38.264299393,54.525,62.1509375,60.84859085
SDN,Sudan,2000,70.8,58.946,61.0,,27816745.0,Low income,,,27816745.0,,,,,13.98243046,,,84.26666666666667,11.724049357339528,-1.1486361287140285,53.15533333333334,5.053045154491826,1.1459756423350258,61.0,,,Normal,2023,,50042791.0,66.331,39.2,,,38.264299393,54.525,62.1509375,60.84859085
SDN,Sudan,2000,70.8,58.946,61.0,,27816745.0,Low income,,,27816745.0,,,,,13.98243046,,,84.26666666666667,11.724049357339528,-1.1486361287140285,53.15533333333334,5.053045154491826,1.1459756423350258,61.0,,,Normal,2023,,50042791.0,66.331,39.2,,,38.264299393,54.525,62.1509375,60.84859085
SDN,Sudan,2000,70.8,58.946,61.0,,27816745.0,Low income,,,27816745.0,,,,,13.98243046,,,84.26666666666667,11.724049357339528,-1.1486361287140285,53.15533333333334,5.053045154491826,1.1459756423350258,61.0,,,Normal,2023,,50042791.0,66.331,39.2,,,38.264299393,54.525,62.1509375,60.84859085
SDN,Sudan,2000,70.8,58.946,61.0,,27816745.0,Low income,,,27816745.0,,,,,13.98243046,,,84.26666666666667,11.724049357339528,-1.1486361287140285,53.15533333333334,5.053045154491826,1.1459756423350258,61.0,,,Normal,2023,,50042791.0,66.331,39.2,,,38.264299393,54.525,62.1509375,60.84859085
SDN,Sudan,2000,70.8,58.946,61.0,,27816745.0,Low income,,,27816745.0,,,,,13.98243046,,,84.26666666666667,11.724049357339528,-1.1486361287140285,53.15533333333334,5.053045154491826,1.1459756423350258,61.0,,,Normal,2023,,50042791.0,66.331,39.2,,,38.264299393,54.525,62.1509375,60.84859085
SDN,Sudan,2000,70.8,58.946,61.0,,27816745.0,Low income,,,27816745.0,,,,,13.98243046,,,84.26666666666667,11.724049357339528,-1.1486361287140285,53.15533333333334,5.053045154491826,1.1459756423350258,61.0,,,Normal,2023,,50042791.0,66.331,39.2,,,38.264299393,54.525,62.1509375,60.84859085
SDN,Sudan,2000,70.8,58.946,61.0,,27816745.0,Low income,,,27816745.0,,,,,13.98243046,,,84.26666666666667,11.724049357339528,-1.1486361287140285,53.15533333333334,5.053045154491826,1.1459756423350258,61.0,,,Normal,2023,,50042791.0,66.331,39.2,,,38.264299393,54.525,62.1509375,60.84859085
SDN,Sudan,2000,70.8,58.946,61.0,,27816745.0,Low income,,,27816745.0,,,,,13.98243046,,,84.26666666666667,11.724049357339528,-1.1486361287140285,53.15533333333334,5.053045154491826,1.1459756423350258,61.0,,,Normal,2023,,50042791.0,66.331,39.2,,,38.264299393,54.525,62.1509375,60.84859085
SDN,Sudan,2000,70.8,58.946,61.0,,27816745.0,Low income,,,27816745.0,,,,,13.98243046,,,84.26666666666667,11.724049357339528,-1.1486361287140285,53.15533333333334,5.053045154491826,1.1459756423350258,61.0,,,Normal,2023,,50042791.0,66.331,39.2,,,38.264299393,54.525,62.1509375,60.84859085
SDN,Sudan,2000,70.8,58.946,61.0,,27816745.0,Low income,,,27816745.0,,,,,13.98243046,,,84.26666666666667,11.724049357339528,-1.1486361287140285,53.15533333333334,5.053045154491826,1.1459756423350258,61.0,,,Normal,2023,,50042791.0,66.331,39.2,,,38.264299393,54.525,62.1509375,60.84859085
SDN,Sudan,2000,70.8,58.946,61.0,,27816745.0,Low income,,,27816745.0,,,,,13.98243046,,,84.26666666666667,11.724049357339528,-1.1486361287140285,53.15533333333334,5.053045154491826,1.1459756423350258,61.0,,,Normal,2023,,50042791.0,66.331,39.2,,,38.264299393,54.525,62.1509375,60.84859085
SDN,Sudan,2001,68.9,59.264,,31.26280022,28516770.0,Low income,,,28516770.0,,61.0,,,24.01600552,10.248515348473463,0.7071067811865476,81.16666666666667,10.715098381878413,-1.144802056825936,53.756,4.789052515894977,1.1501231155262595,,,,Normal,2023,,50042791.0,66.331,39.2,,,38.264299393,54.525,62.1509375,60.84859085
SDN,Sudan,2001,68.9,59.264,,31.26280022,28516770.0,Low income,,,28516770.0,,61.0,,,24.01600552,10.248515348473463,0.7071067811865476,81.16666666666667,10.715098381878413,-1.144802056825936,53.756,4.789052515894977,1.1501231155262595,,,,Normal,2023,,50042791.0,66.331,39.2,,,38.264299393,54.525,62.1509375,60.84859085
SDN,Sudan,2001,68.9,59.264,,31.26280022,28516770.0,Low income,,,28516770.0,,61.0,,,24.01600552,10.248515348473463,0.7071067811865476,81.16666666666667,10.715098381878413,-1.144802056825936,53.756,4.789052515894977,1.1501231155262595,,,,Normal,2023,,50042791.0,66.331,39.2,,,38.264299393,54.525,62.1509375,60.84859085
SDN,Sudan,2001,68.9,59.264,,31.26280022,28516770.0,Low income,,,28516770.0,,61.0,,,24.01600552,10.248515348473463,0.7071067811865476,81.16666666666667,10.715098381878413,-1.144802056825936,53.756,4.789052515894977,1.1501231155262595,,,,Normal,2023,,50042791.0,66.331,39.2,,,38.264299393,54.525,62.1509375,60.84859085
SDN,Sudan,2001,68.9,59.264,,31.26280022,28516770.0,Low income,,,28516770.0,,61.0,,,24.01600552,10.248515348473463,0.7071067811865476,81.16666666666667,10.715098381878413,-1.144802056825936,53.756,4.789052515894977,1.1501231155262595,,,,Normal,2023,,50042791.0,66.331,39.2,,,38.264299393,54.525,62.1509375,60.84859085
SDN,Sudan,2001,68.9,59.264,,31.26280022,28516770.0,Low income,,,28516770.0,,61.0,,,24.01600552,10.248515348473463,0.7071067811865476,81.16666666666667,10.715098381878413,-1.144802056825936,53.756,4.789052515894977,1.1501231155262595,,,,Normal,2023,,50042791.0,66.331,39.2,,,38.264299393,54.525,62.1509375,60.84859085
SDN,Sudan,2001,68.9,59.264,,31.26280022,28516770.0,Low income,,,28516770.0,,61.0,,,24.01600552,10.248515348473463,0.7071067811865476,81.16666666666667,10.715098381878413,-1.144802056825936,53.756,4.789052515894977,1.1501231155262595,,,,Normal,2023,,50042791.0,66.331,39.2,,,38.264299393,54.525,62.1509375,60.84859085
SDN,Sudan,2001,68.9,59.264,,31.26280022,28516770.0,Low income,,,28516770.0,,61.0,,,24.01600552,10.248515348473463,0.7071067811865476,81.16666666666667,10.715098381878413,-1.144802056825936,53.756,4.789052515894977,1.1501231155262595,,,,Normal,2023,,50042791.0,66.331,39.2,,,38.264299393,54.525,62.1509375,60.84859085
SDN,Sudan,2001,68.9,59.264,,31.26280022,28516770.0,Low income,,,28516770.0,,61.0,,,24.01600552,10.248515348473463,0.7071067811865476,81.16666666666667,10.715098381878413,-1.144802056825936,53.756,4.789052515894977,1.1501231155262595,,,,Normal,2023,,50042791.0,66.331,39.2,,,38.264299393,54.525,62.1509375,60.84859085
SDN,Sudan,2001,68.9,59.264,,31.26280022,28516770.0,Low income,,,28516770.0,,61.0,,,24.01600552,10.248515348473463,0.7071067811865476,81.16666666666667,10.715098381878413,-1.144802056825936,53.756,4.789052515894977,1.1501231155262595,,,,Normal,2023,,50042791.0,66.331,39.2,,,38.264299393,54.525,62.1509375,60.84859085
SDN,Sudan,2001,68.9,59.264,,31.26280022,28516770.0,Low income,,,28516770.0,,61.0,,,24.01600552,10.248515348473463,0.7071067811865476,81.16666666666667,10.715098381878413,-1.144802056825936,53.756,4.789052515894977,1.1501231155262595,,,,Normal,2023,,50042791.0,66.331,39.2,,,38.264299393,54.525,62.1509375,60.84859085
SDN,Sudan,2001,68.9,59.264,,31.26280022,28516770.0,Low income,,,28516770.0,,61.0,,,24.01600552,10.248515348473463,0.7071067811865476,81.16666666666667,10.715098381878413,-1.144802056825936,53.756,4.789052515894977,1.1501231155262595,,,,Normal,2023,,50042791.0,66.331,39.2,,,38.264299393,54.525,62.1509375,60.84859085
SDN,Sudan,2001,68.9,59.264,,31.26280022,28516770.0,Low income,,,28516770.0,,61.0,,,24.01600552,10.248515348473463,0.7071067811865476,81.16666666666667,10.715098381878413,-1.144802056825936,53.756,4.789052515894977,1.1501231155262595,,,,Normal,2023,,50042791.0,66.331,39.2,,,38.264299393,54.525,62.1509375,60.84859085
SDN,Sudan,2001,68.9,59.264,,31.26280022,28516770.0,Low income,,,28516770.0,,61.0,,,24.01600552,10.248515348473463,0.7071067811865476,81.16666666666667,10.715098381878413,-1.144802056825936,53.756,4.789052515894977,1.1501231155262595,,,,Normal,2023,,50042791.0,66.331,39.2,,,38.264299393,54.525,62.1509375,60.84859085
SDN,Sudan,2001,68.9,59.264,,31.26280022,28516770.0,Low income,,,28516770.0,,61.0,,,24.01600552,10.248515348473463,0.7071067811865476,81.16666666666667,10.715098381878413,-1.144802056825936,53.756,4.789052515894977,1.1501231155262595,,,,Normal,2023,,50042791.0,66.331,39.2,,,38.264299393,54.525,62.1509375,60.84859085
SDN,Sudan,2001,68.9,59.264,,31.26280022,28516770.0,Low income,,,28516770.0,,61.0,,,24.01600552,10.248515348473463,0.7071067811865476,81.16666666666667,10.715098381878413,-1.144802056825936,53.756,4.789052515894977,1.1501231155262595,,,,Normal,2023,,50042791.0,66.331,39.2,,,38.264299393,54.525,62.1509375,60.84859085
SDN,Sudan,2002,66.9,59.308,,31.32541084,29228727.0,Low income,,,29228727.0,,,61.0,,24.957495690000002,9.0055919691711,0.7071067811865475,77.8,9.619251530134761,-1.1331442956713378,54.27866666666667,4.3673431664266245,1.1515773186764129,68.0,,,Normal,2023,,50042791.0,66.331,39.2,,,38.264299393,54.525,62.1509375,60.84859085
SDN,Sudan,2002,66.9,59.308,,31.32541084,29228727.0,Low income,,,29228727.0,,,61.0,,24.957495690000002,9.0055919691711,0.7071067811865475,77.8,9.619251530134761,-1.1331442956713378,54.27866666666667,4.3673431664266245,1.1515773186764129,68.0,,,Normal,2023,,50042791.0,66.331,39.2,,,38.264299393,54.525,62.1509375,60.84859085
SDN,Sudan,2002,66.9,59.308,,31.32541084,29228727.0,Low income,,,29228727.0,,,61.0,,24.957495690000002,9.0055919691711,0.7071067811865475,77.8,9.619251530134761,-1.1331442956713378,54.27866666666667,4.3673431664266245,1.1515773186764129,68.0,,,Normal,2023,,50042791.0,66.331,39.2,,,38.264299393,54.525,62.1509375,60.84859085
SDN,Sudan,2002,66.9,59.308,,31.32541084,29228727.0,Low income,,,29228727.0,,,61.0,,24.957495690000002,9.0055919691711,0.7071067811865475,77.8,9.619251530134761,-1.1331442956713378,54.27866666666667,4.3673431664266245,1.1515773186764129,68.0,,,Normal,2023,,50042791.0,66.331,39.2,,,38.264299393,54.525,62.1509375,60.84859085
SDN,Sudan,2002,66.9,59.308,,31.32541084,29228727.0,Low income,,,29228727.0,,,61.0,,24.957495690000002,9.0055919691711,0.7071067811865475,77.8,9.619251530134761,-1.1331442956713378,54.27866666666667,4.3673431664266245,1.1515773186764129,68.0,,,Normal,2023,,50042791.0,66.331,39.2,,,38.264299393,54.525,62.1509375,60.84859085
SDN,Sudan,2002,66.9,59.308,,31.32541084,29228727.0,Low income,,,29228727.0,,,61.0,,24.957495690000002,9.0055919691711,0.7071067811865475,77.8,9.619251530134761,-1.1331442956713378,54.27866666666667,4.3673431664266245,1.1515773186764129,68.0,,,Normal,2023,,50042791.0,66.331,39.2,,,38.264299393,54.525,62.1509375,60.84859085
SDN,Sudan,2002,66.9,59.308,,31.32541084,29228727.0,Low income,,,29228727.0,,,61.0,,24.957495690000002,9.0055919691711,0.7071067811865475,77.8,9.619251530134761,-1.1331442956713378,54.27866666666667,4.3673431664266245,1.1515773186764129,68.0,,,Normal,2023,,50042791.0,66.331,39.2,,,38.264299393,54.525,62.1509375,60.84859085
SDN,Sudan,2002,66.9,59.308,,31.32541084,29228727.0,Low income,,,29228727.0,,,61.0,,24.957495690000002,9.0055919691711,0.7071067811865475,77.8,9.619251530134761,-1.1331442956713378,54.27866666666667,4.3673431664266245,1.1515773186764129,68.0,,,Normal,2023,,50042791.0,66.331,39.2,,,38.264299393,54.525,62.1509375,60.84859085
SDN,Sudan,2002,66.9,59.308,,31.32541084,29228727.0,Low income,,,29228727.0,,,61.0,,24.957495690000002,9.0055919691711,0.7071067811865475,77.8,9.619251530134761,-1.1331442956713378,54.27866666666667,4.3673431664266245,1.1515773186764129,68.0,,,Normal,2023,,50042791.0,66.331,39.2,,,38.264299393,54.525,62.1509375,60.84859085
SDN,Sudan,2002,66.9,59.308,,31.32541084,29228727.0,Low income,,,29228727.0,,,61.0,,24.957495690000002,9.0055919691711,0.7071067811865475,77.8,9.619251530134761,-1.1331442956713378,54.27866666666667,4.3673431664266245,1.1515773186764129,68.0,,,Normal,2023,,50042791.0,66.331,39.2,,,38.264299393,54.525,62.1509375,60.84859085
SDN,Sudan,2002,66.9,59.308,,31.32541084,29228727.0,Low income,,,29228727.0,,,61.0,,24.957495690000002,9.0055919691711,0.7071067811865475,77.8,9.619251530134761,-1.1331442956713378,54.27866666666667,4.3673431664266245,1.1515773186764129,68.0,,,Normal,2023,,50042791.0,66.331,39.2,,,38.264299393,54.525,62.1509375,60.84859085
SDN,Sudan,2002,66.9,59.308,,31.32541084,29228727.0,Low income,,,29228727.0,,,61.0,,24.957495690000002,9.0055919691711,0.7071067811865475,77.8,9.619251530134761,-1.1331442956713378,54.27866666666667,4.3673431664266245,1.1515773186764129,68.0,,,Normal,2023,,50042791.0,66.331,39.2,,,38.264299393,54.525,62.1509375,60.84859085
SDN,Sudan,2002,66.9,59.308,,31.32541084,29228727.0,Low income,,,29228727.0,,,61.0,,24.957495690000002,9.0055919691711,0.7071067811865475,77.8,9.619251530134761,-1.1331442956713378,54.27866666666667,4.3673431664266245,1.1515773186764129,68.0,,,Normal,2023,,50042791.0,66.331,39.2,,,38.264299393,54.525,62.1509375,60.84859085
SDN,Sudan,2002,66.9,59.308,,31.32541084,29228727.0,Low income,,,29228727.0,,,61.0,,24.957495690000002,9.0055919691711,0.7071067811865475,77.8,9.619251530134761,-1.1331442956713378,54.27866666666667,4.3673431664266245,1.1515773186764129,68.0,,,Normal,2023,,50042791.0,66.331,39.2,,,38.264299393,54.525,62.1509375,60.84859085
SDN,Sudan,2002,66.9,59.308,,31.32541084,29228727.0,Low income,,,29228727.0,,,61.0,,24.957495690000002,9.0055919691711,0.7071067811865475,77.8,9.619251530134761,-1.1331442956713378,54.27866666666667,4.3673431664266245,1.1515773186764129,68.0,,,Normal,2023,,50042791.0,66.331,39.2,,,38.264299393,54.525,62.1509375,60.84859085
SDN,Sudan,2002,66.9,59.308,,31.32541084,29228727.0,Low income,,,29228727.0,,,61.0,,24.957495690000002,9.0055919691711,0.7071067811865475,77.8,9.619251530134761,-1.1331442956713378,54.27866666666667,4.3673431664266245,1.1515773186764129,68.0,,,Normal,2023,,50042791.0,66.331,39.2,,,38.264299393,54.525,62.1509375,60.84859085
SDN,Sudan,2003,65.0,58.319,,32.88238907,29896035.0,Low income,,,29896035.0,,,,61.0,25.95557976,9.795987670174224,0.7071067811865476,74.39999999999999,8.515867542417505,-1.1038217719073984,54.53666666666667,3.2837670948673177,1.1518275273679728,,,,Normal,2023,,50042791.0,66.331,39.2,,,38.264299393,54.525,62.1509375,60.84859085
SDN,Sudan,2003,65.0,58.319,,32.88238907,29896035.0,Low income,,,29896035.0,,,,61.0,25.95557976,9.795987670174224,0.7071067811865476,74.39999999999999,8.515867542417505,-1.1038217719073984,54.53666666666667,3.2837670948673177,1.1518275273679728,,,,Normal,2023,,50042791.0,66.331,39.2,,,38.264299393,54.525,62.1509375,60.84859085
SDN,Sudan,2003,65.0,58.319,,32.88238907,29896035.0,Low income,,,29896035.0,,,,61.0,25.95557976,9.795987670174224,0.7071067811865476,74.39999999999999,8.515867542417505,-1.1038217719073984,54.53666666666667,3.2837670948673177,1.1518275273679728,,,,Normal,2023,,50042791.0,66.331,39.2,,,38.264299393,54.525,62.1509375,60.84859085
SDN,Sudan,2003,65.0,58.319,,32.88238907,29896035.0,Low income,,,29896035.0,,,,61.0,25.95557976,9.795987670174224,0.7071067811865476,74.39999999999999,8.515867542417505,-1.1038217719073984,54.53666666666667,3.2837670948673177,1.1518275273679728,,,,Normal,2023,,50042791.0,66.331,39.2,,,38.264299393,54.525,62.1509375,60.84859085
SDN,Sudan,2003,65.0,58.319,,32.88238907,29896035.0,Low income,,,29896035.0,,,,61.0,25.95557976,9.795987670174224,0.7071067811865476,74.39999999999999,8.515867542417505,-1.1038217719073984,54.53666666666667,3.2837670948673177,1.1518275273679728,,,,Normal,2023,,50042791.0,66.331,39.2,,,38.264299393,54.525,62.1509375,60.84859085
SDN,Sudan,2003,65.0,58.319,,32.88238907,29896035.0,Low income,,,29896035.0,,,,61.0,25.95557976,9.795987670174224,0.7071067811865476,74.39999999999999,8.515867542417505,-1.1038217719073984,54.53666666666667,3.2837670948673177,1.1518275273679728,,,,Normal,2023,,50042791.0,66.331,39.2,,,38.264299393,54.525,62.1509375,60.84859085
SDN,Sudan,2003,65.0,58.319,,32.88238907,29896035.0,Low income,,,29896035.0,,,,61.0,25.95557976,9.795987670174224,0.7071067811865476,74.39999999999999,8.515867542417505,-1.1038217719073984,54.53666666666667,3.2837670948673177,1.1518275273679728,,,,Normal,2023,,50042791.0,66.331,39.2,,,38.264299393,54.525,62.1509375,60.84859085
SDN,Sudan,2003,65.0,58.319,,32.88238907,29896035.0,Low income,,,29896035.0,,,,61.0,25.95557976,9.795987670174224,0.7071067811865476,74.39999999999999,8.515867542417505,-1.1038217719073984,54.53666666666667,3.2837670948673177,1.1518275273679728,,,,Normal,2023,,50042791.0,66.331,39.2,,,38.264299393,54.525,62.1509375,60.84859085
SDN,Sudan,2003,65.0,58.319,,32.88238907,29896035.0,Low income,,,29896035.0,,,,61.0,25.95557976,9.795987670174224,0.7071067811865476,74.39999999999999,8.515867542417505,-1.1038217719073984,54.53666666666667,3.2837670948673177,1.1518275273679728,,,,Normal,2023,,50042791.0,66.331,39.2,,,38.264299393,54.525,62.1509375,60.84859085
SDN,Sudan,2003,65.0,58.319,,32.88238907,29896035.0,Low income,,,29896035.0,,,,61.0,25.95557976,9.795987670174224,0.7071067811865476,74.39999999999999,8.515867542417505,-1.1038217719073984,54.53666666666667,3.2837670948673177,1.1518275273679728,,,,Normal,2023,,50042791.0,66.331,39.2,,,38.264299393,54.525,62.1509375,60.84859085
SDN,Sudan,2003,65.0,58.319,,32.88238907,29896035.0,Low income,,,29896035.0,,,,61.0,25.95557976,9.795987670174224,0.7071067811865476,74.39999999999999,8.515867542417505,-1.1038217719073984,54.53666666666667,3.2837670948673177,1.1518275273679728,,,,Normal,2023,,50042791.0,66.331,39.2,,,38.264299393,54.525,62.1509375,60.84859085
SDN,Sudan,2003,65.0,58.319,,32.88238907,29896035.0,Low income,,,29896035.0,,,,61.0,25.95557976,9.795987670174224,0.7071067811865476,74.39999999999999,8.515867542417505,-1.1038217719073984,54.53666666666667,3.2837670948673177,1.1518275273679728,,,,Normal,2023,,50042791.0,66.331,39.2,,,38.264299393,54.525,62.1509375,60.84859085
SDN,Sudan,2003,65.0,58.319,,32.88238907,29896035.0,Low income,,,29896035.0,,,,61.0,25.95557976,9.795987670174224,0.7071067811865476,74.39999999999999,8.515867542417505,-1.1038217719073984,54.53666666666667,3.2837670948673177,1.1518275273679728,,,,Normal,2023,,50042791.0,66.331,39.2,,,38.264299393,54.525,62.1509375,60.84859085
SDN,Sudan,2003,65.0,58.319,,32.88238907,29896035.0,Low income,,,29896035.0,,,,61.0,25.95557976,9.795987670174224,0.7071067811865476,74.39999999999999,8.515867542417505,-1.1038217719073984,54.53666666666667,3.2837670948673177,1.1518275273679728,,,,Normal,2023,,50042791.0,66.331,39.2,,,38.264299393,54.525,62.1509375,60.84859085
SDN,Sudan,2003,65.0,58.319,,32.88238907,29896035.0,Low income,,,29896035.0,,,,61.0,25.95557976,9.795987670174224,0.7071067811865476,74.39999999999999,8.515867542417505,-1.1038217719073984,54.53666666666667,3.2837670948673177,1.1518275273679728,,,,Normal,2023,,50042791.0,66.331,39.2,,,38.264299393,54.525,62.1509375,60.84859085
SDN,Sudan,2003,65.0,58.319,,32.88238907,29896035.0,Low income,,,29896035.0,,,,61.0,25.95557976,9.795987670174224,0.7071067811865476,74.39999999999999,8.515867542417505,-1.1038217719073984,54.53666666666667,3.2837670948673177,1.1518275273679728,,,,Normal,2023,,50042791.0,66.331,39.2,,,38.264299393,54.525,62.1509375,60.84859085
SDN,Sudan,2004,68.2,56.773,,36.37863159,30556637.0,Low income,,,30556637.0,,,,,25.46695391333333,9.50140323045786,1.1484280176309123,72.60000000000001,4.91222963632606,-0.8957235971750783,54.73566666666667,1.7644742370840496,1.154640453521277,35.90000153,,,Normal,2023,,50042791.0,66.331,39.2,,,38.264299393,54.525,62.1509375,60.84859085
SDN,Sudan,2004,68.2,56.773,,36.37863159,30556637.0,Low income,,,30556637.0,,,,,25.46695391333333,9.50140323045786,1.1484280176309123,72.60000000000001,4.91222963632606,-0.8957235971750783,54.73566666666667,1.7644742370840496,1.154640453521277,35.90000153,,,Normal,2023,,50042791.0,66.331,39.2,,,38.264299393,54.525,62.1509375,60.84859085
SDN,Sudan,2004,68.2,56.773,,36.37863159,30556637.0,Low income,,,30556637.0,,,,,25.46695391333333,9.50140323045786,1.1484280176309123,72.60000000000001,4.91222963632606,-0.8957235971750783,54.73566666666667,1.7644742370840496,1.154640453521277,35.90000153,,,Normal,2023,,50042791.0,66.331,39.2,,,38.264299393,54.525,62.1509375,60.84859085
SDN,Sudan,2004,68.2,56.773,,36.37863159,30556637.0,Low income,,,30556637.0,,,,,25.46695391333333,9.50140323045786,1.1484280176309123,72.60000000000001,4.91222963632606,-0.8957235971750783,54.73566666666667,1.7644742370840496,1.154640453521277,35.90000153,,,Normal,2023,,50042791.0,66.331,39.2,,,38.264299393,54.525,62.1509375,60.84859085
SDN,Sudan,2004,68.2,56.773,,36.37863159,30556637.0,Low income,,,30556637.0,,,,,25.46695391333333,9.50140323045786,1.1484280176309123,72.60000000000001,4.91222963632606,-0.8957235971750783,54.73566666666667,1.7644742370840496,1.154640453521277,35.90000153,,,Normal,2023,,50042791.0,66.331,39.2,,,38.264299393,54.525,62.1509375,60.84859085
SDN,Sudan,2004,68.2,56.773,,36.37863159,30556637.0,Low income,,,30556637.0,,,,,25.46695391333333,9.50140323045786,1.1484280176309123,72.60000000000001,4.91222963632606,-0.8957235971750783,54.73566666666667,1.7644742370840496,1.154640453521277,35.90000153,,,Normal,2023,,50042791.0,66.331,39.2,,,38.264299393,54.525,62.1509375,60.84859085
SDN,Sudan,2004,68.2,56.773,,36.37863159,30556637.0,Low income,,,30556637.0,,,,,25.46695391333333,9.50140323045786,1.1484280176309123,72.60000000000001,4.91222963632606,-0.8957235971750783,54.73566666666667,1.7644742370840496,1.154640453521277,35.90000153,,,Normal,2023,,50042791.0,66.331,39.2,,,38.264299393,54.525,62.1509375,60.84859085
SDN,Sudan,2004,68.2,56.773,,36.37863159,30556637.0,Low income,,,30556637.0,,,,,25.46695391333333,9.50140323045786,1.1484280176309123,72.60000000000001,4.91222963632606,-0.8957235971750783,54.73566666666667,1.7644742370840496,1.154640453521277,35.90000153,,,Normal,2023,,50042791.0,66.331,39.2,,,38.264299393,54.525,62.1509375,60.84859085
SDN,Sudan,2004,68.2,56.773,,36.37863159,30556637.0,Low income,,,30556637.0,,,,,25.46695391333333,9.50140323045786,1.1484280176309123,72.60000000000001,4.91222963632606,-0.8957235971750783,54.73566666666667,1.7644742370840496,1.154640453521277,35.90000153,,,Normal,2023,,50042791.0,66.331,39.2,,,38.264299393,54.525,62.1509375,60.84859085
SDN,Sudan,2004,68.2,56.773,,36.37863159,30556637.0,Low income,,,30556637.0,,,,,25.46695391333333,9.50140323045786,1.1484280176309123,72.60000000000001,4.91222963632606,-0.8957235971750783,54.73566666666667,1.7644742370840496,1.154640453521277,35.90000153,,,Normal,2023,,50042791.0,66.331,39.2,,,38.264299393,54.525,62.1509375,60.84859085
SDN,Sudan,2004,68.2,56.773,,36.37863159,30556637.0,Low income,,,30556637.0,,,,,25.46695391333333,9.50140323045786,1.1484280176309123,72.60000000000001,4.91222963632606,-0.8957235971750783,54.73566666666667,1.7644742370840496,1.154640453521277,35.90000153,,,Normal,2023,,50042791.0,66.331,39.2,,,38.264299393,54.525,62.1509375,60.84859085
SDN,Sudan,2004,68.2,56.773,,36.37863159,30556637.0,Low income,,,30556637.0,,,,,25.46695391333333,9.50140323045786,1.1484280176309123,72.60000000000001,4.91222963632606,-0.8957235971750783,54.73566666666667,1.7644742370840496,1.154640453521277,35.90000153,,,Normal,2023,,50042791.0,66.331,39.2,,,38.264299393,54.525,62.1509375,60.84859085
SDN,Sudan,2004,68.2,56.773,,36.37863159,30556637.0,Low income,,,30556637.0,,,,,25.46695391333333,9.50140323045786,1.1484280176309123,72.60000000000001,4.91222963632606,-0.8957235971750783,54.73566666666667,1.7644742370840496,1.154640453521277,35.90000153,,,Normal,2023,,50042791.0,66.331,39.2,,,38.264299393,54.525,62.1509375,60.84859085
SDN,Sudan,2004,68.2,56.773,,36.37863159,30556637.0,Low income,,,30556637.0,,,,,25.46695391333333,9.50140323045786,1.1484280176309123,72.60000000000001,4.91222963632606,-0.8957235971750783,54.73566666666667,1.7644742370840496,1.154640453521277,35.90000153,,,Normal,2023,,50042791.0,66.331,39.2,,,38.264299393,54.525,62.1509375,60.84859085
SDN,Sudan,2004,68.2,56.773,,36.37863159,30556637.0,Low income,,,30556637.0,,,,,25.46695391333333,9.50140323045786,1.1484280176309123,72.60000000000001,4.91222963632606,-0.8957235971750783,54.73566666666667,1.7644742370840496,1.154640453521277,35.90000153,,,Normal,2023,,50042791.0,66.331,39.2,,,38.264299393,54.525,62.1509375,60.84859085
SDN,Sudan,2004,68.2,56.773,,36.37863159,30556637.0,Low income,,,30556637.0,,,,,25.46695391333333,9.50140323045786,1.1484280176309123,72.60000000000001,4.91222963632606,-0.8957235971750783,54.73566666666667,1.7644742370840496,1.154640453521277,35.90000153,,,Normal,2023,,50042791.0,66.331,39.2,,,38.264299393,54.525,62.1509375,60.84859085
SDN,Sudan,2005,66.8,57.226,,36.64284897,31262444.0,Low income,,,31262444.0,,,,,30.04185486,9.335215395506921,0.7071067811865475,69.39999999999999,4.331281565541541,-0.6002842255014921,55.50533333333333,1.5164040798327239,1.134701950192903,29.8203392,,,Normal,2023,,50042791.0,66.331,39.2,,,38.264299393,54.525,62.1509375,60.84859085
SDN,Sudan,2005,66.8,57.226,,36.64284897,31262444.0,Low income,,,31262444.0,,,,,30.04185486,9.335215395506921,0.7071067811865475,69.39999999999999,4.331281565541541,-0.6002842255014921,55.50533333333333,1.5164040798327239,1.134701950192903,29.8203392,,,Normal,2023,,50042791.0,66.331,39.2,,,38.264299393,54.525,62.1509375,60.84859085
SDN,Sudan,2005,66.8,57.226,,36.64284897,31262444.0,Low income,,,31262444.0,,,,,30.04185486,9.335215395506921,0.7071067811865475,69.39999999999999,4.331281565541541,-0.6002842255014921,55.50533333333333,1.5164040798327239,1.134701950192903,29.8203392,,,Normal,2023,,50042791.0,66.331,39.2,,,38.264299393,54.525,62.1509375,60.84859085
SDN,Sudan,2005,66.8,57.226,,36.64284897,31262444.0,Low income,,,31262444.0,,,,,30.04185486,9.335215395506921,0.7071067811865475,69.39999999999999,4.331281565541541,-0.6002842255014921,55.50533333333333,1.5164040798327239,1.134701950192903,29.8203392,,,Normal,2023,,50042791.0,66.331,39.2,,,38.264299393,54.525,62.1509375,60.84859085
SDN,Sudan,2005,66.8,57.226,,36.64284897,31262444.0,Low income,,,31262444.0,,,,,30.04185486,9.335215395506921,0.7071067811865475,69.39999999999999,4.331281565541541,-0.6002842255014921,55.50533333333333,1.5164040798327239,1.134701950192903,29.8203392,,,Normal,2023,,50042791.0,66.331,39.2,,,38.264299393,54.525,62.1509375,60.84859085
SDN,Sudan,2005,66.8,57.226,,36.64284897,31262444.0,Low income,,,31262444.0,,,,,30.04185486,9.335215395506921,0.7071067811865475,69.39999999999999,4.331281565541541,-0.6002842255014921,55.50533333333333,1.5164040798327239,1.134701950192903,29.8203392,,,Normal,2023,,50042791.0,66.331,39.2,,,38.264299393,54.525,62.1509375,60.84859085
SDN,Sudan,2005,66.8,57.226,,36.64284897,31262444.0,Low income,,,31262444.0,,,,,30.04185486,9.335215395506921,0.7071067811865475,69.39999999999999,4.331281565541541,-0.6002842255014921,55.50533333333333,1.5164040798327239,1.134701950192903,29.8203392,,,Normal,2023,,50042791.0,66.331,39.2,,,38.264299393,54.525,62.1509375,60.84859085
SDN,Sudan,2005,66.8,57.226,,36.64284897,31262444.0,Low income,,,31262444.0,,,,,30.04185486,9.335215395506921,0.7071067811865475,69.39999999999999,4.331281565541541,-0.6002842255014921,55.50533333333333,1.5164040798327239,1.134701950192903,29.8203392,,,Normal,2023,,50042791.0,66.331,39.2,,,38.264299393,54.525,62.1509375,60.84859085
SDN,Sudan,2005,66.8,57.226,,36.64284897,31262444.0,Low income,,,31262444.0,,,,,30.04185486,9.335215395506921,0.7071067811865475,69.39999999999999,4.331281565541541,-0.6002842255014921,55.50533333333333,1.5164040798327239,1.134701950192903,29.8203392,,,Normal,2023,,50042791.0,66.331,39.2,,,38.264299393,54.525,62.1509375,60.84859085
SDN,Sudan,2005,66.8,57.226,,36.64284897,31262444.0,Low income,,,31262444.0,,,,,30.04185486,9.335215395506921,0.7071067811865475,69.39999999999999,4.331281565541541,-0.6002842255014921,55.50533333333333,1.5164040798327239,1.134701950192903,29.8203392,,,Normal,2023,,50042791.0,66.331,39.2,,,38.264299393,54.525,62.1509375,60.84859085
SDN,Sudan,2005,66.8,57.226,,36.64284897,31262444.0,Low income,,,31262444.0,,,,,30.04185486,9.335215395506921,0.7071067811865475,69.39999999999999,4.331281565541541,-0.6002842255014921,55.50533333333333,1.5164040798327239,1.134701950192903,29.8203392,,,Normal,2023,,50042791.0,66.331,39.2,,,38.264299393,54.525,62.1509375,60.84859085
SDN,Sudan,2005,66.8,57.226,,36.64284897,31262444.0,Low income,,,31262444.0,,,,,30.04185486,9.335215395506921,0.7071067811865475,69.39999999999999,4.331281565541541,-0.6002842255014921,55.50533333333333,1.5164040798327239,1.134701950192903,29.8203392,,,Normal,2023,,50042791.0,66.331,39.2,,,38.264299393,54.525,62.1509375,60.84859085
SDN,Sudan,2005,66.8,57.226,,36.64284897,31262444.0,Low income,,,31262444.0,,,,,30.04185486,9.335215395506921,0.7071067811865475,69.39999999999999,4.331281565541541,-0.6002842255014921,55.50533333333333,1.5164040798327239,1.134701950192903,29.8203392,,,Normal,2023,,50042791.0,66.331,39.2,,,38.264299393,54.525,62.1509375,60.84859085
SDN,Sudan,2005,66.8,57.226,,36.64284897,31262444.0,Low income,,,31262444.0,,,,,30.04185486,9.335215395506921,0.7071067811865475,69.39999999999999,4.331281565541541,-0.6002842255014921,55.50533333333333,1.5164040798327239,1.134701950192903,29.8203392,,,Normal,2023,,50042791.0,66.331,39.2,,,38.264299393,54.525,62.1509375,60.84859085
SDN,Sudan,2005,66.8,57.226,,36.64284897,31262444.0,Low income,,,31262444.0,,,,,30.04185486,9.335215395506921,0.7071067811865475,69.39999999999999,4.331281565541541,-0.6002842255014921,55.50533333333333,1.5164040798327239,1.134701950192903,29.8203392,,,Normal,2023,,50042791.0,66.331,39.2,,,38.264299393,54.525,62.1509375,60.84859085
SDN,Sudan,2005,66.8,57.226,,36.64284897,31262444.0,Low income,,,31262444.0,,,,,30.04185486,9.335215395506921,0.7071067811865475,69.39999999999999,4.331281565541541,-0.6002842255014921,55.50533333333333,1.5164040798327239,1.134701950192903,29.8203392,,,Normal,2023,,50042791.0,66.331,39.2,,,38.264299393,54.525,62.1509375,60.84859085
SDN,Sudan,2006,59.9,60.4,,35.41133881,31992435.0,Low income,,,31992435.0,,,,,31.340604784999996,5.756887266968617,0.7071067811865477,64.5,5.716642371182585,-0.8046681428225171,57.30666666666667,2.7027203579603514,1.1445258567807426,71.0,,,Normal,2023,,50042791.0,66.331,39.2,,,38.264299393,54.525,62.1509375,60.84859085
SDN,Sudan,2006,59.9,60.4,,35.41133881,31992435.0,Low income,,,31992435.0,,,,,31.340604784999996,5.756887266968617,0.7071067811865477,64.5,5.716642371182585,-0.8046681428225171,57.30666666666667,2.7027203579603514,1.1445258567807426,71.0,,,Normal,2023,,50042791.0,66.331,39.2,,,38.264299393,54.525,62.1509375,60.84859085
SDN,Sudan,2006,59.9,60.4,,35.41133881,31992435.0,Low income,,,31992435.0,,,,,31.340604784999996,5.756887266968617,0.7071067811865477,64.5,5.716642371182585,-0.8046681428225171,57.30666666666667,2.7027203579603514,1.1445258567807426,71.0,,,Normal,2023,,50042791.0,66.331,39.2,,,38.264299393,54.525,62.1509375,60.84859085
SDN,Sudan,2006,59.9,60.4,,35.41133881,31992435.0,Low income,,,31992435.0,,,,,31.340604784999996,5.756887266968617,0.7071067811865477,64.5,5.716642371182585,-0.8046681428225171,57.30666666666667,2.7027203579603514,1.1445258567807426,71.0,,,Normal,2023,,50042791.0,66.331,39.2,,,38.264299393,54.525,62.1509375,60.84859085
SDN,Sudan,2006,59.9,60.4,,35.41133881,31992435.0,Low income,,,31992435.0,,,,,31.340604784999996,5.756887266968617,0.7071067811865477,64.5,5.716642371182585,-0.8046681428225171,57.30666666666667,2.7027203579603514,1.1445258567807426,71.0,,,Normal,2023,,50042791.0,66.331,39.2,,,38.264299393,54.525,62.1509375,60.84859085
SDN,Sudan,2006,59.9,60.4,,35.41133881,31992435.0,Low income,,,31992435.0,,,,,31.340604784999996,5.756887266968617,0.7071067811865477,64.5,5.716642371182585,-0.8046681428225171,57.30666666666667,2.7027203579603514,1.1445258567807426,71.0,,,Normal,2023,,50042791.0,66.331,39.2,,,38.264299393,54.525,62.1509375,60.84859085
SDN,Sudan,2006,59.9,60.4,,35.41133881,31992435.0,Low income,,,31992435.0,,,,,31.340604784999996,5.756887266968617,0.7071067811865477,64.5,5.716642371182585,-0.8046681428225171,57.30666666666667,2.7027203579603514,1.1445258567807426,71.0,,,Normal,2023,,50042791.0,66.331,39.2,,,38.264299393,54.525,62.1509375,60.84859085
SDN,Sudan,2006,59.9,60.4,,35.41133881,31992435.0,Low income,,,31992435.0,,,,,31.340604784999996,5.756887266968617,0.7071067811865477,64.5,5.716642371182585,-0.8046681428225171,57.30666666666667,2.7027203579603514,1.1445258567807426,71.0,,,Normal,2023,,50042791.0,66.331,39.2,,,38.264299393,54.525,62.1509375,60.84859085
SDN,Sudan,2006,59.9,60.4,,35.41133881,31992435.0,Low income,,,31992435.0,,,,,31.340604784999996,5.756887266968617,0.7071067811865477,64.5,5.716642371182585,-0.8046681428225171,57.30666666666667,2.7027203579603514,1.1445258567807426,71.0,,,Normal,2023,,50042791.0,66.331,39.2,,,38.264299393,54.525,62.1509375,60.84859085
SDN,Sudan,2006,59.9,60.4,,35.41133881,31992435.0,Low income,,,31992435.0,,,,,31.340604784999996,5.756887266968617,0.7071067811865477,64.5,5.716642371182585,-0.8046681428225171,57.30666666666667,2.7027203579603514,1.1445258567807426,71.0,,,Normal,2023,,50042791.0,66.331,39.2,,,38.264299393,54.525,62.1509375,60.84859085
SDN,Sudan,2006,59.9,60.4,,35.41133881,31992435.0,Low income,,,31992435.0,,,,,31.340604784999996,5.756887266968617,0.7071067811865477,64.5,5.716642371182585,-0.8046681428225171,57.30666666666667,2.7027203579603514,1.1445258567807426,71.0,,,Normal,2023,,50042791.0,66.331,39.2,,,38.264299393,54.525,62.1509375,60.84859085
SDN,Sudan,2006,59.9,60.4,,35.41133881,31992435.0,Low income,,,31992435.0,,,,,31.340604784999996,5.756887266968617,0.7071067811865477,64.5,5.716642371182585,-0.8046681428225171,57.30666666666667,2.7027203579603514,1.1445258567807426,71.0,,,Normal,2023,,50042791.0,66.331,39.2,,,38.264299393,54.525,62.1509375,60.84859085
SDN,Sudan,2006,59.9,60.4,,35.41133881,31992435.0,Low income,,,31992435.0,,,,,31.340604784999996,5.756887266968617,0.7071067811865477,64.5,5.716642371182585,-0.8046681428225171,57.30666666666667,2.7027203579603514,1.1445258567807426,71.0,,,Normal,2023,,50042791.0,66.331,39.2,,,38.264299393,54.525,62.1509375,60.84859085
SDN,Sudan,2006,59.9,60.4,,35.41133881,31992435.0,Low income,,,31992435.0,,,,,31.340604784999996,5.756887266968617,0.7071067811865477,64.5,5.716642371182585,-0.8046681428225171,57.30666666666667,2.7027203579603514,1.1445258567807426,71.0,,,Normal,2023,,50042791.0,66.331,39.2,,,38.264299393,54.525,62.1509375,60.84859085
SDN,Sudan,2006,59.9,60.4,,35.41133881,31992435.0,Low income,,,31992435.0,,,,,31.340604784999996,5.756887266968617,0.7071067811865477,64.5,5.716642371182585,-0.8046681428225171,57.30666666666667,2.7027203579603514,1.1445258567807426,71.0,,,Normal,2023,,50042791.0,66.331,39.2,,,38.264299393,54.525,62.1509375,60.84859085
SDN,Sudan,2006,59.9,60.4,,35.41133881,31992435.0,Low income,,,31992435.0,,,,,31.340604784999996,5.756887266968617,0.7071067811865477,64.5,5.716642371182585,-0.8046681428225171,57.30666666666667,2.7027203579603514,1.1445258567807426,71.0,,,Normal,2023,,50042791.0,66.331,39.2,,,38.264299393,54.525,62.1509375,60.84859085
SDN,Sudan,2007,58.4,61.442,,35.23551178,32764135.0,Low income,,,32764135.0,,,,,29.803797403333334,5.701597383212611,0.9526653692979854,61.6,5.2848841046895245,-0.6055005060868778,58.41866666666667,2.640395677419073,1.1450304055521607,39.0,,,Normal,2023,,50042791.0,66.331,39.2,,,38.264299393,54.525,62.1509375,60.84859085
SDN,Sudan,2007,58.4,61.442,,35.23551178,32764135.0,Low income,,,32764135.0,,,,,29.803797403333334,5.701597383212611,0.9526653692979854,61.6,5.2848841046895245,-0.6055005060868778,58.41866666666667,2.640395677419073,1.1450304055521607,39.0,,,Normal,2023,,50042791.0,66.331,39.2,,,38.264299393,54.525,62.1509375,60.84859085
SDN,Sudan,2007,58.4,61.442,,35.23551178,32764135.0,Low income,,,32764135.0,,,,,29.803797403333334,5.701597383212611,0.9526653692979854,61.6,5.2848841046895245,-0.6055005060868778,58.41866666666667,2.640395677419073,1.1450304055521607,39.0,,,Normal,2023,,50042791.0,66.331,39.2,,,38.264299393,54.525,62.1509375,60.84859085
SDN,Sudan,2007,58.4,61.442,,35.23551178,32764135.0,Low income,,,32764135.0,,,,,29.803797403333334,5.701597383212611,0.9526653692979854,61.6,5.2848841046895245,-0.6055005060868778,58.41866666666667,2.640395677419073,1.1450304055521607,39.0,,,Normal,2023,,50042791.0,66.331,39.2,,,38.264299393,54.525,62.1509375,60.84859085
SDN,Sudan,2007,58.4,61.442,,35.23551178,32764135.0,Low income,,,32764135.0,,,,,29.803797403333334,5.701597383212611,0.9526653692979854,61.6,5.2848841046895245,-0.6055005060868778,58.41866666666667,2.640395677419073,1.1450304055521607,39.0,,,Normal,2023,,50042791.0,66.331,39.2,,,38.264299393,54.525,62.1509375,60.84859085
SDN,Sudan,2007,58.4,61.442,,35.23551178,32764135.0,Low income,,,32764135.0,,,,,29.803797403333334,5.701597383212611,0.9526653692979854,61.6,5.2848841046895245,-0.6055005060868778,58.41866666666667,2.640395677419073,1.1450304055521607,39.0,,,Normal,2023,,50042791.0,66.331,39.2,,,38.264299393,54.525,62.1509375,60.84859085
SDN,Sudan,2007,58.4,61.442,,35.23551178,32764135.0,Low income,,,32764135.0,,,,,29.803797403333334,5.701597383212611,0.9526653692979854,61.6,5.2848841046895245,-0.6055005060868778,58.41866666666667,2.640395677419073,1.1450304055521607,39.0,,,Normal,2023,,50042791.0,66.331,39.2,,,38.264299393,54.525,62.1509375,60.84859085
SDN,Sudan,2007,58.4,61.442,,35.23551178,32764135.0,Low income,,,32764135.0,,,,,29.803797403333334,5.701597383212611,0.9526653692979854,61.6,5.2848841046895245,-0.6055005060868778,58.41866666666667,2.640395677419073,1.1450304055521607,39.0,,,Normal,2023,,50042791.0,66.331,39.2,,,38.264299393,54.525,62.1509375,60.84859085
SDN,Sudan,2007,58.4,61.442,,35.23551178,32764135.0,Low income,,,32764135.0,,,,,29.803797403333334,5.701597383212611,0.9526653692979854,61.6,5.2848841046895245,-0.6055005060868778,58.41866666666667,2.640395677419073,1.1450304055521607,39.0,,,Normal,2023,,50042791.0,66.331,39.2,,,38.264299393,54.525,62.1509375,60.84859085
SDN,Sudan,2007,58.4,61.442,,35.23551178,32764135.0,Low income,,,32764135.0,,,,,29.803797403333334,5.701597383212611,0.9526653692979854,61.6,5.2848841046895245,-0.6055005060868778,58.41866666666667,2.640395677419073,1.1450304055521607,39.0,,,Normal,2023,,50042791.0,66.331,39.2,,,38.264299393,54.525,62.1509375,60.84859085
SDN,Sudan,2007,58.4,61.442,,35.23551178,32764135.0,Low income,,,32764135.0,,,,,29.803797403333334,5.701597383212611,0.9526653692979854,61.6,5.2848841046895245,-0.6055005060868778,58.41866666666667,2.640395677419073,1.1450304055521607,39.0,,,Normal,2023,,50042791.0,66.331,39.2,,,38.264299393,54.525,62.1509375,60.84859085
SDN,Sudan,2007,58.4,61.442,,35.23551178,32764135.0,Low income,,,32764135.0,,,,,29.803797403333334,5.701597383212611,0.9526653692979854,61.6,5.2848841046895245,-0.6055005060868778,58.41866666666667,2.640395677419073,1.1450304055521607,39.0,,,Normal,2023,,50042791.0,66.331,39.2,,,38.264299393,54.525,62.1509375,60.84859085
SDN,Sudan,2007,58.4,61.442,,35.23551178,32764135.0,Low income,,,32764135.0,,,,,29.803797403333334,5.701597383212611,0.9526653692979854,61.6,5.2848841046895245,-0.6055005060868778,58.41866666666667,2.640395677419073,1.1450304055521607,39.0,,,Normal,2023,,50042791.0,66.331,39.2,,,38.264299393,54.525,62.1509375,60.84859085
SDN,Sudan,2007,58.4,61.442,,35.23551178,32764135.0,Low income,,,32764135.0,,,,,29.803797403333334,5.701597383212611,0.9526653692979854,61.6,5.2848841046895245,-0.6055005060868778,58.41866666666667,2.640395677419073,1.1450304055521607,39.0,,,Normal,2023,,50042791.0,66.331,39.2,,,38.264299393,54.525,62.1509375,60.84859085
SDN,Sudan,2007,58.4,61.442,,35.23551178,32764135.0,Low income,,,32764135.0,,,,,29.803797403333334,5.701597383212611,0.9526653692979854,61.6,5.2848841046895245,-0.6055005060868778,58.41866666666667,2.640395677419073,1.1450304055521607,39.0,,,Normal,2023,,50042791.0,66.331,39.2,,,38.264299393,54.525,62.1509375,60.84859085
SDN,Sudan,2007,58.4,61.442,,35.23551178,32764135.0,Low income,,,32764135.0,,,,,29.803797403333334,5.701597383212611,0.9526653692979854,61.6,5.2848841046895245,-0.6055005060868778,58.41866666666667,2.640395677419073,1.1450304055521607,39.0,,,Normal,2023,,50042791.0,66.331,39.2,,,38.264299393,54.525,62.1509375,60.84859085
SDN,Sudan,2016,47.8,64.677,,46.16238022,41259892.0,Low income,,,41259892.0,,,,,36.24485458,14.025499265270911,0.7071067811865475,43.4,6.128621378417824,0.7179428664813212,64.44433333333335,0.26106767960307786,0.8912120681518352,58.29645347499999,15.28038645997581,,Normal,2023,,50042791.0,66.331,39.2,,,38.264299393,54.525,62.1509375,60.84859085
SDN,Sudan,2016,47.8,64.677,,46.16238022,41259892.0,Low income,,,41259892.0,,,,,36.24485458,14.025499265270911,0.7071067811865475,43.4,6.128621378417824,0.7179428664813212,64.44433333333335,0.26106767960307786,0.8912120681518352,58.29645347499999,15.28038645997581,,Normal,2023,,50042791.0,66.331,39.2,,,38.264299393,54.525,62.1509375,60.84859085
SDN,Sudan,2016,47.8,64.677,,46.16238022,41259892.0,Low income,,,41259892.0,,,,,36.24485458,14.025499265270911,0.7071067811865475,43.4,6.128621378417824,0.7179428664813212,64.44433333333335,0.26106767960307786,0.8912120681518352,58.29645347499999,15.28038645997581,,Normal,2023,,50042791.0,66.331,39.2,,,38.264299393,54.525,62.1509375,60.84859085
SDN,Sudan,2016,47.8,64.677,,46.16238022,41259892.0,Low income,,,41259892.0,,,,,36.24485458,14.025499265270911,0.7071067811865475,43.4,6.128621378417824,0.7179428664813212,64.44433333333335,0.26106767960307786,0.8912120681518352,58.29645347499999,15.28038645997581,,Normal,2023,,50042791.0,66.331,39.2,,,38.264299393,54.525,62.1509375,60.84859085
SDN,Sudan,2016,47.8,64.677,,46.16238022,41259892.0,Low income,,,41259892.0,,,,,36.24485458,14.025499265270911,0.7071067811865475,43.4,6.128621378417824,0.7179428664813212,64.44433333333335,0.26106767960307786,0.8912120681518352,58.29645347499999,15.28038645997581,,Normal,2023,,50042791.0,66.331,39.2,,,38.264299393,54.525,62.1509375,60.84859085
SDN,Sudan,2016,47.8,64.677,,46.16238022,41259892.0,Low income,,,41259892.0,,,,,36.24485458,14.025499265270911,0.7071067811865475,43.4,6.128621378417824,0.7179428664813212,64.44433333333335,0.26106767960307786,0.8912120681518352,58.29645347499999,15.28038645997581,,Normal,2023,,50042791.0,66.331,39.2,,,38.264299393,54.525,62.1509375,60.84859085
SDN,Sudan,2016,47.8,64.677,,46.16238022,41259892.0,Low income,,,41259892.0,,,,,36.24485458,14.025499265270911,0.7071067811865475,43.4,6.128621378417824,0.7179428664813212,64.44433333333335,0.26106767960307786,0.8912120681518352,58.29645347499999,15.28038645997581,,Normal,2023,,50042791.0,66.331,39.2,,,38.264299393,54.525,62.1509375,60.84859085
SDN,Sudan,2016,47.8,64.677,,46.16238022,41259892.0,Low income,,,41259892.0,,,,,36.24485458,14.025499265270911,0.7071067811865475,43.4,6.128621378417824,0.7179428664813212,64.44433333333335,0.26106767960307786,0.8912120681518352,58.29645347499999,15.28038645997581,,Normal,2023,,50042791.0,66.331,39.2,,,38.264299393,54.525,62.1509375,60.84859085
SDN,Sudan,2016,47.8,64.677,,46.16238022,41259892.0,Low income,,,41259892.0,,,,,36.24485458,14.025499265270911,0.7071067811865475,43.4,6.128621378417824,0.7179428664813212,64.44433333333335,0.26106767960307786,0.8912120681518352,58.29645347499999,15.28038645997581,,Normal,2023,,50042791.0,66.331,39.2,,,38.264299393,54.525,62.1509375,60.84859085
SDN,Sudan,2016,47.8,64.677,,46.16238022,41259892.0,Low income,,,41259892.0,,,,,36.24485458,14.025499265270911,0.7071067811865475,43.4,6.128621378417824,0.7179428664813212,64.44433333333335,0.26106767960307786,0.8912120681518352,58.29645347499999,15.28038645997581,,Normal,2023,,50042791.0,66.331,39.2,,,38.264299393,54.525,62.1509375,60.84859085
SDN,Sudan,2016,47.8,64.677,,46.16238022,41259892.0,Low income,,,41259892.0,,,,,36.24485458,14.025499265270911,0.7071067811865475,43.4,6.128621378417824,0.7179428664813212,64.44433333333335,0.26106767960307786,0.8912120681518352,58.29645347499999,15.28038645997581,,Normal,2023,,50042791.0,66.331,39.2,,,38.264299393,54.525,62.1509375,60.84859085
SDN,Sudan,2016,47.8,64.677,,46.16238022,41259892.0,Low income,,,41259892.0,,,,,36.24485458,14.025499265270911,0.7071067811865475,43.4,6.128621378417824,0.7179428664813212,64.44433333333335,0.26106767960307786,0.8912120681518352,58.29645347499999,15.28038645997581,,Normal,2023,,50042791.0,66.331,39.2,,,38.264299393,54.525,62.1509375,60.84859085
SDN,Sudan,2016,47.8,64.677,,46.16238022,41259892.0,Low income,,,41259892.0,,,,,36.24485458,14.025499265270911,0.7071067811865475,43.4,6.128621378417824,0.7179428664813212,64.44433333333335,0.26106767960307786,0.8912120681518352,58.29645347499999,15.28038645997581,,Normal,2023,,50042791.0,66.331,39.2,,,38.264299393,54.525,62.1509375,60.84859085
SDN,Sudan,2016,47.8,64.677,,46.16238022,41259892.0,Low income,,,41259892.0,,,,,36.24485458,14.025499265270911,0.7071067811865475,43.4,6.128621378417824,0.7179428664813212,64.44433333333335,0.26106767960307786,0.8912120681518352,58.29645347499999,15.28038645997581,,Normal,2023,,50042791.0,66.331,39.2,,,38.264299393,54.525,62.1509375,60.84859085
SDN,Sudan,2016,47.8,64.677,,46.16238022,41259892.0,Low income,,,41259892.0,,,,,36.24485458,14.025499265270911,0.7071067811865475,43.4,6.128621378417824,0.7179428664813212,64.44433333333335,0.26106767960307786,0.8912120681518352,58.29645347499999,15.28038645997581,,Normal,2023,,50042791.0,66.331,39.2,,,38.264299393,54.525,62.1509375,60.84859085
SDN,Sudan,2016,47.8,64.677,,46.16238022,41259892.0,Low income,,,41259892.0,,,,,36.24485458,14.025499265270911,0.7071067811865475,43.4,6.128621378417824,0.7179428664813212,64.44433333333335,0.26106767960307786,0.8912120681518352,58.29645347499999,15.28038645997581,,Normal,2023,,50042791.0,66.331,39.2,,,38.264299393,54.525,62.1509375,60.84859085
SDN,Sudan,2017,46.5,65.146,,48.97964096,42714306.0,Low income,,,42714306.0,,,,,36.489987815,17.663036866994776,0.7071067811865476,41.76666666666667,6.312157581471911,0.7498756601430691,65.02866666666667,0.2279064135414655,0.5148312042214068,51.7711792,,,Normal,2023,,50042791.0,66.331,39.2,,,38.264299393,54.525,62.1509375,60.84859085
SDN,Sudan,2017,46.5,65.146,,48.97964096,42714306.0,Low income,,,42714306.0,,,,,36.489987815,17.663036866994776,0.7071067811865476,41.76666666666667,6.312157581471911,0.7498756601430691,65.02866666666667,0.2279064135414655,0.5148312042214068,51.7711792,,,Normal,2023,,50042791.0,66.331,39.2,,,38.264299393,54.525,62.1509375,60.84859085
SDN,Sudan,2017,46.5,65.146,,48.97964096,42714306.0,Low income,,,42714306.0,,,,,36.489987815,17.663036866994776,0.7071067811865476,41.76666666666667,6.312157581471911,0.7498756601430691,65.02866666666667,0.2279064135414655,0.5148312042214068,51.7711792,,,Normal,2023,,50042791.0,66.331,39.2,,,38.264299393,54.525,62.1509375,60.84859085
SDN,Sudan,2017,46.5,65.146,,48.97964096,42714306.0,Low income,,,42714306.0,,,,,36.489987815,17.663036866994776,0.7071067811865476,41.76666666666667,6.312157581471911,0.7498756601430691,65.02866666666667,0.2279064135414655,0.5148312042214068,51.7711792,,,Normal,2023,,50042791.0,66.331,39.2,,,38.264299393,54.525,62.1509375,60.84859085
SDN,Sudan,2017,46.5,65.146,,48.97964096,42714306.0,Low income,,,42714306.0,,,,,36.489987815,17.663036866994776,0.7071067811865476,41.76666666666667,6.312157581471911,0.7498756601430691,65.02866666666667,0.2279064135414655,0.5148312042214068,51.7711792,,,Normal,2023,,50042791.0,66.331,39.2,,,38.264299393,54.525,62.1509375,60.84859085
SDN,Sudan,2017,46.5,65.146,,48.97964096,42714306.0,Low income,,,42714306.0,,,,,36.489987815,17.663036866994776,0.7071067811865476,41.76666666666667,6.312157581471911,0.7498756601430691,65.02866666666667,0.2279064135414655,0.5148312042214068,51.7711792,,,Normal,2023,,50042791.0,66.331,39.2,,,38.264299393,54.525,62.1509375,60.84859085
SDN,Sudan,2017,46.5,65.146,,48.97964096,42714306.0,Low income,,,42714306.0,,,,,36.489987815,17.663036866994776,0.7071067811865476,41.76666666666667,6.312157581471911,0.7498756601430691,65.02866666666667,0.2279064135414655,0.5148312042214068,51.7711792,,,Normal,2023,,50042791.0,66.331,39.2,,,38.264299393,54.525,62.1509375,60.84859085
SDN,Sudan,2017,46.5,65.146,,48.97964096,42714306.0,Low income,,,42714306.0,,,,,36.489987815,17.663036866994776,0.7071067811865476,41.76666666666667,6.312157581471911,0.7498756601430691,65.02866666666667,0.2279064135414655,0.5148312042214068,51.7711792,,,Normal,2023,,50042791.0,66.331,39.2,,,38.264299393,54.525,62.1509375,60.84859085
SDN,Sudan,2017,46.5,65.146,,48.97964096,42714306.0,Low income,,,42714306.0,,,,,36.489987815,17.663036866994776,0.7071067811865476,41.76666666666667,6.312157581471911,0.7498756601430691,65.02866666666667,0.2279064135414655,0.5148312042214068,51.7711792,,,Normal,2023,,50042791.0,66.331,39.2,,,38.264299393,54.525,62.1509375,60.84859085
SDN,Sudan,2017,46.5,65.146,,48.97964096,42714306.0,Low income,,,42714306.0,,,,,36.489987815,17.663036866994776,0.7071067811865476,41.76666666666667,6.312157581471911,0.7498756601430691,65.02866666666667,0.2279064135414655,0.5148312042214068,51.7711792,,,Normal,2023,,50042791.0,66.331,39.2,,,38.264299393,54.525,62.1509375,60.84859085
SDN,Sudan,2017,46.5,65.146,,48.97964096,42714306.0,Low income,,,42714306.0,,,,,36.489987815,17.663036866994776,0.7071067811865476,41.76666666666667,6.312157581471911,0.7498756601430691,65.02866666666667,0.2279064135414655,0.5148312042214068,51.7711792,,,Normal,2023,,50042791.0,66.331,39.2,,,38.264299393,54.525,62.1509375,60.84859085
SDN,Sudan,2017,46.5,65.146,,48.97964096,42714306.0,Low income,,,42714306.0,,,,,36.489987815,17.663036866994776,0.7071067811865476,41.76666666666667,6.312157581471911,0.7498756601430691,65.02866666666667,0.2279064135414655,0.5148312042214068,51.7711792,,,Normal,2023,,50042791.0,66.331,39.2,,,38.264299393,54.525,62.1509375,60.84859085
SDN,Sudan,2017,46.5,65.146,,48.97964096,42714306.0,Low income,,,42714306.0,,,,,36.489987815,17.663036866994776,0.7071067811865476,41.76666666666667,6.312157581471911,0.7498756601430691,65.02866666666667,0.2279064135414655,0.5148312042214068,51.7711792,,,Normal,2023,,50042791.0,66.331,39.2,,,38.264299393,54.525,62.1509375,60.84859085
SDN,Sudan,2017,46.5,65.146,,48.97964096,42714306.0,Low income,,,42714306.0,,,,,36.489987815,17.663036866994776,0.7071067811865476,41.76666666666667,6.312157581471911,0.7498756601430691,65.02866666666667,0.2279064135414655,0.5148312042214068,51.7711792,,,Normal,2023,,50042791.0,66.331,39.2,,,38.264299393,54.525,62.1509375,60.84859085
SDN,Sudan,2017,46.5,65.146,,48.97964096,42714306.0,Low income,,,42714306.0,,,,,36.489987815,17.663036866994776,0.7071067811865476,41.76666666666667,6.312157581471911,0.7498756601430691,65.02866666666667,0.2279064135414655,0.5148312042214068,51.7711792,,,Normal,2023,,50042791.0,66.331,39.2,,,38.264299393,54.525,62.1509375,60.84859085
SDN,Sudan,2017,46.5,65.146,,48.97964096,42714306.0,Low income,,,42714306.0,,,,,36.489987815,17.663036866994776,0.7071067811865476,41.76666666666667,6.312157581471911,0.7498756601430691,65.02866666666667,0.2279064135414655,0.5148312042214068,51.7711792,,,Normal,2023,,50042791.0,66.331,39.2,,,38.264299393,54.525,62.1509375,60.84859085
SDN,Sudan,2018,45.3,65.501,60.6971817,48.36204147,44230596.0,Low income,,,44230596.0,,,,,48.36204147,,,40.23333333333333,6.503332479070506,0.7790877496994937,65.51100000000001,0.2591447471973901,-0.038588472690083635,60.6971817,,,Normal,2023,,50042791.0,66.331,39.2,,,38.264299393,54.525,62.1509375,60.84859085
SDN,Sudan,2018,45.3,65.501,60.6971817,48.36204147,44230596.0,Low income,,,44230596.0,,,,,48.36204147,,,40.23333333333333,6.503332479070506,0.7790877496994937,65.51100000000001,0.2591447471973901,-0.038588472690083635,60.6971817,,,Normal,2023,,50042791.0,66.331,39.2,,,38.264299393,54.525,62.1509375,60.84859085
SDN,Sudan,2018,45.3,65.501,60.6971817,48.36204147,44230596.0,Low income,,,44230596.0,,,,,48.36204147,,,40.23333333333333,6.503332479070506,0.7790877496994937,65.51100000000001,0.2591447471973901,-0.038588472690083635,60.6971817,,,Normal,2023,,50042791.0,66.331,39.2,,,38.264299393,54.525,62.1509375,60.84859085
SDN,Sudan,2018,45.3,65.501,60.6971817,48.36204147,44230596.0,Low income,,,44230596.0,,,,,48.36204147,,,40.23333333333333,6.503332479070506,0.7790877496994937,65.51100000000001,0.2591447471973901,-0.038588472690083635,60.6971817,,,Normal,2023,,50042791.0,66.331,39.2,,,38.264299393,54.525,62.1509375,60.84859085
SDN,Sudan,2018,45.3,65.501,60.6971817,48.36204147,44230596.0,Low income,,,44230596.0,,,,,48.36204147,,,40.23333333333333,6.503332479070506,0.7790877496994937,65.51100000000001,0.2591447471973901,-0.038588472690083635,60.6971817,,,Normal,2023,,50042791.0,66.331,39.2,,,38.264299393,54.525,62.1509375,60.84859085
SDN,Sudan,2018,45.3,65.501,60.6971817,48.36204147,44230596.0,Low income,,,44230596.0,,,,,48.36204147,,,40.23333333333333,6.503332479070506,0.7790877496994937,65.51100000000001,0.2591447471973901,-0.038588472690083635,60.6971817,,,Normal,2023,,50042791.0,66.331,39.2,,,38.264299393,54.525,62.1509375,60.84859085
SDN,Sudan,2018,45.3,65.501,60.6971817,48.36204147,44230596.0,Low income,,,44230596.0,,,,,48.36204147,,,40.23333333333333,6.503332479070506,0.7790877496994937,65.51100000000001,0.2591447471973901,-0.038588472690083635,60.6971817,,,Normal,2023,,50042791.0,66.331,39.2,,,38.264299393,54.525,62.1509375,60.84859085
SDN,Sudan,2018,45.3,65.501,60.6971817,48.36204147,44230596.0,Low income,,,44230596.0,,,,,48.36204147,,,40.23333333333333,6.503332479070506,0.7790877496994937,65.51100000000001,0.2591447471973901,-0.038588472690083635,60.6971817,,,Normal,2023,,50042791.0,66.331,39.2,,,38.264299393,54.525,62.1509375,60.84859085
SDN,Sudan,2018,45.3,65.501,60.6971817,48.36204147,44230596.0,Low income,,,44230596.0,,,,,48.36204147,,,40.23333333333333,6.503332479070506,0.7790877496994937,65.51100000000001,0.2591447471973901,-0.038588472690083635,60.6971817,,,Normal,2023,,50042791.0,66.331,39.2,,,38.264299393,54.525,62.1509375,60.84859085
SDN,Sudan,2018,45.3,65.501,60.6971817,48.36204147,44230596.0,Low income,,,44230596.0,,,,,48.36204147,,,40.23333333333333,6.503332479070506,0.7790877496994937,65.51100000000001,0.2591447471973901,-0.038588472690083635,60.6971817,,,Normal,2023,,50042791.0,66.331,39.2,,,38.264299393,54.525,62.1509375,60.84859085
SDN,Sudan,2018,45.3,65.501,60.6971817,48.36204147,44230596.0,Low income,,,44230596.0,,,,,48.36204147,,,40.23333333333333,6.503332479070506,0.7790877496994937,65.51100000000001,0.2591447471973901,-0.038588472690083635,60.6971817,,,Normal,2023,,50042791.0,66.331,39.2,,,38.264299393,54.525,62.1509375,60.84859085
SDN,Sudan,2018,45.3,65.501,60.6971817,48.36204147,44230596.0,Low income,,,44230596.0,,,,,48.36204147,,,40.23333333333333,6.503332479070506,0.7790877496994937,65.51100000000001,0.2591447471973901,-0.038588472690083635,60.6971817,,,Normal,2023,,50042791.0,66.331,39.2,,,38.264299393,54.525,62.1509375,60.84859085
SDN,Sudan,2018,45.3,65.501,60.6971817,48.36204147,44230596.0,Low income,,,44230596.0,,,,,48.36204147,,,40.23333333333333,6.503332479070506,0.7790877496994937,65.51100000000001,0.2591447471973901,-0.038588472690083635,60.6971817,,,Normal,2023,,50042791.0,66.331,39.2,,,38.264299393,54.525,62.1509375,60.84859085
SDN,Sudan,2018,45.3,65.501,60.6971817,48.36204147,44230596.0,Low income,,,44230596.0,,,,,48.36204147,,,40.23333333333333,6.503332479070506,0.7790877496994937,65.51100000000001,0.2591447471973901,-0.038588472690083635,60.6971817,,,Normal,2023,,50042791.0,66.331,39.2,,,38.264299393,54.525,62.1509375,60.84859085
SDN,Sudan,2018,45.3,65.501,60.6971817,48.36204147,44230596.0,Low income,,,44230596.0,,,,,48.36204147,,,40.23333333333333,6.503332479070506,0.7790877496994937,65.51100000000001,0.2591447471973901,-0.038588472690083635,60.6971817,,,Normal,2023,,50042791.0,66.331,39.2,,,38.264299393,54.525,62.1509375,60.84859085
SDN,Sudan,2018,45.3,65.501,60.6971817,48.36204147,44230596.0,Low income,,,44230596.0,,,,,48.36204147,,,40.23333333333333,6.503332479070506,0.7790877496994937,65.51100000000001,0.2591447471973901,-0.038588472690083635,60.6971817,,,Normal,2023,,50042791.0,66.331,39.2,,,38.264299393,54.525,62.1509375,60.84859085
SDN,Sudan,2019,44.0,65.803,,,45548175.0,Low income,,,45548175.0,,60.6971817,,,,,,38.9,6.413267497929585,0.7952264585324798,65.966,0.33744481030237106,-0.4830419524127184,,,,Normal,2023,,50042791.0,66.331,39.2,,,38.264299393,54.525,62.1509375,60.84859085
SDN,Sudan,2019,44.0,65.803,,,45548175.0,Low income,,,45548175.0,,60.6971817,,,,,,38.9,6.413267497929585,0.7952264585324798,65.966,0.33744481030237106,-0.4830419524127184,,,,Normal,2023,,50042791.0,66.331,39.2,,,38.264299393,54.525,62.1509375,60.84859085
SDN,Sudan,2019,44.0,65.803,,,45548175.0,Low income,,,45548175.0,,60.6971817,,,,,,38.9,6.413267497929585,0.7952264585324798,65.966,0.33744481030237106,-0.4830419524127184,,,,Normal,2023,,50042791.0,66.331,39.2,,,38.264299393,54.525,62.1509375,60.84859085
SDN,Sudan,2019,44.0,65.803,,,45548175.0,Low income,,,45548175.0,,60.6971817,,,,,,38.9,6.413267497929585,0.7952264585324798,65.966,0.33744481030237106,-0.4830419524127184,,,,Normal,2023,,50042791.0,66.331,39.2,,,38.264299393,54.525,62.1509375,60.84859085
SDN,Sudan,2019,44.0,65.803,,,45548175.0,Low income,,,45548175.0,,60.6971817,,,,,,38.9,6.413267497929585,0.7952264585324798,65.966,0.33744481030237106,-0.4830419524127184,,,,Normal,2023,,50042791.0,66.331,39.2,,,38.264299393,54.525,62.1509375,60.84859085
SDN,Sudan,2019,44.0,65.803,,,45548175.0,Low income,,,45548175.0,,60.6971817,,,,,,38.9,6.413267497929585,0.7952264585324798,65.966,0.33744481030237106,-0.4830419524127184,,,,Normal,2023,,50042791.0,66.331,39.2,,,38.264299393,54.525,62.1509375,60.84859085
SDN,Sudan,2019,44.0,65.803,,,45548175.0,Low income,,,45548175.0,,60.6971817,,,,,,38.9,6.413267497929585,0.7952264585324798,65.966,0.33744481030237106,-0.4830419524127184,,,,Normal,2023,,50042791.0,66.331,39.2,,,38.264299393,54.525,62.1509375,60.84859085
SDN,Sudan,2019,44.0,65.803,,,45548175.0,Low income,,,45548175.0,,60.6971817,,,,,,38.9,6.413267497929585,0.7952264585324798,65.966,0.33744481030237106,-0.4830419524127184,,,,Normal,2023,,50042791.0,66.331,39.2,,,38.264299393,54.525,62.1509375,60.84859085
SDN,Sudan,2019,44.0,65.803,,,45548175.0,Low income,,,45548175.0,,60.6971817,,,,,,38.9,6.413267497929585,0.7952264585324798,65.966,0.33744481030237106,-0.4830419524127184,,,,Normal,2023,,50042791.0,66.331,39.2,,,38.264299393,54.525,62.1509375,60.84859085
SDN,Sudan,2019,44.0,65.803,,,45548175.0,Low income,,,45548175.0,,60.6971817,,,,,,38.9,6.413267497929585,0.7952264585324798,65.966,0.33744481030237106,-0.4830419524127184,,,,Normal,2023,,50042791.0,66.331,39.2,,,38.264299393,54.525,62.1509375,60.84859085
SDN,Sudan,2019,44.0,65.803,,,45548175.0,Low income,,,45548175.0,,60.6971817,,,,,,38.9,6.413267497929585,0.7952264585324798,65.966,0.33744481030237106,-0.4830419524127184,,,,Normal,2023,,50042791.0,66.331,39.2,,,38.264299393,54.525,62.1509375,60.84859085
SDN,Sudan,2019,44.0,65.803,,,45548175.0,Low income,,,45548175.0,,60.6971817,,,,,,38.9,6.413267497929585,0.7952264585324798,65.966,0.33744481030237106,-0.4830419524127184,,,,Normal,2023,,50042791.0,66.331,39.2,,,38.264299393,54.525,62.1509375,60.84859085
SDN,Sudan,2019,44.0,65.803,,,45548175.0,Low income,,,45548175.0,,60.6971817,,,,,,38.9,6.413267497929585,0.7952264585324798,65.966,0.33744481030237106,-0.4830419524127184,,,,Normal,2023,,50042791.0,66.331,39.2,,,38.264299393,54.525,62.1509375,60.84859085
SDN,Sudan,2019,44.0,65.803,,,45548175.0,Low income,,,45548175.0,,60.6971817,,,,,,38.9,6.413267497929585,0.7952264585324798,65.966,0.33744481030237106,-0.4830419524127184,,,,Normal,2023,,50042791.0,66.331,39.2,,,38.264299393,54.525,62.1509375,60.84859085
SDN,Sudan,2019,44.0,65.803,,,45548175.0,Low income,,,45548175.0,,60.6971817,,,,,,38.9,6.413267497929585,0.7952264585324798,65.966,0.33744481030237106,-0.4830419524127184,,,,Normal,2023,,50042791.0,66.331,39.2,,,38.264299393,54.525,62.1509375,60.84859085
SDN,Sudan,2019,44.0,65.803,,,45548175.0,Low income,,,45548175.0,,60.6971817,,,,,,38.9,6.413267497929585,0.7952264585324798,65.966,0.33744481030237106,-0.4830419524127184,,,,Normal,2023,,50042791.0,66.331,39.2,,,38.264299393,54.525,62.1509375,60.84859085
SDN,Sudan,2020,42.8,65.124,,,46789231.0,Low income,,,46789231.0,,,60.6971817,,,,,37.666666666666664,6.3256093250637395,0.811516024708277,65.83433333333333,0.6534908823643463,-1.086982775893268,,,,Normal,2023,,50042791.0,66.331,39.2,,,38.264299393,54.525,62.1509375,60.84859085
SDN,Sudan,2020,42.8,65.124,,,46789231.0,Low income,,,46789231.0,,,60.6971817,,,,,37.666666666666664,6.3256093250637395,0.811516024708277,65.83433333333333,0.6534908823643463,-1.086982775893268,,,,Normal,2023,,50042791.0,66.331,39.2,,,38.264299393,54.525,62.1509375,60.84859085
SDN,Sudan,2020,42.8,65.124,,,46789231.0,Low income,,,46789231.0,,,60.6971817,,,,,37.666666666666664,6.3256093250637395,0.811516024708277,65.83433333333333,0.6534908823643463,-1.086982775893268,,,,Normal,2023,,50042791.0,66.331,39.2,,,38.264299393,54.525,62.1509375,60.84859085
SDN,Sudan,2020,42.8,65.124,,,46789231.0,Low income,,,46789231.0,,,60.6971817,,,,,37.666666666666664,6.3256093250637395,0.811516024708277,65.83433333333333,0.6534908823643463,-1.086982775893268,,,,Normal,2023,,50042791.0,66.331,39.2,,,38.264299393,54.525,62.1509375,60.84859085
SDN,Sudan,2020,42.8,65.124,,,46789231.0,Low income,,,46789231.0,,,60.6971817,,,,,37.666666666666664,6.3256093250637395,0.811516024708277,65.83433333333333,0.6534908823643463,-1.086982775893268,,,,Normal,2023,,50042791.0,66.331,39.2,,,38.264299393,54.525,62.1509375,60.84859085
SDN,Sudan,2020,42.8,65.124,,,46789231.0,Low income,,,46789231.0,,,60.6971817,,,,,37.666666666666664,6.3256093250637395,0.811516024708277,65.83433333333333,0.6534908823643463,-1.086982775893268,,,,Normal,2023,,50042791.0,66.331,39.2,,,38.264299393,54.525,62.1509375,60.84859085
SDN,Sudan,2020,42.8,65.124,,,46789231.0,Low income,,,46789231.0,,,60.6971817,,,,,37.666666666666664,6.3256093250637395,0.811516024708277,65.83433333333333,0.6534908823643463,-1.086982775893268,,,,Normal,2023,,50042791.0,66.331,39.2,,,38.264299393,54.525,62.1509375,60.84859085
SDN,Sudan,2020,42.8,65.124,,,46789231.0,Low income,,,46789231.0,,,60.6971817,,,,,37.666666666666664,6.3256093250637395,0.811516024708277,65.83433333333333,0.6534908823643463,-1.086982775893268,,,,Normal,2023,,50042791.0,66.331,39.2,,,38.264299393,54.525,62.1509375,60.84859085
SDN,Sudan,2020,42.8,65.124,,,46789231.0,Low income,,,46789231.0,,,60.6971817,,,,,37.666666666666664,6.3256093250637395,0.811516024708277,65.83433333333333,0.6534908823643463,-1.086982775893268,,,,Normal,2023,,50042791.0,66.331,39.2,,,38.264299393,54.525,62.1509375,60.84859085
SDN,Sudan,2020,42.8,65.124,,,46789231.0,Low income,,,46789231.0,,,60.6971817,,,,,37.666666666666664,6.3256093250637395,0.811516024708277,65.83433333333333,0.6534908823643463,-1.086982775893268,,,,Normal,2023,,50042791.0,66.331,39.2,,,38.264299393,54.525,62.1509375,60.84859085
SDN,Sudan,2020,42.8,65.124,,,46789231.0,Low income,,,46789231.0,,,60.6971817,,,,,37.666666666666664,6.3256093250637395,0.811516024708277,65.83433333333333,0.6534908823643463,-1.086982775893268,,,,Normal,2023,,50042791.0,66.331,39.2,,,38.264299393,54.525,62.1509375,60.84859085
SDN,Sudan,2020,42.8,65.124,,,46789231.0,Low income,,,46789231.0,,,60.6971817,,,,,37.666666666666664,6.3256093250637395,0.811516024708277,65.83433333333333,0.6534908823643463,-1.086982775893268,,,,Normal,2023,,50042791.0,66.331,39.2,,,38.264299393,54.525,62.1509375,60.84859085
SDN,Sudan,2020,42.8,65.124,,,46789231.0,Low income,,,46789231.0,,,60.6971817,,,,,37.666666666666664,6.3256093250637395,0.811516024708277,65.83433333333333,0.6534908823643463,-1.086982775893268,,,,Normal,2023,,50042791.0,66.331,39.2,,,38.264299393,54.525,62.1509375,60.84859085
SDN,Sudan,2020,42.8,65.124,,,46789231.0,Low income,,,46789231.0,,,60.6971817,,,,,37.666666666666664,6.3256093250637395,0.811516024708277,65.83433333333333,0.6534908823643463,-1.086982775893268,,,,Normal,2023,,50042791.0,66.331,39.2,,,38.264299393,54.525,62.1509375,60.84859085
SDN,Sudan,2020,42.8,65.124,,,46789231.0,Low income,,,46789231.0,,,60.6971817,,,,,37.666666666666664,6.3256093250637395,0.811516024708277,65.83433333333333,0.6534908823643463,-1.086982775893268,,,,Normal,2023,,50042791.0,66.331,39.2,,,38.264299393,54.525,62.1509375,60.84859085
SDN,Sudan,2020,42.8,65.124,,,46789231.0,Low income,,,46789231.0,,,60.6971817,,,,,37.666666666666664,6.3256093250637395,0.811516024708277,65.83433333333333,0.6534908823643463,-1.086982775893268,,,,Normal,2023,,50042791.0,66.331,39.2,,,38.264299393,54.525,62.1509375,60.84859085
SDN,Sudan,2021,41.6,64.46,,,48066924.0,Low income,,,48066924.0,,,,60.6971817,,,,36.46666666666667,6.254864773385061,0.8206945344647686,65.41333333333334,0.997613819738553,-0.9556135996423843,,,,Normal,2023,,50042791.0,66.331,39.2,,,38.264299393,54.525,62.1509375,60.84859085
SDN,Sudan,2021,41.6,64.46,,,48066924.0,Low income,,,48066924.0,,,,60.6971817,,,,36.46666666666667,6.254864773385061,0.8206945344647686,65.41333333333334,0.997613819738553,-0.9556135996423843,,,,Normal,2023,,50042791.0,66.331,39.2,,,38.264299393,54.525,62.1509375,60.84859085
SDN,Sudan,2021,41.6,64.46,,,48066924.0,Low income,,,48066924.0,,,,60.6971817,,,,36.46666666666667,6.254864773385061,0.8206945344647686,65.41333333333334,0.997613819738553,-0.9556135996423843,,,,Normal,2023,,50042791.0,66.331,39.2,,,38.264299393,54.525,62.1509375,60.84859085
SDN,Sudan,2021,41.6,64.46,,,48066924.0,Low income,,,48066924.0,,,,60.6971817,,,,36.46666666666667,6.254864773385061,0.8206945344647686,65.41333333333334,0.997613819738553,-0.9556135996423843,,,,Normal,2023,,50042791.0,66.331,39.2,,,38.264299393,54.525,62.1509375,60.84859085
SDN,Sudan,2021,41.6,64.46,,,48066924.0,Low income,,,48066924.0,,,,60.6971817,,,,36.46666666666667,6.254864773385061,0.8206945344647686,65.41333333333334,0.997613819738553,-0.9556135996423843,,,,Normal,2023,,50042791.0,66.331,39.2,,,38.264299393,54.525,62.1509375,60.84859085
SDN,Sudan,2021,41.6,64.46,,,48066924.0,Low income,,,48066924.0,,,,60.6971817,,,,36.46666666666667,6.254864773385061,0.8206945344647686,65.41333333333334,0.997613819738553,-0.9556135996423843,,,,Normal,2023,,50042791.0,66.331,39.2,,,38.264299393,54.525,62.1509375,60.84859085
SDN,Sudan,2021,41.6,64.46,,,48066924.0,Low income,,,48066924.0,,,,60.6971817,,,,36.46666666666667,6.254864773385061,0.8206945344647686,65.41333333333334,0.997613819738553,-0.9556135996423843,,,,Normal,2023,,50042791.0,66.331,39.2,,,38.264299393,54.525,62.1509375,60.84859085
SDN,Sudan,2021,41.6,64.46,,,48066924.0,Low income,,,48066924.0,,,,60.6971817,,,,36.46666666666667,6.254864773385061,0.8206945344647686,65.41333333333334,0.997613819738553,-0.9556135996423843,,,,Normal,2023,,50042791.0,66.331,39.2,,,38.264299393,54.525,62.1509375,60.84859085
SDN,Sudan,2021,41.6,64.46,,,48066924.0,Low income,,,48066924.0,,,,60.6971817,,,,36.46666666666667,6.254864773385061,0.8206945344647686,65.41333333333334,0.997613819738553,-0.9556135996423843,,,,Normal,2023,,50042791.0,66.331,39.2,,,38.264299393,54.525,62.1509375,60.84859085
SDN,Sudan,2021,41.6,64.46,,,48066924.0,Low income,,,48066924.0,,,,60.6971817,,,,36.46666666666667,6.254864773385061,0.8206945344647686,65.41333333333334,0.997613819738553,-0.9556135996423843,,,,Normal,2023,,50042791.0,66.331,39.2,,,38.264299393,54.525,62.1509375,60.84859085
SDN,Sudan,2021,41.6,64.46,,,48066924.0,Low income,,,48066924.0,,,,60.6971817,,,,36.46666666666667,6.254864773385061,0.8206945344647686,65.41333333333334,0.997613819738553,-0.9556135996423843,,,,Normal,2023,,50042791.0,66.331,39.2,,,38.264299393,54.525,62.1509375,60.84859085
SDN,Sudan,2021,41.6,64.46,,,48066924.0,Low income,,,48066924.0,,,,60.6971817,,,,36.46666666666667,6.254864773385061,0.8206945344647686,65.41333333333334,0.997613819738553,-0.9556135996423843,,,,Normal,2023,,50042791.0,66.331,39.2,,,38.264299393,54.525,62.1509375,60.84859085
SDN,Sudan,2021,41.6,64.46,,,48066924.0,Low income,,,48066924.0,,,,60.6971817,,,,36.46666666666667,6.254864773385061,0.8206945344647686,65.41333333333334,0.997613819738553,-0.9556135996423843,,,,Normal,2023,,50042791.0,66.331,39.2,,,38.264299393,54.525,62.1509375,60.84859085
SDN,Sudan,2021,41.6,64.46,,,48066924.0,Low income,,,48066924.0,,,,60.6971817,,,,36.46666666666667,6.254864773385061,0.8206945344647686,65.41333333333334,0.997613819738553,-0.9556135996423843,,,,Normal,2023,,50042791.0,66.331,39.2,,,38.264299393,54.525,62.1509375,60.84859085
SDN,Sudan,2021,41.6,64.46,,,48066924.0,Low income,,,48066924.0,,,,60.6971817,,,,36.46666666666667,6.254864773385061,0.8206945344647686,65.41333333333334,0.997613819738553,-0.9556135996423843,,,,Normal,2023,,50042791.0,66.331,39.2,,,38.264299393,54.525,62.1509375,60.84859085
SDN,Sudan,2021,41.6,64.46,,,48066924.0,Low income,,,48066924.0,,,,60.6971817,,,,36.46666666666667,6.254864773385061,0.8206945344647686,65.41333333333334,0.997613819738553,-0.9556135996423843,,,,Normal,2023,,50042791.0,66.331,39.2,,,38.264299393,54.525,62.1509375,60.84859085
SDN,Sudan,2022,40.3,65.695,,,49383346.0,Low income,,,49383346.0,,,,,,,,35.333333333333336,5.976899976855336,0.8309770425972237,66.75566666666667,0.9975376350460889,-1.0632848620470055,80.58999634,,,Normal,2023,,50042791.0,66.331,39.2,,,38.264299393,54.525,62.1509375,60.84859085
SDN,Sudan,2022,40.3,65.695,,,49383346.0,Low income,,,49383346.0,,,,,,,,35.333333333333336,5.976899976855336,0.8309770425972237,66.75566666666667,0.9975376350460889,-1.0632848620470055,80.58999634,,,Normal,2023,,50042791.0,66.331,39.2,,,38.264299393,54.525,62.1509375,60.84859085
SDN,Sudan,2022,40.3,65.695,,,49383346.0,Low income,,,49383346.0,,,,,,,,35.333333333333336,5.976899976855336,0.8309770425972237,66.75566666666667,0.9975376350460889,-1.0632848620470055,80.58999634,,,Normal,2023,,50042791.0,66.331,39.2,,,38.264299393,54.525,62.1509375,60.84859085
SDN,Sudan,2022,40.3,65.695,,,49383346.0,Low income,,,49383346.0,,,,,,,,35.333333333333336,5.976899976855336,0.8309770425972237,66.75566666666667,0.9975376350460889,-1.0632848620470055,80.58999634,,,Normal,2023,,50042791.0,66.331,39.2,,,38.264299393,54.525,62.1509375,60.84859085
SDN,Sudan,2022,40.3,65.695,,,49383346.0,Low income,,,49383346.0,,,,,,,,35.333333333333336,5.976899976855336,0.8309770425972237,66.75566666666667,0.9975376350460889,-1.0632848620470055,80.58999634,,,Normal,2023,,50042791.0,66.331,39.2,,,38.264299393,54.525,62.1509375,60.84859085
SDN,Sudan,2022,40.3,65.695,,,49383346.0,Low income,,,49383346.0,,,,,,,,35.333333333333336,5.976899976855336,0.8309770425972237,66.75566666666667,0.9975376350460889,-1.0632848620470055,80.58999634,,,Normal,2023,,50042791.0,66.331,39.2,,,38.264299393,54.525,62.1509375,60.84859085
SDN,Sudan,2022,40.3,65.695,,,49383346.0,Low income,,,49383346.0,,,,,,,,35.333333333333336,5.976899976855336,0.8309770425972237,66.75566666666667,0.9975376350460889,-1.0632848620470055,80.58999634,,,Normal,2023,,50042791.0,66.331,39.2,,,38.264299393,54.525,62.1509375,60.84859085
SDN,Sudan,2022,40.3,65.695,,,49383346.0,Low income,,,49383346.0,,,,,,,,35.333333333333336,5.976899976855336,0.8309770425972237,66.75566666666667,0.9975376350460889,-1.0632848620470055,80.58999634,,,Normal,2023,,50042791.0,66.331,39.2,,,38.264299393,54.525,62.1509375,60.84859085
SDN,Sudan,2022,40.3,65.695,,,49383346.0,Low income,,,49383346.0,,,,,,,,35.333333333333336,5.976899976855336,0.8309770425972237,66.75566666666667,0.9975376350460889,-1.0632848620470055,80.58999634,,,Normal,2023,,50042791.0,66.331,39.2,,,38.264299393,54.525,62.1509375,60.84859085
SDN,Sudan,2022,40.3,65.695,,,49383346.0,Low income,,,49383346.0,,,,,,,,35.333333333333336,5.976899976855336,0.8309770425972237,66.75566666666667,0.9975376350460889,-1.0632848620470055,80.58999634,,,Normal,2023,,50042791.0,66.331,39.2,,,38.264299393,54.525,62.1509375,60.84859085
SDN,Sudan,2022,40.3,65.695,,,49383346.0,Low income,,,49383346.0,,,,,,,,35.333333333333336,5.976899976855336,0.8309770425972237,66.75566666666667,0.9975376350460889,-1.0632848620470055,80.58999634,,,Normal,2023,,50042791.0,66.331,39.2,,,38.264299393,54.525,62.1509375,60.84859085
SDN,Sudan,2022,40.3,65.695,,,49383346.0,Low income,,,49383346.0,,,,,,,,35.333333333333336,5.976899976855336,0.8309770425972237,66.75566666666667,0.9975376350460889,-1.0632848620470055,80.58999634,,,Normal,2023,,50042791.0,66.331,39.2,,,38.264299393,54.525,62.1509375,60.84859085
SDN,Sudan,2022,40.3,65.695,,,49383346.0,Low income,,,49383346.0,,,,,,,,35.333333333333336,5.976899976855336,0.8309770425972237,66.75566666666667,0.9975376350460889,-1.0632848620470055,80.58999634,,,Normal,2023,,50042791.0,66.331,39.2,,,38.264299393,54.525,62.1509375,60.84859085
SDN,Sudan,2022,40.3,65.695,,,49383346.0,Low income,,,49383346.0,,,,,,,,35.333333333333336,5.976899976855336,0.8309770425972237,66.75566666666667,0.9975376350460889,-1.0632848620470055,80.58999634,,,Normal,2023,,50042791.0,66.331,39.2,,,38.264299393,54.525,62.1509375,60.84859085
SDN,Sudan,2022,40.3,65.695,,,49383346.0,Low income,,,49383346.0,,,,,,,,35.333333333333336,5.976899976855336,0.8309770425972237,66.75566666666667,0.9975376350460889,-1.0632848620470055,80.58999634,,,Normal,2023,,50042791.0,66.331,39.2,,,38.264299393,54.525,62.1509375,60.84859085
SDN,Sudan,2022,40.3,65.695,,,49383346.0,Low income,,,49383346.0,,,,,,,,35.333333333333336,5.976899976855336,0.8309770425972237,66.75566666666667,0.9975376350460889,-1.0632848620470055,80.58999634,,,Normal,2023,,50042791.0,66.331,39.2,,,38.264299393,54.525,62.1509375,60.84859085
SDN,Sudan,2023,39.2,66.331,,,50042791.0,Low income,,,50042791.0,,,,,,,,34.166666666666664,5.950070027599117,0.845928419327245,67.29933333333334,0.9605958220465685,-1.008054908327917,,,,Normal,2023,,50042791.0,66.331,39.2,,,38.264299393,54.525,62.1509375,60.84859085
SDN,Sudan,2023,39.2,66.331,,,50042791.0,Low income,,,50042791.0,,,,,,,,34.166666666666664,5.950070027599117,0.845928419327245,67.29933333333334,0.9605958220465685,-1.008054908327917,,,,Normal,2023,,50042791.0,66.331,39.2,,,38.264299393,54.525,62.1509375,60.84859085
SDN,Sudan,2023,39.2,66.331,,,50042791.0,Low income,,,50042791.0,,,,,,,,34.166666666666664,5.950070027599117,0.845928419327245,67.29933333333334,0.9605958220465685,-1.008054908327917,,,,Normal,2023,,50042791.0,66.331,39.2,,,38.264299393,54.525,62.1509375,60.84859085
SDN,Sudan,2023,39.2,66.331,,,50042791.0,Low income,,,50042791.0,,,,,,,,34.166666666666664,5.950070027599117,0.845928419327245,67.29933333333334,0.9605958220465685,-1.008054908327917,,,,Normal,2023,,50042791.0,66.331,39.2,,,38.264299393,54.525,62.1509375,60.84859085
SDN,Sudan,2023,39.2,66.331,,,50042791.0,Low income,,,50042791.0,,,,,,,,34.166666666666664,5.950070027599117,0.845928419327245,67.29933333333334,0.9605958220465685,-1.008054908327917,,,,Normal,2023,,50042791.0,66.331,39.2,,,38.264299393,54.525,62.1509375,60.84859085
SDN,Sudan,2023,39.2,66.331,,,50042791.0,Low income,,,50042791.0,,,,,,,,34.166666666666664,5.950070027599117,0.845928419327245,67.29933333333334,0.9605958220465685,-1.008054908327917,,,,Normal,2023,,50042791.0,66.331,39.2,,,38.264299393,54.525,62.1509375,60.84859085
SDN,Sudan,2023,39.2,66.331,,,50042791.0,Low income,,,50042791.0,,,,,,,,34.166666666666664,5.950070027599117,0.845928419327245,67.29933333333334,0.9605958220465685,-1.008054908327917,,,,Normal,2023,,50042791.0,66.331,39.2,,,38.264299393,54.525,62.1509375,60.84859085
SDN,Sudan,2023,39.2,66.331,,,50042791.0,Low income,,,50042791.0,,,,,,,,34.166666666666664,5.950070027599117,0.845928419327245,67.29933333333334,0.9605958220465685,-1.008054908327917,,,,Normal,2023,,50042791.0,66.331,39.2,,,38.264299393,54.525,62.1509375,60.84859085
SDN,Sudan,2023,39.2,66.331,,,50042791.0,Low income,,,50042791.0,,,,,,,,34.166666666666664,5.950070027599117,0.845928419327245,67.29933333333334,0.9605958220465685,-1.008054908327917,,,,Normal,2023,,50042791.0,66.331,39.2,,,38.264299393,54.525,62.1509375,60.84859085
SDN,Sudan,2023,39.2,66.331,,,50042791.0,Low income,,,50042791.0,,,,,,,,34.166666666666664,5.950070027599117,0.845928419327245,67.29933333333334,0.9605958220465685,-1.008054908327917,,,,Normal,2023,,50042791.0,66.331,39.2,,,38.264299393,54.525,62.1509375,60.84859085
SDN,Sudan,2023,39.2,66.331,,,50042791.0,Low income,,,50042791.0,,,,,,,,34.166666666666664,5.950070027599117,0.845928419327245,67.29933333333334,0.9605958220465685,-1.008054908327917,,,,Normal,2023,,50042791.0,66.331,39.2,,,38.264299393,54.525,62.1509375,60.84859085
SDN,Sudan,2023,39.2,66.331,,,50042791.0,Low income,,,50042791.0,,,,,,,,34.166666666666664,5.950070027599117,0.845928419327245,67.29933333333334,0.9605958220465685,-1.008054908327917,,,,Normal,2023,,50042791.0,66.331,39.2,,,38.264299393,54.525,62.1509375,60.84859085
SDN,Sudan,2023,39.2,66.331,,,50042791.0,Low income,,,50042791.0,,,,,,,,34.166666666666664,5.950070027599117,0.845928419327245,67.29933333333334,0.9605958220465685,-1.008054908327917,,,,Normal,2023,,50042791.0,66.331,39.2,,,38.264299393,54.525,62.1509375,60.84859085
SDN,Sudan,2023,39.2,66.331,,,50042791.0,Low income,,,50042791.0,,,,,,,,34.166666666666664,5.950070027599117,0.845928419327245,67.29933333333334,0.9605958220465685,-1.008054908327917,,,,Normal,2023,,50042791.0,66.331,39.2,,,38.264299393,54.525,62.1509375,60.84859085
SDN,Sudan,2023,39.2,66.331,,,50042791.0,Low income,,,50042791.0,,,,,,,,34.166666666666664,5.950070027599117,0.845928419327245,67.29933333333334,0.9605958220465685,-1.008054908327917,,,,Normal,2023,,50042791.0,66.331,39.2,,,38.264299393,54.525,62.1509375,60.84859085
SDN,Sudan,2023,39.2,66.331,,,50042791.0,Low income,,,50042791.0,,,,,,,,34.166666666666664,5.950070027599117,0.845928419327245,67.29933333333334,0.9605958220465685,-1.008054908327917,,,,Normal,2023,,50042791.0,66.331,39.2,,,38.264299393,54.525,62.1509375,60.84859085
UGA,Uganda,2000,89.8,49.64,,,24000150.0,Low income,,,24000150.0,,,,,13.98243046,,,84.26666666666667,11.724049357339528,0.4719643499171501,53.15533333333334,5.053045154491826,-0.6956861112172008,61.0,,,Normal,2023,,48656601.0,68.252,27.6,,,23.30395608,52.8625,59.7905,72.172828675
UGA,Uganda,2000,89.8,49.64,,,24000150.0,Low income,,,24000150.0,,,,,13.98243046,,,84.26666666666667,11.724049357339528,0.4719643499171501,53.15533333333334,5.053045154491826,-0.6956861112172008,61.0,,,Normal,2023,,48656601.0,68.252,27.6,,,23.30395608,52.8625,59.7905,72.172828675
UGA,Uganda,2000,89.8,49.64,,,24000150.0,Low income,,,24000150.0,,,,,13.98243046,,,84.26666666666667,11.724049357339528,0.4719643499171501,53.15533333333334,5.053045154491826,-0.6956861112172008,61.0,,,Normal,2023,,48656601.0,68.252,27.6,,,23.30395608,52.8625,59.7905,72.172828675
UGA,Uganda,2000,89.8,49.64,,,24000150.0,Low income,,,24000150.0,,,,,13.98243046,,,84.26666666666667,11.724049357339528,0.4719643499171501,53.15533333333334,5.053045154491826,-0.6956861112172008,61.0,,,Normal,2023,,48656601.0,68.252,27.6,,,23.30395608,52.8625,59.7905,72.172828675
UGA,Uganda,2000,89.8,49.64,,,24000150.0,Low income,,,24000150.0,,,,,13.98243046,,,84.26666666666667,11.724049357339528,0.4719643499171501,53.15533333333334,5.053045154491826,-0.6956861112172008,61.0,,,Normal,2023,,48656601.0,68.252,27.6,,,23.30395608,52.8625,59.7905,72.172828675
UGA,Uganda,2000,89.8,49.64,,,24000150.0,Low income,,,24000150.0,,,,,13.98243046,,,84.26666666666667,11.724049357339528,0.4719643499171501,53.15533333333334,5.053045154491826,-0.6956861112172008,61.0,,,Normal,2023,,48656601.0,68.252,27.6,,,23.30395608,52.8625,59.7905,72.172828675
UGA,Uganda,2000,89.8,49.64,,,24000150.0,Low income,,,24000150.0,,,,,13.98243046,,,84.26666666666667,11.724049357339528,0.4719643499171501,53.15533333333334,5.053045154491826,-0.6956861112172008,61.0,,,Normal,2023,,48656601.0,68.252,27.6,,,23.30395608,52.8625,59.7905,72.172828675
UGA,Uganda,2000,89.8,49.64,,,24000150.0,Low income,,,24000150.0,,,,,13.98243046,,,84.26666666666667,11.724049357339528,0.4719643499171501,53.15533333333334,5.053045154491826,-0.6956861112172008,61.0,,,Normal,2023,,48656601.0,68.252,27.6,,,23.30395608,52.8625,59.7905,72.172828675
UGA,Uganda,2000,89.8,49.64,,,24000150.0,Low income,,,24000150.0,,,,,13.98243046,,,84.26666666666667,11.724049357339528,0.4719643499171501,53.15533333333334,5.053045154491826,-0.6956861112172008,61.0,,,Normal,2023,,48656601.0,68.252,27.6,,,23.30395608,52.8625,59.7905,72.172828675
UGA,Uganda,2000,89.8,49.64,,,24000150.0,Low income,,,24000150.0,,,,,13.98243046,,,84.26666666666667,11.724049357339528,0.4719643499171501,53.15533333333334,5.053045154491826,-0.6956861112172008,61.0,,,Normal,2023,,48656601.0,68.252,27.6,,,23.30395608,52.8625,59.7905,72.172828675
UGA,Uganda,2000,89.8,49.64,,,24000150.0,Low income,,,24000150.0,,,,,13.98243046,,,84.26666666666667,11.724049357339528,0.4719643499171501,53.15533333333334,5.053045154491826,-0.6956861112172008,61.0,,,Normal,2023,,48656601.0,68.252,27.6,,,23.30395608,52.8625,59.7905,72.172828675
UGA,Uganda,2000,89.8,49.64,,,24000150.0,Low income,,,24000150.0,,,,,13.98243046,,,84.26666666666667,11.724049357339528,0.4719643499171501,53.15533333333334,5.053045154491826,-0.6956861112172008,61.0,,,Normal,2023,,48656601.0,68.252,27.6,,,23.30395608,52.8625,59.7905,72.172828675
UGA,Uganda,2000,89.8,49.64,,,24000150.0,Low income,,,24000150.0,,,,,13.98243046,,,84.26666666666667,11.724049357339528,0.4719643499171501,53.15533333333334,5.053045154491826,-0.6956861112172008,61.0,,,Normal,2023,,48656601.0,68.252,27.6,,,23.30395608,52.8625,59.7905,72.172828675
UGA,Uganda,2000,89.8,49.64,,,24000150.0,Low income,,,24000150.0,,,,,13.98243046,,,84.26666666666667,11.724049357339528,0.4719643499171501,53.15533333333334,5.053045154491826,-0.6956861112172008,61.0,,,Normal,2023,,48656601.0,68.252,27.6,,,23.30395608,52.8625,59.7905,72.172828675
UGA,Uganda,2000,89.8,49.64,,,24000150.0,Low income,,,24000150.0,,,,,13.98243046,,,84.26666666666667,11.724049357339528,0.4719643499171501,53.15533333333334,5.053045154491826,-0.6956861112172008,61.0,,,Normal,2023,,48656601.0,68.252,27.6,,,23.30395608,52.8625,59.7905,72.172828675
UGA,Uganda,2000,89.8,49.64,,,24000150.0,Low income,,,24000150.0,,,,,13.98243046,,,84.26666666666667,11.724049357339528,0.4719643499171501,53.15533333333334,5.053045154491826,-0.6956861112172008,61.0,,,Normal,2023,,48656601.0,68.252,27.6,,,23.30395608,52.8625,59.7905,72.172828675
UGA,Uganda,2001,85.9,50.576,,,24745676.0,Low income,,,24745676.0,,,,,24.01600552,10.248515348473463,,81.16666666666667,10.715098381878413,0.44174427192739935,53.756,4.789052515894977,-0.664014434889888,,,,Normal,2023,,48656601.0,68.252,27.6,,,23.30395608,52.8625,59.7905,72.172828675
UGA,Uganda,2001,85.9,50.576,,,24745676.0,Low income,,,24745676.0,,,,,24.01600552,10.248515348473463,,81.16666666666667,10.715098381878413,0.44174427192739935,53.756,4.789052515894977,-0.664014434889888,,,,Normal,2023,,48656601.0,68.252,27.6,,,23.30395608,52.8625,59.7905,72.172828675
UGA,Uganda,2001,85.9,50.576,,,24745676.0,Low income,,,24745676.0,,,,,24.01600552,10.248515348473463,,81.16666666666667,10.715098381878413,0.44174427192739935,53.756,4.789052515894977,-0.664014434889888,,,,Normal,2023,,48656601.0,68.252,27.6,,,23.30395608,52.8625,59.7905,72.172828675
UGA,Uganda,2001,85.9,50.576,,,24745676.0,Low income,,,24745676.0,,,,,24.01600552,10.248515348473463,,81.16666666666667,10.715098381878413,0.44174427192739935,53.756,4.789052515894977,-0.664014434889888,,,,Normal,2023,,48656601.0,68.252,27.6,,,23.30395608,52.8625,59.7905,72.172828675
UGA,Uganda,2001,85.9,50.576,,,24745676.0,Low income,,,24745676.0,,,,,24.01600552,10.248515348473463,,81.16666666666667,10.715098381878413,0.44174427192739935,53.756,4.789052515894977,-0.664014434889888,,,,Normal,2023,,48656601.0,68.252,27.6,,,23.30395608,52.8625,59.7905,72.172828675
UGA,Uganda,2001,85.9,50.576,,,24745676.0,Low income,,,24745676.0,,,,,24.01600552,10.248515348473463,,81.16666666666667,10.715098381878413,0.44174427192739935,53.756,4.789052515894977,-0.664014434889888,,,,Normal,2023,,48656601.0,68.252,27.6,,,23.30395608,52.8625,59.7905,72.172828675
UGA,Uganda,2001,85.9,50.576,,,24745676.0,Low income,,,24745676.0,,,,,24.01600552,10.248515348473463,,81.16666666666667,10.715098381878413,0.44174427192739935,53.756,4.789052515894977,-0.664014434889888,,,,Normal,2023,,48656601.0,68.252,27.6,,,23.30395608,52.8625,59.7905,72.172828675
UGA,Uganda,2001,85.9,50.576,,,24745676.0,Low income,,,24745676.0,,,,,24.01600552,10.248515348473463,,81.16666666666667,10.715098381878413,0.44174427192739935,53.756,4.789052515894977,-0.664014434889888,,,,Normal,2023,,48656601.0,68.252,27.6,,,23.30395608,52.8625,59.7905,72.172828675
UGA,Uganda,2001,85.9,50.576,,,24745676.0,Low income,,,24745676.0,,,,,24.01600552,10.248515348473463,,81.16666666666667,10.715098381878413,0.44174427192739935,53.756,4.789052515894977,-0.664014434889888,,,,Normal,2023,,48656601.0,68.252,27.6,,,23.30395608,52.8625,59.7905,72.172828675
UGA,Uganda,2001,85.9,50.576,,,24745676.0,Low income,,,24745676.0,,,,,24.01600552,10.248515348473463,,81.16666666666667,10.715098381878413,0.44174427192739935,53.756,4.789052515894977,-0.664014434889888,,,,Normal,2023,,48656601.0,68.252,27.6,,,23.30395608,52.8625,59.7905,72.172828675
UGA,Uganda,2001,85.9,50.576,,,24745676.0,Low income,,,24745676.0,,,,,24.01600552,10.248515348473463,,81.16666666666667,10.715098381878413,0.44174427192739935,53.756,4.789052515894977,-0.664014434889888,,,,Normal,2023,,48656601.0,68.252,27.6,,,23.30395608,52.8625,59.7905,72.172828675
UGA,Uganda,2001,85.9,50.576,,,24745676.0,Low income,,,24745676.0,,,,,24.01600552,10.248515348473463,,81.16666666666667,10.715098381878413,0.44174427192739935,53.756,4.789052515894977,-0.664014434889888,,,,Normal,2023,,48656601.0,68.252,27.6,,,23.30395608,52.8625,59.7905,72.172828675
UGA,Uganda,2001,85.9,50.576,,,24745676.0,Low income,,,24745676.0,,,,,24.01600552,10.248515348473463,,81.16666666666667,10.715098381878413,0.44174427192739935,53.756,4.789052515894977,-0.664014434889888,,,,Normal,2023,,48656601.0,68.252,27.6,,,23.30395608,52.8625,59.7905,72.172828675
UGA,Uganda,2001,85.9,50.576,,,24745676.0,Low income,,,24745676.0,,,,,24.01600552,10.248515348473463,,81.16666666666667,10.715098381878413,0.44174427192739935,53.756,4.789052515894977,-0.664014434889888,,,,Normal,2023,,48656601.0,68.252,27.6,,,23.30395608,52.8625,59.7905,72.172828675
UGA,Uganda,2001,85.9,50.576,,,24745676.0,Low income,,,24745676.0,,,,,24.01600552,10.248515348473463,,81.16666666666667,10.715098381878413,0.44174427192739935,53.756,4.789052515894977,-0.664014434889888,,,,Normal,2023,,48656601.0,68.252,27.6,,,23.30395608,52.8625,59.7905,72.172828675
UGA,Uganda,2001,85.9,50.576,,,24745676.0,Low income,,,24745676.0,,,,,24.01600552,10.248515348473463,,81.16666666666667,10.715098381878413,0.44174427192739935,53.756,4.789052515894977,-0.664014434889888,,,,Normal,2023,,48656601.0,68.252,27.6,,,23.30395608,52.8625,59.7905,72.172828675
UGA,Uganda,2002,81.4,51.443,68.0,,25532870.0,Low income,,,25532870.0,,,,,24.957495690000002,9.0055919691711,,77.8,9.619251530134761,0.3742494921483329,54.27866666666667,4.3673431664266245,-0.6492887228247805,68.0,,,Normal,2023,,48656601.0,68.252,27.6,,,23.30395608,52.8625,59.7905,72.172828675
UGA,Uganda,2002,81.4,51.443,68.0,,25532870.0,Low income,,,25532870.0,,,,,24.957495690000002,9.0055919691711,,77.8,9.619251530134761,0.3742494921483329,54.27866666666667,4.3673431664266245,-0.6492887228247805,68.0,,,Normal,2023,,48656601.0,68.252,27.6,,,23.30395608,52.8625,59.7905,72.172828675
UGA,Uganda,2002,81.4,51.443,68.0,,25532870.0,Low income,,,25532870.0,,,,,24.957495690000002,9.0055919691711,,77.8,9.619251530134761,0.3742494921483329,54.27866666666667,4.3673431664266245,-0.6492887228247805,68.0,,,Normal,2023,,48656601.0,68.252,27.6,,,23.30395608,52.8625,59.7905,72.172828675
UGA,Uganda,2002,81.4,51.443,68.0,,25532870.0,Low income,,,25532870.0,,,,,24.957495690000002,9.0055919691711,,77.8,9.619251530134761,0.3742494921483329,54.27866666666667,4.3673431664266245,-0.6492887228247805,68.0,,,Normal,2023,,48656601.0,68.252,27.6,,,23.30395608,52.8625,59.7905,72.172828675
UGA,Uganda,2002,81.4,51.443,68.0,,25532870.0,Low income,,,25532870.0,,,,,24.957495690000002,9.0055919691711,,77.8,9.619251530134761,0.3742494921483329,54.27866666666667,4.3673431664266245,-0.6492887228247805,68.0,,,Normal,2023,,48656601.0,68.252,27.6,,,23.30395608,52.8625,59.7905,72.172828675
UGA,Uganda,2002,81.4,51.443,68.0,,25532870.0,Low income,,,25532870.0,,,,,24.957495690000002,9.0055919691711,,77.8,9.619251530134761,0.3742494921483329,54.27866666666667,4.3673431664266245,-0.6492887228247805,68.0,,,Normal,2023,,48656601.0,68.252,27.6,,,23.30395608,52.8625,59.7905,72.172828675
UGA,Uganda,2002,81.4,51.443,68.0,,25532870.0,Low income,,,25532870.0,,,,,24.957495690000002,9.0055919691711,,77.8,9.619251530134761,0.3742494921483329,54.27866666666667,4.3673431664266245,-0.6492887228247805,68.0,,,Normal,2023,,48656601.0,68.252,27.6,,,23.30395608,52.8625,59.7905,72.172828675
UGA,Uganda,2002,81.4,51.443,68.0,,25532870.0,Low income,,,25532870.0,,,,,24.957495690000002,9.0055919691711,,77.8,9.619251530134761,0.3742494921483329,54.27866666666667,4.3673431664266245,-0.6492887228247805,68.0,,,Normal,2023,,48656601.0,68.252,27.6,,,23.30395608,52.8625,59.7905,72.172828675
UGA,Uganda,2002,81.4,51.443,68.0,,25532870.0,Low income,,,25532870.0,,,,,24.957495690000002,9.0055919691711,,77.8,9.619251530134761,0.3742494921483329,54.27866666666667,4.3673431664266245,-0.6492887228247805,68.0,,,Normal,2023,,48656601.0,68.252,27.6,,,23.30395608,52.8625,59.7905,72.172828675
UGA,Uganda,2002,81.4,51.443,68.0,,25532870.0,Low income,,,25532870.0,,,,,24.957495690000002,9.0055919691711,,77.8,9.619251530134761,0.3742494921483329,54.27866666666667,4.3673431664266245,-0.6492887228247805,68.0,,,Normal,2023,,48656601.0,68.252,27.6,,,23.30395608,52.8625,59.7905,72.172828675
UGA,Uganda,2002,81.4,51.443,68.0,,25532870.0,Low income,,,25532870.0,,,,,24.957495690000002,9.0055919691711,,77.8,9.619251530134761,0.3742494921483329,54.27866666666667,4.3673431664266245,-0.6492887228247805,68.0,,,Normal,2023,,48656601.0,68.252,27.6,,,23.30395608,52.8625,59.7905,72.172828675
UGA,Uganda,2002,81.4,51.443,68.0,,25532870.0,Low income,,,25532870.0,,,,,24.957495690000002,9.0055919691711,,77.8,9.619251530134761,0.3742494921483329,54.27866666666667,4.3673431664266245,-0.6492887228247805,68.0,,,Normal,2023,,48656601.0,68.252,27.6,,,23.30395608,52.8625,59.7905,72.172828675
UGA,Uganda,2002,81.4,51.443,68.0,,25532870.0,Low income,,,25532870.0,,,,,24.957495690000002,9.0055919691711,,77.8,9.619251530134761,0.3742494921483329,54.27866666666667,4.3673431664266245,-0.6492887228247805,68.0,,,Normal,2023,,48656601.0,68.252,27.6,,,23.30395608,52.8625,59.7905,72.172828675
UGA,Uganda,2002,81.4,51.443,68.0,,25532870.0,Low income,,,25532870.0,,,,,24.957495690000002,9.0055919691711,,77.8,9.619251530134761,0.3742494921483329,54.27866666666667,4.3673431664266245,-0.6492887228247805,68.0,,,Normal,2023,,48656601.0,68.252,27.6,,,23.30395608,52.8625,59.7905,72.172828675
UGA,Uganda,2002,81.4,51.443,68.0,,25532870.0,Low income,,,25532870.0,,,,,24.957495690000002,9.0055919691711,,77.8,9.619251530134761,0.3742494921483329,54.27866666666667,4.3673431664266245,-0.6492887228247805,68.0,,,Normal,2023,,48656601.0,68.252,27.6,,,23.30395608,52.8625,59.7905,72.172828675
UGA,Uganda,2002,81.4,51.443,68.0,,25532870.0,Low income,,,25532870.0,,,,,24.957495690000002,9.0055919691711,,77.8,9.619251530134761,0.3742494921483329,54.27866666666667,4.3673431664266245,-0.6492887228247805,68.0,,,Normal,2023,,48656601.0,68.252,27.6,,,23.30395608,52.8625,59.7905,72.172828675
UGA,Uganda,2003,76.6,52.414,,,26352124.0,Low income,,,26352124.0,,68.0,,,25.95557976,9.795987670174224,,74.39999999999999,8.515867542417505,0.2583412657655619,54.53666666666667,3.2837670948673177,-0.6464120643587955,,,,Normal,2023,,48656601.0,68.252,27.6,,,23.30395608,52.8625,59.7905,72.172828675
UGA,Uganda,2003,76.6,52.414,,,26352124.0,Low income,,,26352124.0,,68.0,,,25.95557976,9.795987670174224,,74.39999999999999,8.515867542417505,0.2583412657655619,54.53666666666667,3.2837670948673177,-0.6464120643587955,,,,Normal,2023,,48656601.0,68.252,27.6,,,23.30395608,52.8625,59.7905,72.172828675
UGA,Uganda,2003,76.6,52.414,,,26352124.0,Low income,,,26352124.0,,68.0,,,25.95557976,9.795987670174224,,74.39999999999999,8.515867542417505,0.2583412657655619,54.53666666666667,3.2837670948673177,-0.6464120643587955,,,,Normal,2023,,48656601.0,68.252,27.6,,,23.30395608,52.8625,59.7905,72.172828675
UGA,Uganda,2003,76.6,52.414,,,26352124.0,Low income,,,26352124.0,,68.0,,,25.95557976,9.795987670174224,,74.39999999999999,8.515867542417505,0.2583412657655619,54.53666666666667,3.2837670948673177,-0.6464120643587955,,,,Normal,2023,,48656601.0,68.252,27.6,,,23.30395608,52.8625,59.7905,72.172828675
UGA,Uganda,2003,76.6,52.414,,,26352124.0,Low income,,,26352124.0,,68.0,,,25.95557976,9.795987670174224,,74.39999999999999,8.515867542417505,0.2583412657655619,54.53666666666667,3.2837670948673177,-0.6464120643587955,,,,Normal,2023,,48656601.0,68.252,27.6,,,23.30395608,52.8625,59.7905,72.172828675
UGA,Uganda,2003,76.6,52.414,,,26352124.0,Low income,,,26352124.0,,68.0,,,25.95557976,9.795987670174224,,74.39999999999999,8.515867542417505,0.2583412657655619,54.53666666666667,3.2837670948673177,-0.6464120643587955,,,,Normal,2023,,48656601.0,68.252,27.6,,,23.30395608,52.8625,59.7905,72.172828675
UGA,Uganda,2003,76.6,52.414,,,26352124.0,Low income,,,26352124.0,,68.0,,,25.95557976,9.795987670174224,,74.39999999999999,8.515867542417505,0.2583412657655619,54.53666666666667,3.2837670948673177,-0.6464120643587955,,,,Normal,2023,,48656601.0,68.252,27.6,,,23.30395608,52.8625,59.7905,72.172828675
UGA,Uganda,2003,76.6,52.414,,,26352124.0,Low income,,,26352124.0,,68.0,,,25.95557976,9.795987670174224,,74.39999999999999,8.515867542417505,0.2583412657655619,54.53666666666667,3.2837670948673177,-0.6464120643587955,,,,Normal,2023,,48656601.0,68.252,27.6,,,23.30395608,52.8625,59.7905,72.172828675
UGA,Uganda,2003,76.6,52.414,,,26352124.0,Low income,,,26352124.0,,68.0,,,25.95557976,9.795987670174224,,74.39999999999999,8.515867542417505,0.2583412657655619,54.53666666666667,3.2837670948673177,-0.6464120643587955,,,,Normal,2023,,48656601.0,68.252,27.6,,,23.30395608,52.8625,59.7905,72.172828675
UGA,Uganda,2003,76.6,52.414,,,26352124.0,Low income,,,26352124.0,,68.0,,,25.95557976,9.795987670174224,,74.39999999999999,8.515867542417505,0.2583412657655619,54.53666666666667,3.2837670948673177,-0.6464120643587955,,,,Normal,2023,,48656601.0,68.252,27.6,,,23.30395608,52.8625,59.7905,72.172828675
UGA,Uganda,2003,76.6,52.414,,,26352124.0,Low income,,,26352124.0,,68.0,,,25.95557976,9.795987670174224,,74.39999999999999,8.515867542417505,0.2583412657655619,54.53666666666667,3.2837670948673177,-0.6464120643587955,,,,Normal,2023,,48656601.0,68.252,27.6,,,23.30395608,52.8625,59.7905,72.172828675
UGA,Uganda,2003,76.6,52.414,,,26352124.0,Low income,,,26352124.0,,68.0,,,25.95557976,9.795987670174224,,74.39999999999999,8.515867542417505,0.2583412657655619,54.53666666666667,3.2837670948673177,-0.6464120643587955,,,,Normal,2023,,48656601.0,68.252,27.6,,,23.30395608,52.8625,59.7905,72.172828675
UGA,Uganda,2003,76.6,52.414,,,26352124.0,Low income,,,26352124.0,,68.0,,,25.95557976,9.795987670174224,,74.39999999999999,8.515867542417505,0.2583412657655619,54.53666666666667,3.2837670948673177,-0.6464120643587955,,,,Normal,2023,,48656601.0,68.252,27.6,,,23.30395608,52.8625,59.7905,72.172828675
UGA,Uganda,2003,76.6,52.414,,,26352124.0,Low income,,,26352124.0,,68.0,,,25.95557976,9.795987670174224,,74.39999999999999,8.515867542417505,0.2583412657655619,54.53666666666667,3.2837670948673177,-0.6464120643587955,,,,Normal,2023,,48656601.0,68.252,27.6,,,23.30395608,52.8625,59.7905,72.172828675
UGA,Uganda,2003,76.6,52.414,,,26352124.0,Low income,,,26352124.0,,68.0,,,25.95557976,9.795987670174224,,74.39999999999999,8.515867542417505,0.2583412657655619,54.53666666666667,3.2837670948673177,-0.6464120643587955,,,,Normal,2023,,48656601.0,68.252,27.6,,,23.30395608,52.8625,59.7905,72.172828675
UGA,Uganda,2003,76.6,52.414,,,26352124.0,Low income,,,26352124.0,,68.0,,,25.95557976,9.795987670174224,,74.39999999999999,8.515867542417505,0.2583412657655619,54.53666666666667,3.2837670948673177,-0.6464120643587955,,,,Normal,2023,,48656601.0,68.252,27.6,,,23.30395608,52.8625,59.7905,72.172828675
UGA,Uganda,2004,71.7,53.699,,19.02210999,27154515.0,Low income,,,27154515.0,,,68.0,,25.46695391333333,9.50140323045786,-0.678304432199407,72.60000000000001,4.91222963632606,-0.18321619033126696,54.73566666666667,1.7644742370840496,-0.5875215658460691,35.90000153,,,Normal,2023,,48656601.0,68.252,27.6,,,23.30395608,52.8625,59.7905,72.172828675
UGA,Uganda,2004,71.7,53.699,,19.02210999,27154515.0,Low income,,,27154515.0,,,68.0,,25.46695391333333,9.50140323045786,-0.678304432199407,72.60000000000001,4.91222963632606,-0.18321619033126696,54.73566666666667,1.7644742370840496,-0.5875215658460691,35.90000153,,,Normal,2023,,48656601.0,68.252,27.6,,,23.30395608,52.8625,59.7905,72.172828675
UGA,Uganda,2004,71.7,53.699,,19.02210999,27154515.0,Low income,,,27154515.0,,,68.0,,25.46695391333333,9.50140323045786,-0.678304432199407,72.60000000000001,4.91222963632606,-0.18321619033126696,54.73566666666667,1.7644742370840496,-0.5875215658460691,35.90000153,,,Normal,2023,,48656601.0,68.252,27.6,,,23.30395608,52.8625,59.7905,72.172828675
UGA,Uganda,2004,71.7,53.699,,19.02210999,27154515.0,Low income,,,27154515.0,,,68.0,,25.46695391333333,9.50140323045786,-0.678304432199407,72.60000000000001,4.91222963632606,-0.18321619033126696,54.73566666666667,1.7644742370840496,-0.5875215658460691,35.90000153,,,Normal,2023,,48656601.0,68.252,27.6,,,23.30395608,52.8625,59.7905,72.172828675
UGA,Uganda,2004,71.7,53.699,,19.02210999,27154515.0,Low income,,,27154515.0,,,68.0,,25.46695391333333,9.50140323045786,-0.678304432199407,72.60000000000001,4.91222963632606,-0.18321619033126696,54.73566666666667,1.7644742370840496,-0.5875215658460691,35.90000153,,,Normal,2023,,48656601.0,68.252,27.6,,,23.30395608,52.8625,59.7905,72.172828675
UGA,Uganda,2004,71.7,53.699,,19.02210999,27154515.0,Low income,,,27154515.0,,,68.0,,25.46695391333333,9.50140323045786,-0.678304432199407,72.60000000000001,4.91222963632606,-0.18321619033126696,54.73566666666667,1.7644742370840496,-0.5875215658460691,35.90000153,,,Normal,2023,,48656601.0,68.252,27.6,,,23.30395608,52.8625,59.7905,72.172828675
UGA,Uganda,2004,71.7,53.699,,19.02210999,27154515.0,Low income,,,27154515.0,,,68.0,,25.46695391333333,9.50140323045786,-0.678304432199407,72.60000000000001,4.91222963632606,-0.18321619033126696,54.73566666666667,1.7644742370840496,-0.5875215658460691,35.90000153,,,Normal,2023,,48656601.0,68.252,27.6,,,23.30395608,52.8625,59.7905,72.172828675
UGA,Uganda,2004,71.7,53.699,,19.02210999,27154515.0,Low income,,,27154515.0,,,68.0,,25.46695391333333,9.50140323045786,-0.678304432199407,72.60000000000001,4.91222963632606,-0.18321619033126696,54.73566666666667,1.7644742370840496,-0.5875215658460691,35.90000153,,,Normal,2023,,48656601.0,68.252,27.6,,,23.30395608,52.8625,59.7905,72.172828675
UGA,Uganda,2004,71.7,53.699,,19.02210999,27154515.0,Low income,,,27154515.0,,,68.0,,25.46695391333333,9.50140323045786,-0.678304432199407,72.60000000000001,4.91222963632606,-0.18321619033126696,54.73566666666667,1.7644742370840496,-0.5875215658460691,35.90000153,,,Normal,2023,,48656601.0,68.252,27.6,,,23.30395608,52.8625,59.7905,72.172828675
UGA,Uganda,2004,71.7,53.699,,19.02210999,27154515.0,Low income,,,27154515.0,,,68.0,,25.46695391333333,9.50140323045786,-0.678304432199407,72.60000000000001,4.91222963632606,-0.18321619033126696,54.73566666666667,1.7644742370840496,-0.5875215658460691,35.90000153,,,Normal,2023,,48656601.0,68.252,27.6,,,23.30395608,52.8625,59.7905,72.172828675
UGA,Uganda,2004,71.7,53.699,,19.02210999,27154515.0,Low income,,,27154515.0,,,68.0,,25.46695391333333,9.50140323045786,-0.678304432199407,72.60000000000001,4.91222963632606,-0.18321619033126696,54.73566666666667,1.7644742370840496,-0.5875215658460691,35.90000153,,,Normal,2023,,48656601.0,68.252,27.6,,,23.30395608,52.8625,59.7905,72.172828675
UGA,Uganda,2004,71.7,53.699,,19.02210999,27154515.0,Low income,,,27154515.0,,,68.0,,25.46695391333333,9.50140323045786,-0.678304432199407,72.60000000000001,4.91222963632606,-0.18321619033126696,54.73566666666667,1.7644742370840496,-0.5875215658460691,35.90000153,,,Normal,2023,,48656601.0,68.252,27.6,,,23.30395608,52.8625,59.7905,72.172828675
UGA,Uganda,2004,71.7,53.699,,19.02210999,27154515.0,Low income,,,27154515.0,,,68.0,,25.46695391333333,9.50140323045786,-0.678304432199407,72.60000000000001,4.91222963632606,-0.18321619033126696,54.73566666666667,1.7644742370840496,-0.5875215658460691,35.90000153,,,Normal,2023,,48656601.0,68.252,27.6,,,23.30395608,52.8625,59.7905,72.172828675
UGA,Uganda,2004,71.7,53.699,,19.02210999,27154515.0,Low income,,,27154515.0,,,68.0,,25.46695391333333,9.50140323045786,-0.678304432199407,72.60000000000001,4.91222963632606,-0.18321619033126696,54.73566666666667,1.7644742370840496,-0.5875215658460691,35.90000153,,,Normal,2023,,48656601.0,68.252,27.6,,,23.30395608,52.8625,59.7905,72.172828675
UGA,Uganda,2004,71.7,53.699,,19.02210999,27154515.0,Low income,,,27154515.0,,,68.0,,25.46695391333333,9.50140323045786,-0.678304432199407,72.60000000000001,4.91222963632606,-0.18321619033126696,54.73566666666667,1.7644742370840496,-0.5875215658460691,35.90000153,,,Normal,2023,,48656601.0,68.252,27.6,,,23.30395608,52.8625,59.7905,72.172828675
UGA,Uganda,2004,71.7,53.699,,19.02210999,27154515.0,Low income,,,27154515.0,,,68.0,,25.46695391333333,9.50140323045786,-0.678304432199407,72.60000000000001,4.91222963632606,-0.18321619033126696,54.73566666666667,1.7644742370840496,-0.5875215658460691,35.90000153,,,Normal,2023,,48656601.0,68.252,27.6,,,23.30395608,52.8625,59.7905,72.172828675
UGA,Uganda,2005,67.0,54.926,,,27963289.0,Low income,,,27963289.0,,,,68.0,30.04185486,9.335215395506921,,69.39999999999999,4.331281565541541,-0.5541085158475304,55.50533333333333,1.5164040798327239,-0.3820441668801351,29.8203392,,,Normal,2023,,48656601.0,68.252,27.6,,,23.30395608,52.8625,59.7905,72.172828675
UGA,Uganda,2005,67.0,54.926,,,27963289.0,Low income,,,27963289.0,,,,68.0,30.04185486,9.335215395506921,,69.39999999999999,4.331281565541541,-0.5541085158475304,55.50533333333333,1.5164040798327239,-0.3820441668801351,29.8203392,,,Normal,2023,,48656601.0,68.252,27.6,,,23.30395608,52.8625,59.7905,72.172828675
UGA,Uganda,2005,67.0,54.926,,,27963289.0,Low income,,,27963289.0,,,,68.0,30.04185486,9.335215395506921,,69.39999999999999,4.331281565541541,-0.5541085158475304,55.50533333333333,1.5164040798327239,-0.3820441668801351,29.8203392,,,Normal,2023,,48656601.0,68.252,27.6,,,23.30395608,52.8625,59.7905,72.172828675
UGA,Uganda,2005,67.0,54.926,,,27963289.0,Low income,,,27963289.0,,,,68.0,30.04185486,9.335215395506921,,69.39999999999999,4.331281565541541,-0.5541085158475304,55.50533333333333,1.5164040798327239,-0.3820441668801351,29.8203392,,,Normal,2023,,48656601.0,68.252,27.6,,,23.30395608,52.8625,59.7905,72.172828675
UGA,Uganda,2005,67.0,54.926,,,27963289.0,Low income,,,27963289.0,,,,68.0,30.04185486,9.335215395506921,,69.39999999999999,4.331281565541541,-0.5541085158475304,55.50533333333333,1.5164040798327239,-0.3820441668801351,29.8203392,,,Normal,2023,,48656601.0,68.252,27.6,,,23.30395608,52.8625,59.7905,72.172828675
UGA,Uganda,2005,67.0,54.926,,,27963289.0,Low income,,,27963289.0,,,,68.0,30.04185486,9.335215395506921,,69.39999999999999,4.331281565541541,-0.5541085158475304,55.50533333333333,1.5164040798327239,-0.3820441668801351,29.8203392,,,Normal,2023,,48656601.0,68.252,27.6,,,23.30395608,52.8625,59.7905,72.172828675
UGA,Uganda,2005,67.0,54.926,,,27963289.0,Low income,,,27963289.0,,,,68.0,30.04185486,9.335215395506921,,69.39999999999999,4.331281565541541,-0.5541085158475304,55.50533333333333,1.5164040798327239,-0.3820441668801351,29.8203392,,,Normal,2023,,48656601.0,68.252,27.6,,,23.30395608,52.8625,59.7905,72.172828675
UGA,Uganda,2005,67.0,54.926,,,27963289.0,Low income,,,27963289.0,,,,68.0,30.04185486,9.335215395506921,,69.39999999999999,4.331281565541541,-0.5541085158475304,55.50533333333333,1.5164040798327239,-0.3820441668801351,29.8203392,,,Normal,2023,,48656601.0,68.252,27.6,,,23.30395608,52.8625,59.7905,72.172828675
UGA,Uganda,2005,67.0,54.926,,,27963289.0,Low income,,,27963289.0,,,,68.0,30.04185486,9.335215395506921,,69.39999999999999,4.331281565541541,-0.5541085158475304,55.50533333333333,1.5164040798327239,-0.3820441668801351,29.8203392,,,Normal,2023,,48656601.0,68.252,27.6,,,23.30395608,52.8625,59.7905,72.172828675
UGA,Uganda,2005,67.0,54.926,,,27963289.0,Low income,,,27963289.0,,,,68.0,30.04185486,9.335215395506921,,69.39999999999999,4.331281565541541,-0.5541085158475304,55.50533333333333,1.5164040798327239,-0.3820441668801351,29.8203392,,,Normal,2023,,48656601.0,68.252,27.6,,,23.30395608,52.8625,59.7905,72.172828675
UGA,Uganda,2005,67.0,54.926,,,27963289.0,Low income,,,27963289.0,,,,68.0,30.04185486,9.335215395506921,,69.39999999999999,4.331281565541541,-0.5541085158475304,55.50533333333333,1.5164040798327239,-0.3820441668801351,29.8203392,,,Normal,2023,,48656601.0,68.252,27.6,,,23.30395608,52.8625,59.7905,72.172828675
UGA,Uganda,2005,67.0,54.926,,,27963289.0,Low income,,,27963289.0,,,,68.0,30.04185486,9.335215395506921,,69.39999999999999,4.331281565541541,-0.5541085158475304,55.50533333333333,1.5164040798327239,-0.3820441668801351,29.8203392,,,Normal,2023,,48656601.0,68.252,27.6,,,23.30395608,52.8625,59.7905,72.172828675
UGA,Uganda,2005,67.0,54.926,,,27963289.0,Low income,,,27963289.0,,,,68.0,30.04185486,9.335215395506921,,69.39999999999999,4.331281565541541,-0.5541085158475304,55.50533333333333,1.5164040798327239,-0.3820441668801351,29.8203392,,,Normal,2023,,48656601.0,68.252,27.6,,,23.30395608,52.8625,59.7905,72.172828675
UGA,Uganda,2005,67.0,54.926,,,27963289.0,Low income,,,27963289.0,,,,68.0,30.04185486,9.335215395506921,,69.39999999999999,4.331281565541541,-0.5541085158475304,55.50533333333333,1.5164040798327239,-0.3820441668801351,29.8203392,,,Normal,2023,,48656601.0,68.252,27.6,,,23.30395608,52.8625,59.7905,72.172828675
UGA,Uganda,2005,67.0,54.926,,,27963289.0,Low income,,,27963289.0,,,,68.0,30.04185486,9.335215395506921,,69.39999999999999,4.331281565541541,-0.5541085158475304,55.50533333333333,1.5164040798327239,-0.3820441668801351,29.8203392,,,Normal,2023,,48656601.0,68.252,27.6,,,23.30395608,52.8625,59.7905,72.172828675
UGA,Uganda,2005,67.0,54.926,,,27963289.0,Low income,,,27963289.0,,,,68.0,30.04185486,9.335215395506921,,69.39999999999999,4.331281565541541,-0.5541085158475304,55.50533333333333,1.5164040798327239,-0.3820441668801351,29.8203392,,,Normal,2023,,48656601.0,68.252,27.6,,,23.30395608,52.8625,59.7905,72.172828675
UGA,Uganda,2006,62.7,56.118,71.0,,28794003.0,Low income,,,28794003.0,,,,,31.340604784999996,5.756887266968617,,64.5,5.716642371182585,-0.31487014284359305,57.30666666666667,2.7027203579603514,-0.4398037936724298,71.0,,,Normal,2023,,48656601.0,68.252,27.6,,,23.30395608,52.8625,59.7905,72.172828675
UGA,Uganda,2006,62.7,56.118,71.0,,28794003.0,Low income,,,28794003.0,,,,,31.340604784999996,5.756887266968617,,64.5,5.716642371182585,-0.31487014284359305,57.30666666666667,2.7027203579603514,-0.4398037936724298,71.0,,,Normal,2023,,48656601.0,68.252,27.6,,,23.30395608,52.8625,59.7905,72.172828675
UGA,Uganda,2006,62.7,56.118,71.0,,28794003.0,Low income,,,28794003.0,,,,,31.340604784999996,5.756887266968617,,64.5,5.716642371182585,-0.31487014284359305,57.30666666666667,2.7027203579603514,-0.4398037936724298,71.0,,,Normal,2023,,48656601.0,68.252,27.6,,,23.30395608,52.8625,59.7905,72.172828675
UGA,Uganda,2006,62.7,56.118,71.0,,28794003.0,Low income,,,28794003.0,,,,,31.340604784999996,5.756887266968617,,64.5,5.716642371182585,-0.31487014284359305,57.30666666666667,2.7027203579603514,-0.4398037936724298,71.0,,,Normal,2023,,48656601.0,68.252,27.6,,,23.30395608,52.8625,59.7905,72.172828675
UGA,Uganda,2006,62.7,56.118,71.0,,28794003.0,Low income,,,28794003.0,,,,,31.340604784999996,5.756887266968617,,64.5,5.716642371182585,-0.31487014284359305,57.30666666666667,2.7027203579603514,-0.4398037936724298,71.0,,,Normal,2023,,48656601.0,68.252,27.6,,,23.30395608,52.8625,59.7905,72.172828675
UGA,Uganda,2006,62.7,56.118,71.0,,28794003.0,Low income,,,28794003.0,,,,,31.340604784999996,5.756887266968617,,64.5,5.716642371182585,-0.31487014284359305,57.30666666666667,2.7027203579603514,-0.4398037936724298,71.0,,,Normal,2023,,48656601.0,68.252,27.6,,,23.30395608,52.8625,59.7905,72.172828675
UGA,Uganda,2006,62.7,56.118,71.0,,28794003.0,Low income,,,28794003.0,,,,,31.340604784999996,5.756887266968617,,64.5,5.716642371182585,-0.31487014284359305,57.30666666666667,2.7027203579603514,-0.4398037936724298,71.0,,,Normal,2023,,48656601.0,68.252,27.6,,,23.30395608,52.8625,59.7905,72.172828675
UGA,Uganda,2006,62.7,56.118,71.0,,28794003.0,Low income,,,28794003.0,,,,,31.340604784999996,5.756887266968617,,64.5,5.716642371182585,-0.31487014284359305,57.30666666666667,2.7027203579603514,-0.4398037936724298,71.0,,,Normal,2023,,48656601.0,68.252,27.6,,,23.30395608,52.8625,59.7905,72.172828675
UGA,Uganda,2006,62.7,56.118,71.0,,28794003.0,Low income,,,28794003.0,,,,,31.340604784999996,5.756887266968617,,64.5,5.716642371182585,-0.31487014284359305,57.30666666666667,2.7027203579603514,-0.4398037936724298,71.0,,,Normal,2023,,48656601.0,68.252,27.6,,,23.30395608,52.8625,59.7905,72.172828675
UGA,Uganda,2006,62.7,56.118,71.0,,28794003.0,Low income,,,28794003.0,,,,,31.340604784999996,5.756887266968617,,64.5,5.716642371182585,-0.31487014284359305,57.30666666666667,2.7027203579603514,-0.4398037936724298,71.0,,,Normal,2023,,48656601.0,68.252,27.6,,,23.30395608,52.8625,59.7905,72.172828675
UGA,Uganda,2006,62.7,56.118,71.0,,28794003.0,Low income,,,28794003.0,,,,,31.340604784999996,5.756887266968617,,64.5,5.716642371182585,-0.31487014284359305,57.30666666666667,2.7027203579603514,-0.4398037936724298,71.0,,,Normal,2023,,48656601.0,68.252,27.6,,,23.30395608,52.8625,59.7905,72.172828675
UGA,Uganda,2006,62.7,56.118,71.0,,28794003.0,Low income,,,28794003.0,,,,,31.340604784999996,5.756887266968617,,64.5,5.716642371182585,-0.31487014284359305,57.30666666666667,2.7027203579603514,-0.4398037936724298,71.0,,,Normal,2023,,48656601.0,68.252,27.6,,,23.30395608,52.8625,59.7905,72.172828675
UGA,Uganda,2006,62.7,56.118,71.0,,28794003.0,Low income,,,28794003.0,,,,,31.340604784999996,5.756887266968617,,64.5,5.716642371182585,-0.31487014284359305,57.30666666666667,2.7027203579603514,-0.4398037936724298,71.0,,,Normal,2023,,48656601.0,68.252,27.6,,,23.30395608,52.8625,59.7905,72.172828675
UGA,Uganda,2006,62.7,56.118,71.0,,28794003.0,Low income,,,28794003.0,,,,,31.340604784999996,5.756887266968617,,64.5,5.716642371182585,-0.31487014284359305,57.30666666666667,2.7027203579603514,-0.4398037936724298,71.0,,,Normal,2023,,48656601.0,68.252,27.6,,,23.30395608,52.8625,59.7905,72.172828675
UGA,Uganda,2006,62.7,56.118,71.0,,28794003.0,Low income,,,28794003.0,,,,,31.340604784999996,5.756887266968617,,64.5,5.716642371182585,-0.31487014284359305,57.30666666666667,2.7027203579603514,-0.4398037936724298,71.0,,,Normal,2023,,48656601.0,68.252,27.6,,,23.30395608,52.8625,59.7905,72.172828675
UGA,Uganda,2006,62.7,56.118,71.0,,28794003.0,Low income,,,28794003.0,,,,,31.340604784999996,5.756887266968617,,64.5,5.716642371182585,-0.31487014284359305,57.30666666666667,2.7027203579603514,-0.4398037936724298,71.0,,,Normal,2023,,48656601.0,68.252,27.6,,,23.30395608,52.8625,59.7905,72.172828675
UGA,Uganda,2007,58.7,57.248,,23.86605072,29653430.0,Low income,,,29653430.0,,71.0,,,29.803797403333334,5.701597383212611,-1.0414180946581786,61.6,5.2848841046895245,-0.5487348336412322,58.41866666666667,2.640395677419073,-0.4433678924254903,39.0,,,Normal,2023,,48656601.0,68.252,27.6,,,23.30395608,52.8625,59.7905,72.172828675
UGA,Uganda,2007,58.7,57.248,,23.86605072,29653430.0,Low income,,,29653430.0,,71.0,,,29.803797403333334,5.701597383212611,-1.0414180946581786,61.6,5.2848841046895245,-0.5487348336412322,58.41866666666667,2.640395677419073,-0.4433678924254903,39.0,,,Normal,2023,,48656601.0,68.252,27.6,,,23.30395608,52.8625,59.7905,72.172828675
UGA,Uganda,2007,58.7,57.248,,23.86605072,29653430.0,Low income,,,29653430.0,,71.0,,,29.803797403333334,5.701597383212611,-1.0414180946581786,61.6,5.2848841046895245,-0.5487348336412322,58.41866666666667,2.640395677419073,-0.4433678924254903,39.0,,,Normal,2023,,48656601.0,68.252,27.6,,,23.30395608,52.8625,59.7905,72.172828675
UGA,Uganda,2007,58.7,57.248,,23.86605072,29653430.0,Low income,,,29653430.0,,71.0,,,29.803797403333334,5.701597383212611,-1.0414180946581786,61.6,5.2848841046895245,-0.5487348336412322,58.41866666666667,2.640395677419073,-0.4433678924254903,39.0,,,Normal,2023,,48656601.0,68.252,27.6,,,23.30395608,52.8625,59.7905,72.172828675
UGA,Uganda,2007,58.7,57.248,,23.86605072,29653430.0,Low income,,,29653430.0,,71.0,,,29.803797403333334,5.701597383212611,-1.0414180946581786,61.6,5.2848841046895245,-0.5487348336412322,58.41866666666667,2.640395677419073,-0.4433678924254903,39.0,,,Normal,2023,,48656601.0,68.252,27.6,,,23.30395608,52.8625,59.7905,72.172828675
UGA,Uganda,2007,58.7,57.248,,23.86605072,29653430.0,Low income,,,29653430.0,,71.0,,,29.803797403333334,5.701597383212611,-1.0414180946581786,61.6,5.2848841046895245,-0.5487348336412322,58.41866666666667,2.640395677419073,-0.4433678924254903,39.0,,,Normal,2023,,48656601.0,68.252,27.6,,,23.30395608,52.8625,59.7905,72.172828675
UGA,Uganda,2007,58.7,57.248,,23.86605072,29653430.0,Low income,,,29653430.0,,71.0,,,29.803797403333334,5.701597383212611,-1.0414180946581786,61.6,5.2848841046895245,-0.5487348336412322,58.41866666666667,2.640395677419073,-0.4433678924254903,39.0,,,Normal,2023,,48656601.0,68.252,27.6,,,23.30395608,52.8625,59.7905,72.172828675
UGA,Uganda,2007,58.7,57.248,,23.86605072,29653430.0,Low income,,,29653430.0,,71.0,,,29.803797403333334,5.701597383212611,-1.0414180946581786,61.6,5.2848841046895245,-0.5487348336412322,58.41866666666667,2.640395677419073,-0.4433678924254903,39.0,,,Normal,2023,,48656601.0,68.252,27.6,,,23.30395608,52.8625,59.7905,72.172828675
UGA,Uganda,2007,58.7,57.248,,23.86605072,29653430.0,Low income,,,29653430.0,,71.0,,,29.803797403333334,5.701597383212611,-1.0414180946581786,61.6,5.2848841046895245,-0.5487348336412322,58.41866666666667,2.640395677419073,-0.4433678924254903,39.0,,,Normal,2023,,48656601.0,68.252,27.6,,,23.30395608,52.8625,59.7905,72.172828675
UGA,Uganda,2007,58.7,57.248,,23.86605072,29653430.0,Low income,,,29653430.0,,71.0,,,29.803797403333334,5.701597383212611,-1.0414180946581786,61.6,5.2848841046895245,-0.5487348336412322,58.41866666666667,2.640395677419073,-0.4433678924254903,39.0,,,Normal,2023,,48656601.0,68.252,27.6,,,23.30395608,52.8625,59.7905,72.172828675
UGA,Uganda,2007,58.7,57.248,,23.86605072,29653430.0,Low income,,,29653430.0,,71.0,,,29.803797403333334,5.701597383212611,-1.0414180946581786,61.6,5.2848841046895245,-0.5487348336412322,58.41866666666667,2.640395677419073,-0.4433678924254903,39.0,,,Normal,2023,,48656601.0,68.252,27.6,,,23.30395608,52.8625,59.7905,72.172828675
UGA,Uganda,2007,58.7,57.248,,23.86605072,29653430.0,Low income,,,29653430.0,,71.0,,,29.803797403333334,5.701597383212611,-1.0414180946581786,61.6,5.2848841046895245,-0.5487348336412322,58.41866666666667,2.640395677419073,-0.4433678924254903,39.0,,,Normal,2023,,48656601.0,68.252,27.6,,,23.30395608,52.8625,59.7905,72.172828675
UGA,Uganda,2007,58.7,57.248,,23.86605072,29653430.0,Low income,,,29653430.0,,71.0,,,29.803797403333334,5.701597383212611,-1.0414180946581786,61.6,5.2848841046895245,-0.5487348336412322,58.41866666666667,2.640395677419073,-0.4433678924254903,39.0,,,Normal,2023,,48656601.0,68.252,27.6,,,23.30395608,52.8625,59.7905,72.172828675
UGA,Uganda,2007,58.7,57.248,,23.86605072,29653430.0,Low income,,,29653430.0,,71.0,,,29.803797403333334,5.701597383212611,-1.0414180946581786,61.6,5.2848841046895245,-0.5487348336412322,58.41866666666667,2.640395677419073,-0.4433678924254903,39.0,,,Normal,2023,,48656601.0,68.252,27.6,,,23.30395608,52.8625,59.7905,72.172828675
UGA,Uganda,2007,58.7,57.248,,23.86605072,29653430.0,Low income,,,29653430.0,,71.0,,,29.803797403333334,5.701597383212611,-1.0414180946581786,61.6,5.2848841046895245,-0.5487348336412322,58.41866666666667,2.640395677419073,-0.4433678924254903,39.0,,,Normal,2023,,48656601.0,68.252,27.6,,,23.30395608,52.8625,59.7905,72.172828675
UGA,Uganda,2007,58.7,57.248,,23.86605072,29653430.0,Low income,,,29653430.0,,71.0,,,29.803797403333334,5.701597383212611,-1.0414180946581786,61.6,5.2848841046895245,-0.5487348336412322,58.41866666666667,2.640395677419073,-0.4433678924254903,39.0,,,Normal,2023,,48656601.0,68.252,27.6,,,23.30395608,52.8625,59.7905,72.172828675
UGA,Uganda,2016,36.4,64.494,69.10131836,26.32732894,38799152.0,Low income,,,38799152.0,,,71.0,,36.24485458,14.025499265270911,-0.7071067811865475,43.4,6.128621378417824,-1.1421818330384659,64.44433333333335,0.26106767960307786,0.19024440996359632,58.29645347499999,15.28038645997581,0.7071067811865477,Normal,2023,,48656601.0,68.252,27.6,,,23.30395608,52.8625,59.7905,72.172828675
UGA,Uganda,2016,36.4,64.494,69.10131836,26.32732894,38799152.0,Low income,,,38799152.0,,,71.0,,36.24485458,14.025499265270911,-0.7071067811865475,43.4,6.128621378417824,-1.1421818330384659,64.44433333333335,0.26106767960307786,0.19024440996359632,58.29645347499999,15.28038645997581,0.7071067811865477,Normal,2023,,48656601.0,68.252,27.6,,,23.30395608,52.8625,59.7905,72.172828675
UGA,Uganda,2016,36.4,64.494,69.10131836,26.32732894,38799152.0,Low income,,,38799152.0,,,71.0,,36.24485458,14.025499265270911,-0.7071067811865475,43.4,6.128621378417824,-1.1421818330384659,64.44433333333335,0.26106767960307786,0.19024440996359632,58.29645347499999,15.28038645997581,0.7071067811865477,Normal,2023,,48656601.0,68.252,27.6,,,23.30395608,52.8625,59.7905,72.172828675
UGA,Uganda,2016,36.4,64.494,69.10131836,26.32732894,38799152.0,Low income,,,38799152.0,,,71.0,,36.24485458,14.025499265270911,-0.7071067811865475,43.4,6.128621378417824,-1.1421818330384659,64.44433333333335,0.26106767960307786,0.19024440996359632,58.29645347499999,15.28038645997581,0.7071067811865477,Normal,2023,,48656601.0,68.252,27.6,,,23.30395608,52.8625,59.7905,72.172828675
UGA,Uganda,2016,36.4,64.494,69.10131836,26.32732894,38799152.0,Low income,,,38799152.0,,,71.0,,36.24485458,14.025499265270911,-0.7071067811865475,43.4,6.128621378417824,-1.1421818330384659,64.44433333333335,0.26106767960307786,0.19024440996359632,58.29645347499999,15.28038645997581,0.7071067811865477,Normal,2023,,48656601.0,68.252,27.6,,,23.30395608,52.8625,59.7905,72.172828675
UGA,Uganda,2016,36.4,64.494,69.10131836,26.32732894,38799152.0,Low income,,,38799152.0,,,71.0,,36.24485458,14.025499265270911,-0.7071067811865475,43.4,6.128621378417824,-1.1421818330384659,64.44433333333335,0.26106767960307786,0.19024440996359632,58.29645347499999,15.28038645997581,0.7071067811865477,Normal,2023,,48656601.0,68.252,27.6,,,23.30395608,52.8625,59.7905,72.172828675
UGA,Uganda,2016,36.4,64.494,69.10131836,26.32732894,38799152.0,Low income,,,38799152.0,,,71.0,,36.24485458,14.025499265270911,-0.7071067811865475,43.4,6.128621378417824,-1.1421818330384659,64.44433333333335,0.26106767960307786,0.19024440996359632,58.29645347499999,15.28038645997581,0.7071067811865477,Normal,2023,,48656601.0,68.252,27.6,,,23.30395608,52.8625,59.7905,72.172828675
UGA,Uganda,2016,36.4,64.494,69.10131836,26.32732894,38799152.0,Low income,,,38799152.0,,,71.0,,36.24485458,14.025499265270911,-0.7071067811865475,43.4,6.128621378417824,-1.1421818330384659,64.44433333333335,0.26106767960307786,0.19024440996359632,58.29645347499999,15.28038645997581,0.7071067811865477,Normal,2023,,48656601.0,68.252,27.6,,,23.30395608,52.8625,59.7905,72.172828675
UGA,Uganda,2016,36.4,64.494,69.10131836,26.32732894,38799152.0,Low income,,,38799152.0,,,71.0,,36.24485458,14.025499265270911,-0.7071067811865475,43.4,6.128621378417824,-1.1421818330384659,64.44433333333335,0.26106767960307786,0.19024440996359632,58.29645347499999,15.28038645997581,0.7071067811865477,Normal,2023,,48656601.0,68.252,27.6,,,23.30395608,52.8625,59.7905,72.172828675
UGA,Uganda,2016,36.4,64.494,69.10131836,26.32732894,38799152.0,Low income,,,38799152.0,,,71.0,,36.24485458,14.025499265270911,-0.7071067811865475,43.4,6.128621378417824,-1.1421818330384659,64.44433333333335,0.26106767960307786,0.19024440996359632,58.29645347499999,15.28038645997581,0.7071067811865477,Normal,2023,,48656601.0,68.252,27.6,,,23.30395608,52.8625,59.7905,72.172828675
UGA,Uganda,2016,36.4,64.494,69.10131836,26.32732894,38799152.0,Low income,,,38799152.0,,,71.0,,36.24485458,14.025499265270911,-0.7071067811865475,43.4,6.128621378417824,-1.1421818330384659,64.44433333333335,0.26106767960307786,0.19024440996359632,58.29645347499999,15.28038645997581,0.7071067811865477,Normal,2023,,48656601.0,68.252,27.6,,,23.30395608,52.8625,59.7905,72.172828675
UGA,Uganda,2016,36.4,64.494,69.10131836,26.32732894,38799152.0,Low income,,,38799152.0,,,71.0,,36.24485458,14.025499265270911,-0.7071067811865475,43.4,6.128621378417824,-1.1421818330384659,64.44433333333335,0.26106767960307786,0.19024440996359632,58.29645347499999,15.28038645997581,0.7071067811865477,Normal,2023,,48656601.0,68.252,27.6,,,23.30395608,52.8625,59.7905,72.172828675
UGA,Uganda,2016,36.4,64.494,69.10131836,26.32732894,38799152.0,Low income,,,38799152.0,,,71.0,,36.24485458,14.025499265270911,-0.7071067811865475,43.4,6.128621378417824,-1.1421818330384659,64.44433333333335,0.26106767960307786,0.19024440996359632,58.29645347499999,15.28038645997581,0.7071067811865477,Normal,2023,,48656601.0,68.252,27.6,,,23.30395608,52.8625,59.7905,72.172828675
UGA,Uganda,2016,36.4,64.494,69.10131836,26.32732894,38799152.0,Low income,,,38799152.0,,,71.0,,36.24485458,14.025499265270911,-0.7071067811865475,43.4,6.128621378417824,-1.1421818330384659,64.44433333333335,0.26106767960307786,0.19024440996359632,58.29645347499999,15.28038645997581,0.7071067811865477,Normal,2023,,48656601.0,68.252,27.6,,,23.30395608,52.8625,59.7905,72.172828675
UGA,Uganda,2016,36.4,64.494,69.10131836,26.32732894,38799152.0,Low income,,,38799152.0,,,71.0,,36.24485458,14.025499265270911,-0.7071067811865475,43.4,6.128621378417824,-1.1421818330384659,64.44433333333335,0.26106767960307786,0.19024440996359632,58.29645347499999,15.28038645997581,0.7071067811865477,Normal,2023,,48656601.0,68.252,27.6,,,23.30395608,52.8625,59.7905,72.172828675
UGA,Uganda,2016,36.4,64.494,69.10131836,26.32732894,38799152.0,Low income,,,38799152.0,,,71.0,,36.24485458,14.025499265270911,-0.7071067811865475,43.4,6.128621378417824,-1.1421818330384659,64.44433333333335,0.26106767960307786,0.19024440996359632,58.29645347499999,15.28038645997581,0.7071067811865477,Normal,2023,,48656601.0,68.252,27.6,,,23.30395608,52.8625,59.7905,72.172828675
UGA,Uganda,2017,34.6,65.174,,24.00033467,40177388.0,Low income,,,40177388.0,,69.10131836,,71.0,36.489987815,17.663036866994776,-0.7071067811865476,41.76666666666667,6.312157581471911,-1.1353751192307053,65.02866666666667,0.2279064135414655,0.6376886506833574,51.7711792,,,Normal,2023,,48656601.0,68.252,27.6,,,23.30395608,52.8625,59.7905,72.172828675
UGA,Uganda,2017,34.6,65.174,,24.00033467,40177388.0,Low income,,,40177388.0,,69.10131836,,71.0,36.489987815,17.663036866994776,-0.7071067811865476,41.76666666666667,6.312157581471911,-1.1353751192307053,65.02866666666667,0.2279064135414655,0.6376886506833574,51.7711792,,,Normal,2023,,48656601.0,68.252,27.6,,,23.30395608,52.8625,59.7905,72.172828675
UGA,Uganda,2017,34.6,65.174,,24.00033467,40177388.0,Low income,,,40177388.0,,69.10131836,,71.0,36.489987815,17.663036866994776,-0.7071067811865476,41.76666666666667,6.312157581471911,-1.1353751192307053,65.02866666666667,0.2279064135414655,0.6376886506833574,51.7711792,,,Normal,2023,,48656601.0,68.252,27.6,,,23.30395608,52.8625,59.7905,72.172828675
UGA,Uganda,2017,34.6,65.174,,24.00033467,40177388.0,Low income,,,40177388.0,,69.10131836,,71.0,36.489987815,17.663036866994776,-0.7071067811865476,41.76666666666667,6.312157581471911,-1.1353751192307053,65.02866666666667,0.2279064135414655,0.6376886506833574,51.7711792,,,Normal,2023,,48656601.0,68.252,27.6,,,23.30395608,52.8625,59.7905,72.172828675
UGA,Uganda,2017,34.6,65.174,,24.00033467,40177388.0,Low income,,,40177388.0,,69.10131836,,71.0,36.489987815,17.663036866994776,-0.7071067811865476,41.76666666666667,6.312157581471911,-1.1353751192307053,65.02866666666667,0.2279064135414655,0.6376886506833574,51.7711792,,,Normal,2023,,48656601.0,68.252,27.6,,,23.30395608,52.8625,59.7905,72.172828675
UGA,Uganda,2017,34.6,65.174,,24.00033467,40177388.0,Low income,,,40177388.0,,69.10131836,,71.0,36.489987815,17.663036866994776,-0.7071067811865476,41.76666666666667,6.312157581471911,-1.1353751192307053,65.02866666666667,0.2279064135414655,0.6376886506833574,51.7711792,,,Normal,2023,,48656601.0,68.252,27.6,,,23.30395608,52.8625,59.7905,72.172828675
UGA,Uganda,2017,34.6,65.174,,24.00033467,40177388.0,Low income,,,40177388.0,,69.10131836,,71.0,36.489987815,17.663036866994776,-0.7071067811865476,41.76666666666667,6.312157581471911,-1.1353751192307053,65.02866666666667,0.2279064135414655,0.6376886506833574,51.7711792,,,Normal,2023,,48656601.0,68.252,27.6,,,23.30395608,52.8625,59.7905,72.172828675
UGA,Uganda,2017,34.6,65.174,,24.00033467,40177388.0,Low income,,,40177388.0,,69.10131836,,71.0,36.489987815,17.663036866994776,-0.7071067811865476,41.76666666666667,6.312157581471911,-1.1353751192307053,65.02866666666667,0.2279064135414655,0.6376886506833574,51.7711792,,,Normal,2023,,48656601.0,68.252,27.6,,,23.30395608,52.8625,59.7905,72.172828675
UGA,Uganda,2017,34.6,65.174,,24.00033467,40177388.0,Low income,,,40177388.0,,69.10131836,,71.0,36.489987815,17.663036866994776,-0.7071067811865476,41.76666666666667,6.312157581471911,-1.1353751192307053,65.02866666666667,0.2279064135414655,0.6376886506833574,51.7711792,,,Normal,2023,,48656601.0,68.252,27.6,,,23.30395608,52.8625,59.7905,72.172828675
UGA,Uganda,2017,34.6,65.174,,24.00033467,40177388.0,Low income,,,40177388.0,,69.10131836,,71.0,36.489987815,17.663036866994776,-0.7071067811865476,41.76666666666667,6.312157581471911,-1.1353751192307053,65.02866666666667,0.2279064135414655,0.6376886506833574,51.7711792,,,Normal,2023,,48656601.0,68.252,27.6,,,23.30395608,52.8625,59.7905,72.172828675
UGA,Uganda,2017,34.6,65.174,,24.00033467,40177388.0,Low income,,,40177388.0,,69.10131836,,71.0,36.489987815,17.663036866994776,-0.7071067811865476,41.76666666666667,6.312157581471911,-1.1353751192307053,65.02866666666667,0.2279064135414655,0.6376886506833574,51.7711792,,,Normal,2023,,48656601.0,68.252,27.6,,,23.30395608,52.8625,59.7905,72.172828675
UGA,Uganda,2017,34.6,65.174,,24.00033467,40177388.0,Low income,,,40177388.0,,69.10131836,,71.0,36.489987815,17.663036866994776,-0.7071067811865476,41.76666666666667,6.312157581471911,-1.1353751192307053,65.02866666666667,0.2279064135414655,0.6376886506833574,51.7711792,,,Normal,2023,,48656601.0,68.252,27.6,,,23.30395608,52.8625,59.7905,72.172828675
UGA,Uganda,2017,34.6,65.174,,24.00033467,40177388.0,Low income,,,40177388.0,,69.10131836,,71.0,36.489987815,17.663036866994776,-0.7071067811865476,41.76666666666667,6.312157581471911,-1.1353751192307053,65.02866666666667,0.2279064135414655,0.6376886506833574,51.7711792,,,Normal,2023,,48656601.0,68.252,27.6,,,23.30395608,52.8625,59.7905,72.172828675
UGA,Uganda,2017,34.6,65.174,,24.00033467,40177388.0,Low income,,,40177388.0,,69.10131836,,71.0,36.489987815,17.663036866994776,-0.7071067811865476,41.76666666666667,6.312157581471911,-1.1353751192307053,65.02866666666667,0.2279064135414655,0.6376886506833574,51.7711792,,,Normal,2023,,48656601.0,68.252,27.6,,,23.30395608,52.8625,59.7905,72.172828675
UGA,Uganda,2017,34.6,65.174,,24.00033467,40177388.0,Low income,,,40177388.0,,69.10131836,,71.0,36.489987815,17.663036866994776,-0.7071067811865476,41.76666666666667,6.312157581471911,-1.1353751192307053,65.02866666666667,0.2279064135414655,0.6376886506833574,51.7711792,,,Normal,2023,,48656601.0,68.252,27.6,,,23.30395608,52.8625,59.7905,72.172828675
UGA,Uganda,2017,34.6,65.174,,24.00033467,40177388.0,Low income,,,40177388.0,,69.10131836,,71.0,36.489987815,17.663036866994776,-0.7071067811865476,41.76666666666667,6.312157581471911,-1.1353751192307053,65.02866666666667,0.2279064135414655,0.6376886506833574,51.7711792,,,Normal,2023,,48656601.0,68.252,27.6,,,23.30395608,52.8625,59.7905,72.172828675
UGA,Uganda,2018,32.9,65.775,,,41565831.0,Low income,,,41565831.0,,,69.10131836,,48.36204147,,,40.23333333333333,6.503332479070506,-1.1276270061440026,65.51100000000001,0.2591447471973901,1.0187356790176705,60.6971817,,,Normal,2023,,48656601.0,68.252,27.6,,,23.30395608,52.8625,59.7905,72.172828675
UGA,Uganda,2018,32.9,65.775,,,41565831.0,Low income,,,41565831.0,,,69.10131836,,48.36204147,,,40.23333333333333,6.503332479070506,-1.1276270061440026,65.51100000000001,0.2591447471973901,1.0187356790176705,60.6971817,,,Normal,2023,,48656601.0,68.252,27.6,,,23.30395608,52.8625,59.7905,72.172828675
UGA,Uganda,2018,32.9,65.775,,,41565831.0,Low income,,,41565831.0,,,69.10131836,,48.36204147,,,40.23333333333333,6.503332479070506,-1.1276270061440026,65.51100000000001,0.2591447471973901,1.0187356790176705,60.6971817,,,Normal,2023,,48656601.0,68.252,27.6,,,23.30395608,52.8625,59.7905,72.172828675
UGA,Uganda,2018,32.9,65.775,,,41565831.0,Low income,,,41565831.0,,,69.10131836,,48.36204147,,,40.23333333333333,6.503332479070506,-1.1276270061440026,65.51100000000001,0.2591447471973901,1.0187356790176705,60.6971817,,,Normal,2023,,48656601.0,68.252,27.6,,,23.30395608,52.8625,59.7905,72.172828675
UGA,Uganda,2018,32.9,65.775,,,41565831.0,Low income,,,41565831.0,,,69.10131836,,48.36204147,,,40.23333333333333,6.503332479070506,-1.1276270061440026,65.51100000000001,0.2591447471973901,1.0187356790176705,60.6971817,,,Normal,2023,,48656601.0,68.252,27.6,,,23.30395608,52.8625,59.7905,72.172828675
UGA,Uganda,2018,32.9,65.775,,,41565831.0,Low income,,,41565831.0,,,69.10131836,,48.36204147,,,40.23333333333333,6.503332479070506,-1.1276270061440026,65.51100000000001,0.2591447471973901,1.0187356790176705,60.6971817,,,Normal,2023,,48656601.0,68.252,27.6,,,23.30395608,52.8625,59.7905,72.172828675
UGA,Uganda,2018,32.9,65.775,,,41565831.0,Low income,,,41565831.0,,,69.10131836,,48.36204147,,,40.23333333333333,6.503332479070506,-1.1276270061440026,65.51100000000001,0.2591447471973901,1.0187356790176705,60.6971817,,,Normal,2023,,48656601.0,68.252,27.6,,,23.30395608,52.8625,59.7905,72.172828675
UGA,Uganda,2018,32.9,65.775,,,41565831.0,Low income,,,41565831.0,,,69.10131836,,48.36204147,,,40.23333333333333,6.503332479070506,-1.1276270061440026,65.51100000000001,0.2591447471973901,1.0187356790176705,60.6971817,,,Normal,2023,,48656601.0,68.252,27.6,,,23.30395608,52.8625,59.7905,72.172828675
UGA,Uganda,2018,32.9,65.775,,,41565831.0,Low income,,,41565831.0,,,69.10131836,,48.36204147,,,40.23333333333333,6.503332479070506,-1.1276270061440026,65.51100000000001,0.2591447471973901,1.0187356790176705,60.6971817,,,Normal,2023,,48656601.0,68.252,27.6,,,23.30395608,52.8625,59.7905,72.172828675
UGA,Uganda,2018,32.9,65.775,,,41565831.0,Low income,,,41565831.0,,,69.10131836,,48.36204147,,,40.23333333333333,6.503332479070506,-1.1276270061440026,65.51100000000001,0.2591447471973901,1.0187356790176705,60.6971817,,,Normal,2023,,48656601.0,68.252,27.6,,,23.30395608,52.8625,59.7905,72.172828675
UGA,Uganda,2018,32.9,65.775,,,41565831.0,Low income,,,41565831.0,,,69.10131836,,48.36204147,,,40.23333333333333,6.503332479070506,-1.1276270061440026,65.51100000000001,0.2591447471973901,1.0187356790176705,60.6971817,,,Normal,2023,,48656601.0,68.252,27.6,,,23.30395608,52.8625,59.7905,72.172828675
UGA,Uganda,2018,32.9,65.775,,,41565831.0,Low income,,,41565831.0,,,69.10131836,,48.36204147,,,40.23333333333333,6.503332479070506,-1.1276270061440026,65.51100000000001,0.2591447471973901,1.0187356790176705,60.6971817,,,Normal,2023,,48656601.0,68.252,27.6,,,23.30395608,52.8625,59.7905,72.172828675
UGA,Uganda,2018,32.9,65.775,,,41565831.0,Low income,,,41565831.0,,,69.10131836,,48.36204147,,,40.23333333333333,6.503332479070506,-1.1276270061440026,65.51100000000001,0.2591447471973901,1.0187356790176705,60.6971817,,,Normal,2023,,48656601.0,68.252,27.6,,,23.30395608,52.8625,59.7905,72.172828675
UGA,Uganda,2018,32.9,65.775,,,41565831.0,Low income,,,41565831.0,,,69.10131836,,48.36204147,,,40.23333333333333,6.503332479070506,-1.1276270061440026,65.51100000000001,0.2591447471973901,1.0187356790176705,60.6971817,,,Normal,2023,,48656601.0,68.252,27.6,,,23.30395608,52.8625,59.7905,72.172828675
UGA,Uganda,2018,32.9,65.775,,,41565831.0,Low income,,,41565831.0,,,69.10131836,,48.36204147,,,40.23333333333333,6.503332479070506,-1.1276270061440026,65.51100000000001,0.2591447471973901,1.0187356790176705,60.6971817,,,Normal,2023,,48656601.0,68.252,27.6,,,23.30395608,52.8625,59.7905,72.172828675
UGA,Uganda,2018,32.9,65.775,,,41565831.0,Low income,,,41565831.0,,,69.10131836,,48.36204147,,,40.23333333333333,6.503332479070506,-1.1276270061440026,65.51100000000001,0.2591447471973901,1.0187356790176705,60.6971817,,,Normal,2023,,48656601.0,68.252,27.6,,,23.30395608,52.8625,59.7905,72.172828675
UGA,Uganda,2019,31.7,66.354,,,42999637.0,Low income,,,42999637.0,,,,69.10131836,,,,38.9,6.413267497929585,-1.122672647339971,65.966,0.33744481030237106,1.1498176535959574,,,,Normal,2023,,48656601.0,68.252,27.6,,,23.30395608,52.8625,59.7905,72.172828675
UGA,Uganda,2019,31.7,66.354,,,42999637.0,Low income,,,42999637.0,,,,69.10131836,,,,38.9,6.413267497929585,-1.122672647339971,65.966,0.33744481030237106,1.1498176535959574,,,,Normal,2023,,48656601.0,68.252,27.6,,,23.30395608,52.8625,59.7905,72.172828675
UGA,Uganda,2019,31.7,66.354,,,42999637.0,Low income,,,42999637.0,,,,69.10131836,,,,38.9,6.413267497929585,-1.122672647339971,65.966,0.33744481030237106,1.1498176535959574,,,,Normal,2023,,48656601.0,68.252,27.6,,,23.30395608,52.8625,59.7905,72.172828675
UGA,Uganda,2019,31.7,66.354,,,42999637.0,Low income,,,42999637.0,,,,69.10131836,,,,38.9,6.413267497929585,-1.122672647339971,65.966,0.33744481030237106,1.1498176535959574,,,,Normal,2023,,48656601.0,68.252,27.6,,,23.30395608,52.8625,59.7905,72.172828675
UGA,Uganda,2019,31.7,66.354,,,42999637.0,Low income,,,42999637.0,,,,69.10131836,,,,38.9,6.413267497929585,-1.122672647339971,65.966,0.33744481030237106,1.1498176535959574,,,,Normal,2023,,48656601.0,68.252,27.6,,,23.30395608,52.8625,59.7905,72.172828675
UGA,Uganda,2019,31.7,66.354,,,42999637.0,Low income,,,42999637.0,,,,69.10131836,,,,38.9,6.413267497929585,-1.122672647339971,65.966,0.33744481030237106,1.1498176535959574,,,,Normal,2023,,48656601.0,68.252,27.6,,,23.30395608,52.8625,59.7905,72.172828675
UGA,Uganda,2019,31.7,66.354,,,42999637.0,Low income,,,42999637.0,,,,69.10131836,,,,38.9,6.413267497929585,-1.122672647339971,65.966,0.33744481030237106,1.1498176535959574,,,,Normal,2023,,48656601.0,68.252,27.6,,,23.30395608,52.8625,59.7905,72.172828675
UGA,Uganda,2019,31.7,66.354,,,42999637.0,Low income,,,42999637.0,,,,69.10131836,,,,38.9,6.413267497929585,-1.122672647339971,65.966,0.33744481030237106,1.1498176535959574,,,,Normal,2023,,48656601.0,68.252,27.6,,,23.30395608,52.8625,59.7905,72.172828675
UGA,Uganda,2019,31.7,66.354,,,42999637.0,Low income,,,42999637.0,,,,69.10131836,,,,38.9,6.413267497929585,-1.122672647339971,65.966,0.33744481030237106,1.1498176535959574,,,,Normal,2023,,48656601.0,68.252,27.6,,,23.30395608,52.8625,59.7905,72.172828675
UGA,Uganda,2019,31.7,66.354,,,42999637.0,Low income,,,42999637.0,,,,69.10131836,,,,38.9,6.413267497929585,-1.122672647339971,65.966,0.33744481030237106,1.1498176535959574,,,,Normal,2023,,48656601.0,68.252,27.6,,,23.30395608,52.8625,59.7905,72.172828675
UGA,Uganda,2019,31.7,66.354,,,42999637.0,Low income,,,42999637.0,,,,69.10131836,,,,38.9,6.413267497929585,-1.122672647339971,65.966,0.33744481030237106,1.1498176535959574,,,,Normal,2023,,48656601.0,68.252,27.6,,,23.30395608,52.8625,59.7905,72.172828675
UGA,Uganda,2019,31.7,66.354,,,42999637.0,Low income,,,42999637.0,,,,69.10131836,,,,38.9,6.413267497929585,-1.122672647339971,65.966,0.33744481030237106,1.1498176535959574,,,,Normal,2023,,48656601.0,68.252,27.6,,,23.30395608,52.8625,59.7905,72.172828675
UGA,Uganda,2019,31.7,66.354,,,42999637.0,Low income,,,42999637.0,,,,69.10131836,,,,38.9,6.413267497929585,-1.122672647339971,65.966,0.33744481030237106,1.1498176535959574,,,,Normal,2023,,48656601.0,68.252,27.6,,,23.30395608,52.8625,59.7905,72.172828675
UGA,Uganda,2019,31.7,66.354,,,42999637.0,Low income,,,42999637.0,,,,69.10131836,,,,38.9,6.413267497929585,-1.122672647339971,65.966,0.33744481030237106,1.1498176535959574,,,,Normal,2023,,48656601.0,68.252,27.6,,,23.30395608,52.8625,59.7905,72.172828675
UGA,Uganda,2019,31.7,66.354,,,42999637.0,Low income,,,42999637.0,,,,69.10131836,,,,38.9,6.413267497929585,-1.122672647339971,65.966,0.33744481030237106,1.1498176535959574,,,,Normal,2023,,48656601.0,68.252,27.6,,,23.30395608,52.8625,59.7905,72.172828675
UGA,Uganda,2019,31.7,66.354,,,42999637.0,Low income,,,42999637.0,,,,69.10131836,,,,38.9,6.413267497929585,-1.122672647339971,65.966,0.33744481030237106,1.1498176535959574,,,,Normal,2023,,48656601.0,68.252,27.6,,,23.30395608,52.8625,59.7905,72.172828675
UGA,Uganda,2020,30.6,66.41,,,44457152.0,Low income,,,44457152.0,,,,,,,,37.666666666666664,6.3256093250637395,-1.1171519301178874,65.83433333333333,0.6534908823643463,0.8809100206324025,,,,Normal,2023,,48656601.0,68.252,27.6,,,23.30395608,52.8625,59.7905,72.172828675
UGA,Uganda,2020,30.6,66.41,,,44457152.0,Low income,,,44457152.0,,,,,,,,37.666666666666664,6.3256093250637395,-1.1171519301178874,65.83433333333333,0.6534908823643463,0.8809100206324025,,,,Normal,2023,,48656601.0,68.252,27.6,,,23.30395608,52.8625,59.7905,72.172828675
UGA,Uganda,2020,30.6,66.41,,,44457152.0,Low income,,,44457152.0,,,,,,,,37.666666666666664,6.3256093250637395,-1.1171519301178874,65.83433333333333,0.6534908823643463,0.8809100206324025,,,,Normal,2023,,48656601.0,68.252,27.6,,,23.30395608,52.8625,59.7905,72.172828675
UGA,Uganda,2020,30.6,66.41,,,44457152.0,Low income,,,44457152.0,,,,,,,,37.666666666666664,6.3256093250637395,-1.1171519301178874,65.83433333333333,0.6534908823643463,0.8809100206324025,,,,Normal,2023,,48656601.0,68.252,27.6,,,23.30395608,52.8625,59.7905,72.172828675
UGA,Uganda,2020,30.6,66.41,,,44457152.0,Low income,,,44457152.0,,,,,,,,37.666666666666664,6.3256093250637395,-1.1171519301178874,65.83433333333333,0.6534908823643463,0.8809100206324025,,,,Normal,2023,,48656601.0,68.252,27.6,,,23.30395608,52.8625,59.7905,72.172828675
UGA,Uganda,2020,30.6,66.41,,,44457152.0,Low income,,,44457152.0,,,,,,,,37.666666666666664,6.3256093250637395,-1.1171519301178874,65.83433333333333,0.6534908823643463,0.8809100206324025,,,,Normal,2023,,48656601.0,68.252,27.6,,,23.30395608,52.8625,59.7905,72.172828675
UGA,Uganda,2020,30.6,66.41,,,44457152.0,Low income,,,44457152.0,,,,,,,,37.666666666666664,6.3256093250637395,-1.1171519301178874,65.83433333333333,0.6534908823643463,0.8809100206324025,,,,Normal,2023,,48656601.0,68.252,27.6,,,23.30395608,52.8625,59.7905,72.172828675
UGA,Uganda,2020,30.6,66.41,,,44457152.0,Low income,,,44457152.0,,,,,,,,37.666666666666664,6.3256093250637395,-1.1171519301178874,65.83433333333333,0.6534908823643463,0.8809100206324025,,,,Normal,2023,,48656601.0,68.252,27.6,,,23.30395608,52.8625,59.7905,72.172828675
UGA,Uganda,2020,30.6,66.41,,,44457152.0,Low income,,,44457152.0,,,,,,,,37.666666666666664,6.3256093250637395,-1.1171519301178874,65.83433333333333,0.6534908823643463,0.8809100206324025,,,,Normal,2023,,48656601.0,68.252,27.6,,,23.30395608,52.8625,59.7905,72.172828675
UGA,Uganda,2020,30.6,66.41,,,44457152.0,Low income,,,44457152.0,,,,,,,,37.666666666666664,6.3256093250637395,-1.1171519301178874,65.83433333333333,0.6534908823643463,0.8809100206324025,,,,Normal,2023,,48656601.0,68.252,27.6,,,23.30395608,52.8625,59.7905,72.172828675
UGA,Uganda,2020,30.6,66.41,,,44457152.0,Low income,,,44457152.0,,,,,,,,37.666666666666664,6.3256093250637395,-1.1171519301178874,65.83433333333333,0.6534908823643463,0.8809100206324025,,,,Normal,2023,,48656601.0,68.252,27.6,,,23.30395608,52.8625,59.7905,72.172828675
UGA,Uganda,2020,30.6,66.41,,,44457152.0,Low income,,,44457152.0,,,,,,,,37.666666666666664,6.3256093250637395,-1.1171519301178874,65.83433333333333,0.6534908823643463,0.8809100206324025,,,,Normal,2023,,48656601.0,68.252,27.6,,,23.30395608,52.8625,59.7905,72.172828675
UGA,Uganda,2020,30.6,66.41,,,44457152.0,Low income,,,44457152.0,,,,,,,,37.666666666666664,6.3256093250637395,-1.1171519301178874,65.83433333333333,0.6534908823643463,0.8809100206324025,,,,Normal,2023,,48656601.0,68.252,27.6,,,23.30395608,52.8625,59.7905,72.172828675
UGA,Uganda,2020,30.6,66.41,,,44457152.0,Low income,,,44457152.0,,,,,,,,37.666666666666664,6.3256093250637395,-1.1171519301178874,65.83433333333333,0.6534908823643463,0.8809100206324025,,,,Normal,2023,,48656601.0,68.252,27.6,,,23.30395608,52.8625,59.7905,72.172828675
UGA,Uganda,2020,30.6,66.41,,,44457152.0,Low income,,,44457152.0,,,,,,,,37.666666666666664,6.3256093250637395,-1.1171519301178874,65.83433333333333,0.6534908823643463,0.8809100206324025,,,,Normal,2023,,48656601.0,68.252,27.6,,,23.30395608,52.8625,59.7905,72.172828675
UGA,Uganda,2020,30.6,66.41,,,44457152.0,Low income,,,44457152.0,,,,,,,,37.666666666666664,6.3256093250637395,-1.1171519301178874,65.83433333333333,0.6534908823643463,0.8809100206324025,,,,Normal,2023,,48656601.0,68.252,27.6,,,23.30395608,52.8625,59.7905,72.172828675
UGA,Uganda,2021,29.5,66.45,,,45910930.0,Low income,,,45910930.0,,,,,,,,36.46666666666667,6.254864773385061,-1.1137997253450433,65.41333333333334,0.997613819738553,1.0391462569537613,,,,Normal,2023,,48656601.0,68.252,27.6,,,23.30395608,52.8625,59.7905,72.172828675
UGA,Uganda,2021,29.5,66.45,,,45910930.0,Low income,,,45910930.0,,,,,,,,36.46666666666667,6.254864773385061,-1.1137997253450433,65.41333333333334,0.997613819738553,1.0391462569537613,,,,Normal,2023,,48656601.0,68.252,27.6,,,23.30395608,52.8625,59.7905,72.172828675
UGA,Uganda,2021,29.5,66.45,,,45910930.0,Low income,,,45910930.0,,,,,,,,36.46666666666667,6.254864773385061,-1.1137997253450433,65.41333333333334,0.997613819738553,1.0391462569537613,,,,Normal,2023,,48656601.0,68.252,27.6,,,23.30395608,52.8625,59.7905,72.172828675
UGA,Uganda,2021,29.5,66.45,,,45910930.0,Low income,,,45910930.0,,,,,,,,36.46666666666667,6.254864773385061,-1.1137997253450433,65.41333333333334,0.997613819738553,1.0391462569537613,,,,Normal,2023,,48656601.0,68.252,27.6,,,23.30395608,52.8625,59.7905,72.172828675
UGA,Uganda,2021,29.5,66.45,,,45910930.0,Low income,,,45910930.0,,,,,,,,36.46666666666667,6.254864773385061,-1.1137997253450433,65.41333333333334,0.997613819738553,1.0391462569537613,,,,Normal,2023,,48656601.0,68.252,27.6,,,23.30395608,52.8625,59.7905,72.172828675
UGA,Uganda,2021,29.5,66.45,,,45910930.0,Low income,,,45910930.0,,,,,,,,36.46666666666667,6.254864773385061,-1.1137997253450433,65.41333333333334,0.997613819738553,1.0391462569537613,,,,Normal,2023,,48656601.0,68.252,27.6,,,23.30395608,52.8625,59.7905,72.172828675
UGA,Uganda,2021,29.5,66.45,,,45910930.0,Low income,,,45910930.0,,,,,,,,36.46666666666667,6.254864773385061,-1.1137997253450433,65.41333333333334,0.997613819738553,1.0391462569537613,,,,Normal,2023,,48656601.0,68.252,27.6,,,23.30395608,52.8625,59.7905,72.172828675
UGA,Uganda,2021,29.5,66.45,,,45910930.0,Low income,,,45910930.0,,,,,,,,36.46666666666667,6.254864773385061,-1.1137997253450433,65.41333333333334,0.997613819738553,1.0391462569537613,,,,Normal,2023,,48656601.0,68.252,27.6,,,23.30395608,52.8625,59.7905,72.172828675
UGA,Uganda,2021,29.5,66.45,,,45910930.0,Low income,,,45910930.0,,,,,,,,36.46666666666667,6.254864773385061,-1.1137997253450433,65.41333333333334,0.997613819738553,1.0391462569537613,,,,Normal,2023,,48656601.0,68.252,27.6,,,23.30395608,52.8625,59.7905,72.172828675
UGA,Uganda,2021,29.5,66.45,,,45910930.0,Low income,,,45910930.0,,,,,,,,36.46666666666667,6.254864773385061,-1.1137997253450433,65.41333333333334,0.997613819738553,1.0391462569537613,,,,Normal,2023,,48656601.0,68.252,27.6,,,23.30395608,52.8625,59.7905,72.172828675
UGA,Uganda,2021,29.5,66.45,,,45910930.0,Low income,,,45910930.0,,,,,,,,36.46666666666667,6.254864773385061,-1.1137997253450433,65.41333333333334,0.997613819738553,1.0391462569537613,,,,Normal,2023,,48656601.0,68.252,27.6,,,23.30395608,52.8625,59.7905,72.172828675
UGA,Uganda,2021,29.5,66.45,,,45910930.0,Low income,,,45910930.0,,,,,,,,36.46666666666667,6.254864773385061,-1.1137997253450433,65.41333333333334,0.997613819738553,1.0391462569537613,,,,Normal,2023,,48656601.0,68.252,27.6,,,23.30395608,52.8625,59.7905,72.172828675
UGA,Uganda,2021,29.5,66.45,,,45910930.0,Low income,,,45910930.0,,,,,,,,36.46666666666667,6.254864773385061,-1.1137997253450433,65.41333333333334,0.997613819738553,1.0391462569537613,,,,Normal,2023,,48656601.0,68.252,27.6,,,23.30395608,52.8625,59.7905,72.172828675
UGA,Uganda,2021,29.5,66.45,,,45910930.0,Low income,,,45910930.0,,,,,,,,36.46666666666667,6.254864773385061,-1.1137997253450433,65.41333333333334,0.997613819738553,1.0391462569537613,,,,Normal,2023,,48656601.0,68.252,27.6,,,23.30395608,52.8625,59.7905,72.172828675
UGA,Uganda,2021,29.5,66.45,,,45910930.0,Low income,,,45910930.0,,,,,,,,36.46666666666667,6.254864773385061,-1.1137997253450433,65.41333333333334,0.997613819738553,1.0391462569537613,,,,Normal,2023,,48656601.0,68.252,27.6,,,23.30395608,52.8625,59.7905,72.172828675
UGA,Uganda,2021,29.5,66.45,,,45910930.0,Low income,,,45910930.0,,,,,,,,36.46666666666667,6.254864773385061,-1.1137997253450433,65.41333333333334,0.997613819738553,1.0391462569537613,,,,Normal,2023,,48656601.0,68.252,27.6,,,23.30395608,52.8625,59.7905,72.172828675
UGA,Uganda,2022,28.7,67.675,80.58999634,,47312719.0,Low income,,,47312719.0,,,,,,,,35.333333333333336,5.976899976855336,-1.109828399173475,66.75566666666667,0.9975376350460889,0.9216026554134485,80.58999634,,,Normal,2023,,48656601.0,68.252,27.6,,,23.30395608,52.8625,59.7905,72.172828675
UGA,Uganda,2022,28.7,67.675,80.58999634,,47312719.0,Low income,,,47312719.0,,,,,,,,35.333333333333336,5.976899976855336,-1.109828399173475,66.75566666666667,0.9975376350460889,0.9216026554134485,80.58999634,,,Normal,2023,,48656601.0,68.252,27.6,,,23.30395608,52.8625,59.7905,72.172828675
UGA,Uganda,2022,28.7,67.675,80.58999634,,47312719.0,Low income,,,47312719.0,,,,,,,,35.333333333333336,5.976899976855336,-1.109828399173475,66.75566666666667,0.9975376350460889,0.9216026554134485,80.58999634,,,Normal,2023,,48656601.0,68.252,27.6,,,23.30395608,52.8625,59.7905,72.172828675
UGA,Uganda,2022,28.7,67.675,80.58999634,,47312719.0,Low income,,,47312719.0,,,,,,,,35.333333333333336,5.976899976855336,-1.109828399173475,66.75566666666667,0.9975376350460889,0.9216026554134485,80.58999634,,,Normal,2023,,48656601.0,68.252,27.6,,,23.30395608,52.8625,59.7905,72.172828675
UGA,Uganda,2022,28.7,67.675,80.58999634,,47312719.0,Low income,,,47312719.0,,,,,,,,35.333333333333336,5.976899976855336,-1.109828399173475,66.75566666666667,0.9975376350460889,0.9216026554134485,80.58999634,,,Normal,2023,,48656601.0,68.252,27.6,,,23.30395608,52.8625,59.7905,72.172828675
UGA,Uganda,2022,28.7,67.675,80.58999634,,47312719.0,Low income,,,47312719.0,,,,,,,,35.333333333333336,5.976899976855336,-1.109828399173475,66.75566666666667,0.9975376350460889,0.9216026554134485,80.58999634,,,Normal,2023,,48656601.0,68.252,27.6,,,23.30395608,52.8625,59.7905,72.172828675
UGA,Uganda,2022,28.7,67.675,80.58999634,,47312719.0,Low income,,,47312719.0,,,,,,,,35.333333333333336,5.976899976855336,-1.109828399173475,66.75566666666667,0.9975376350460889,0.9216026554134485,80.58999634,,,Normal,2023,,48656601.0,68.252,27.6,,,23.30395608,52.8625,59.7905,72.172828675
UGA,Uganda,2022,28.7,67.675,80.58999634,,47312719.0,Low income,,,47312719.0,,,,,,,,35.333333333333336,5.976899976855336,-1.109828399173475,66.75566666666667,0.9975376350460889,0.9216026554134485,80.58999634,,,Normal,2023,,48656601.0,68.252,27.6,,,23.30395608,52.8625,59.7905,72.172828675
UGA,Uganda,2022,28.7,67.675,80.58999634,,47312719.0,Low income,,,47312719.0,,,,,,,,35.333333333333336,5.976899976855336,-1.109828399173475,66.75566666666667,0.9975376350460889,0.9216026554134485,80.58999634,,,Normal,2023,,48656601.0,68.252,27.6,,,23.30395608,52.8625,59.7905,72.172828675
UGA,Uganda,2022,28.7,67.675,80.58999634,,47312719.0,Low income,,,47312719.0,,,,,,,,35.333333333333336,5.976899976855336,-1.109828399173475,66.75566666666667,0.9975376350460889,0.9216026554134485,80.58999634,,,Normal,2023,,48656601.0,68.252,27.6,,,23.30395608,52.8625,59.7905,72.172828675
UGA,Uganda,2022,28.7,67.675,80.58999634,,47312719.0,Low income,,,47312719.0,,,,,,,,35.333333333333336,5.976899976855336,-1.109828399173475,66.75566666666667,0.9975376350460889,0.9216026554134485,80.58999634,,,Normal,2023,,48656601.0,68.252,27.6,,,23.30395608,52.8625,59.7905,72.172828675
UGA,Uganda,2022,28.7,67.675,80.58999634,,47312719.0,Low income,,,47312719.0,,,,,,,,35.333333333333336,5.976899976855336,-1.109828399173475,66.75566666666667,0.9975376350460889,0.9216026554134485,80.58999634,,,Normal,2023,,48656601.0,68.252,27.6,,,23.30395608,52.8625,59.7905,72.172828675
UGA,Uganda,2022,28.7,67.675,80.58999634,,47312719.0,Low income,,,47312719.0,,,,,,,,35.333333333333336,5.976899976855336,-1.109828399173475,66.75566666666667,0.9975376350460889,0.9216026554134485,80.58999634,,,Normal,2023,,48656601.0,68.252,27.6,,,23.30395608,52.8625,59.7905,72.172828675
UGA,Uganda,2022,28.7,67.675,80.58999634,,47312719.0,Low income,,,47312719.0,,,,,,,,35.333333333333336,5.976899976855336,-1.109828399173475,66.75566666666667,0.9975376350460889,0.9216026554134485,80.58999634,,,Normal,2023,,48656601.0,68.252,27.6,,,23.30395608,52.8625,59.7905,72.172828675
UGA,Uganda,2022,28.7,67.675,80.58999634,,47312719.0,Low income,,,47312719.0,,,,,,,,35.333333333333336,5.976899976855336,-1.109828399173475,66.75566666666667,0.9975376350460889,0.9216026554134485,80.58999634,,,Normal,2023,,48656601.0,68.252,27.6,,,23.30395608,52.8625,59.7905,72.172828675
UGA,Uganda,2022,28.7,67.675,80.58999634,,47312719.0,Low income,,,47312719.0,,,,,,,,35.333333333333336,5.976899976855336,-1.109828399173475,66.75566666666667,0.9975376350460889,0.9216026554134485,80.58999634,,,Normal,2023,,48656601.0,68.252,27.6,,,23.30395608,52.8625,59.7905,72.172828675
UGA,Uganda,2023,27.6,68.252,,,48656601.0,Low income,,,48656601.0,,80.58999634,,,,,,34.166666666666664,5.950070027599117,-1.1036284675991193,67.29933333333334,0.9605958220465685,0.9917455862310366,,,,Normal,2023,,48656601.0,68.252,27.6,,,23.30395608,52.8625,59.7905,72.172828675
UGA,Uganda,2023,27.6,68.252,,,48656601.0,Low income,,,48656601.0,,80.58999634,,,,,,34.166666666666664,5.950070027599117,-1.1036284675991193,67.29933333333334,0.9605958220465685,0.9917455862310366,,,,Normal,2023,,48656601.0,68.252,27.6,,,23.30395608,52.8625,59.7905,72.172828675
UGA,Uganda,2023,27.6,68.252,,,48656601.0,Low income,,,48656601.0,,80.58999634,,,,,,34.166666666666664,5.950070027599117,-1.1036284675991193,67.29933333333334,0.9605958220465685,0.9917455862310366,,,,Normal,2023,,48656601.0,68.252,27.6,,,23.30395608,52.8625,59.7905,72.172828675
UGA,Uganda,2023,27.6,68.252,,,48656601.0,Low income,,,48656601.0,,80.58999634,,,,,,34.166666666666664,5.950070027599117,-1.1036284675991193,67.29933333333334,0.9605958220465685,0.9917455862310366,,,,Normal,2023,,48656601.0,68.252,27.6,,,23.30395608,52.8625,59.7905,72.172828675
UGA,Uganda,2023,27.6,68.252,,,48656601.0,Low income,,,48656601.0,,80.58999634,,,,,,34.166666666666664,5.950070027599117,-1.1036284675991193,67.29933333333334,0.9605958220465685,0.9917455862310366,,,,Normal,2023,,48656601.0,68.252,27.6,,,23.30395608,52.8625,59.7905,72.172828675
UGA,Uganda,2023,27.6,68.252,,,48656601.0,Low income,,,48656601.0,,80.58999634,,,,,,34.166666666666664,5.950070027599117,-1.1036284675991193,67.29933333333334,0.9605958220465685,0.9917455862310366,,,,Normal,2023,,48656601.0,68.252,27.6,,,23.30395608,52.8625,59.7905,72.172828675
UGA,Uganda,2023,27.6,68.252,,,48656601.0,Low income,,,48656601.0,,80.58999634,,,,,,34.166666666666664,5.950070027599117,-1.1036284675991193,67.29933333333334,0.9605958220465685,0.9917455862310366,,,,Normal,2023,,48656601.0,68.252,27.6,,,23.30395608,52.8625,59.7905,72.172828675
UGA,Uganda,2023,27.6,68.252,,,48656601.0,Low income,,,48656601.0,,80.58999634,,,,,,34.166666666666664,5.950070027599117,-1.1036284675991193,67.29933333333334,0.9605958220465685,0.9917455862310366,,,,Normal,2023,,48656601.0,68.252,27.6,,,23.30395608,52.8625,59.7905,72.172828675
UGA,Uganda,2023,27.6,68.252,,,48656601.0,Low income,,,48656601.0,,80.58999634,,,,,,34.166666666666664,5.950070027599117,-1.1036284675991193,67.29933333333334,0.9605958220465685,0.9917455862310366,,,,Normal,2023,,48656601.0,68.252,27.6,,,23.30395608,52.8625,59.7905,72.172828675
UGA,Uganda,2023,27.6,68.252,,,48656601.0,Low income,,,48656601.0,,80.58999634,,,,,,34.166666666666664,5.950070027599117,-1.1036284675991193,67.29933333333334,0.9605958220465685,0.9917455862310366,,,,Normal,2023,,48656601.0,68.252,27.6,,,23.30395608,52.8625,59.7905,72.172828675
UGA,Uganda,2023,27.6,68.252,,,48656601.0,Low income,,,48656601.0,,80.58999634,,,,,,34.166666666666664,5.950070027599117,-1.1036284675991193,67.29933333333334,0.9605958220465685,0.9917455862310366,,,,Normal,2023,,48656601.0,68.252,27.6,,,23.30395608,52.8625,59.7905,72.172828675
UGA,Uganda,2023,27.6,68.252,,,48656601.0,Low income,,,48656601.0,,80.58999634,,,,,,34.166666666666664,5.950070027599117,-1.1036284675991193,67.29933333333334,0.9605958220465685,0.9917455862310366,,,,Normal,2023,,48656601.0,68.252,27.6,,,23.30395608,52.8625,59.7905,72.172828675
UGA,Uganda,2023,27.6,68.252,,,48656601.0,Low income,,,48656601.0,,80.58999634,,,,,,34.166666666666664,5.950070027599117,-1.1036284675991193,67.29933333333334,0.9605958220465685,0.9917455862310366,,,,Normal,2023,,48656601.0,68.252,27.6,,,23.30395608,52.8625,59.7905,72.172828675
UGA,Uganda,2023,27.6,68.252,,,48656601.0,Low income,,,48656601.0,,80.58999634,,,,,,34.166666666666664,5.950070027599117,-1.1036284675991193,67.29933333333334,0.9605958220465685,0.9917455862310366,,,,Normal,2023,,48656601.0,68.252,27.6,,,23.30395608,52.8625,59.7905,72.172828675
UGA,Uganda,2023,27.6,68.252,,,48656601.0,Low income,,,48656601.0,,80.58999634,,,,,,34.166666666666664,5.950070027599117,-1.1036284675991193,67.29933333333334,0.9605958220465685,0.9917455862310366,,,,Normal,2023,,48656601.0,68.252,27.6,,,23.30395608,52.8625,59.7905,72.172828675
UGA,Uganda,2023,27.6,68.252,,,48656601.0,Low income,,,48656601.0,,80.58999634,,,,,,34.166666666666664,5.950070027599117,-1.1036284675991193,67.29933333333334,0.9605958220465685,0.9917455862310366,,,,Normal,2023,,48656601.0,68.252,27.6,,,23.30395608,52.8625,59.7905,72.172828675
